-2 59 0 1 2 3 4 5 6 7 8 9 10 11 12 13 14 15 16 17 18 19 20 21 22 23 24 25 26 27 28 29 30 31 32 33 34 35 36 37 38 39 40 41 42 43 44 45 46 47 48 49 50 51 52 53 54 55 56 57 58 59 60 61 62 63 64 65 66 67 68 69 70 71 72 73 74 75 76 77 78 79 80 81 82 83 84 85 86 87 88 89 90 91 92 93 94 95 96 97 98 99 100 101 102 103 104 105 106 107 108 109 110 111 112 113 114 115 116 117 118 119 120 121 122 123 124 125 126 127 128 129 130 131 132 133 134 135 136 137 138 139 140 141 142 143 144 145 146 147 148 149 150 151 152 153 154 155 156 157 158 159 160 161 162 163 164 165 166 167 168 169 170 171 172 173 174 175 176 177 178 179 180 181 182 183 184 185 186 187 188 189 190 191 192 193 194 195 196 197 198 199 200 201 202 203 204 205 206 207 208 209 210 211 212 213 214 215 216 217 218 219 220 221 222 223 224 225 226 227 228 229 230 231 232 233 234 235 236 237 238 239 240 241 242 243 244 245 246 247 248 249 250 251 252 253 254 255 256 257 258 259 260 261 262 263 264 265 266 267 268 269 270 271 272 273 274 275 276 277 278 279 280 281 282 283 284 285 286 287 288 289 290 291 292 293 294 295 296 297 298 299 300 301 302 303 304 305 306 307 308 309 310 311 312 313 314 315 316 317 318 319 320 321 322 323 324 325 326 327 328 329 330 331 332 333 334 335 336 337 338 339 340 341 342 -1
-2 60 0 1 2 3 4 5 6 7 8 9 10 11 12 13 14 15 16 17 18 19 20 21 22 23 24 25 26 27 28 29 30 31 32 33 34 35 36 37 38 39 40 41 42 43 44 45 46 47 48 49 50 51 52 53 54 55 56 57 58 59 60 61 62 63 64 65 66 67 68 69 70 71 72 73 74 75 76 77 78 79 80 81 82 83 84 85 86 87 88 89 90 91 92 93 94 95 96 97 98 99 100 101 102 103 104 105 106 107 108 109 110 111 112 113 114 115 116 117 118 119 120 121 122 123 124 125 126 127 128 129 130 131 132 133 134 135 136 137 138 139 140 141 142 143 144 145 146 147 148 149 150 151 152 153 154 155 156 157 158 159 160 161 162 163 164 165 166 167 168 169 170 171 172 173 174 175 176 177 178 179 180 181 182 183 184 185 186 187 188 189 190 191 192 193 194 195 196 197 198 199 200 201 202 203 204 205 206 207 208 209 210 211 212 213 214 215 216 217 218 219 220 221 222 223 224 225 226 227 228 229 230 231 232 233 234 235 236 237 238 239 240 241 242 243 244 245 246 247 248 249 250 251 252 253 254 255 256 257 258 259 260 261 262 263 264 265 266 267 268 269 270 271 272 273 274 275 276 277 278 279 280 281 282 283 284 285 286 287 288 289 290 291 292 293 294 295 296 297 298 299 300 301 302 303 304 305 306 307 308 309 310 311 312 313 314 315 316 317 318 319 320 321 322 323 324 325 326 327 328 329 330 331 332 333 334 335 336 337 338 339 340 341 342 -1
-1 58 0 1 2 3 4 5 6 7 8 9 10 11 12 13 14 15 16 17 18 19 20 21 22 23 24 25 26 27 28 29 30 31 32 33 34 35 36 37 38 39 40 41 42 43 44 45 46 47 48 49 50 51 52 53 54 55 56 57 58 59 60 61 62 63 64 65 66 67 68 69 70 71 72 73 74 75 76 77 78 79 80 81 82 83 84 85 86 87 88 89 90 91 92 93 94 95 96 97 98 99 100 101 102 103 104 105 106 107 108 109 110 111 112 113 114 115 116 117 118 119 120 121 122 123 124 125 126 127 128 129 130 131 132 133 134 135 136 137 138 139 140 141 142 143 144 145 146 147 148 149 150 151 152 153 154 155 156 157 158 159 160 161 162 163 164 165 166 167 168 169 170 171 172 173 174 175 176 177 178 179 180 181 182 183 184 185 186 187 188 189 190 191 192 193 194 195 196 197 198 199 200 201 202 203 204 205 206 207 208 209 210 211 212 213 214 215 216 217 218 219 220 221 222 223 224 225 226 227 228 229 230 231 232 233 234 235 236 237 238 239 240 241 242 243 244 245 246 247 248 249 250 251 252 253 254 255 256 257 258 259 260 261 262 263 264 265 266 267 268 269 270 271 272 273 274 275 276 277 278 279 280 281 282 283 284 285 286 287 288 289 290 291 292 293 294 295 296 297 298 299 300 301 302 303 304 305 306 307 308 309 310 311 312 313 314 315 316 317 318 319 320 321 322 323 324 325 326 327 328 329 330 331 332 333 334 335 336 337 338 339 340 341 342 -1
-1 59 0 1 2 3 4 5 6 7 8 9 10 11 12 13 14 15 16 17 18 19 20 21 22 23 24 25 26 27 28 29 30 31 32 33 34 35 36 37 38 39 40 41 42 43 44 45 46 47 48 49 50 51 52 53 54 55 56 57 58 59 60 61 62 63 64 65 66 67 68 69 70 71 72 73 74 75 76 77 78 79 80 81 82 83 84 85 86 87 88 89 90 91 92 93 94 95 96 97 98 99 100 101 102 103 104 105 106 107 108 109 110 111 112 113 114 115 116 117 118 119 120 121 122 123 124 125 126 127 128 129 130 131 132 133 134 135 136 137 138 139 140 141 142 143 144 145 146 147 148 149 150 151 152 153 154 155 156 157 158 159 160 161 162 163 164 165 166 167 168 169 170 171 172 173 174 175 176 177 178 179 180 181 182 183 184 185 186 187 188 189 190 191 192 193 194 195 196 197 198 199 200 201 202 203 204 205 206 207 208 209 210 211 212 213 214 215 216 217 218 219 220 221 222 223 224 225 226 227 228 229 230 231 232 233 234 235 236 237 238 239 240 241 242 243 244 245 246 247 248 249 250 251 252 253 254 255 256 257 258 259 260 261 262 263 264 265 266 267 268 269 270 271 272 273 274 275 276 277 278 279 280 281 282 283 284 285 286 287 288 289 290 291 292 293 294 295 296 297 298 299 300 301 302 303 304 305 306 307 308 309 310 311 312 313 314 315 316 317 318 319 320 321 322 323 324 325 326 327 328 329 330 331 332 333 334 335 336 337 338 339 340 341 342 -1
-1 60 0 1 2 3 4 5 6 7 8 9 10 11 12 13 14 15 16 17 18 19 20 21 22 23 24 25 26 27 28 29 30 31 32 33 34 35 36 37 38 39 40 41 42 43 44 45 46 47 48 49 50 51 52 53 54 55 56 57 58 59 60 61 62 63 64 65 66 67 68 69 70 71 72 73 74 75 76 77 78 79 80 81 82 83 84 85 86 87 88 89 90 91 92 93 94 95 96 97 98 99 100 101 102 103 104 105 106 107 108 109 110 111 112 113 114 115 116 117 118 119 120 121 122 123 124 125 126 127 128 129 130 131 132 133 134 135 136 137 138 139 140 141 142 143 144 145 146 147 148 149 150 151 152 153 154 155 156 157 158 159 160 161 162 163 164 165 166 167 168 169 170 171 172 173 174 175 176 177 178 179 180 181 182 183 184 185 186 187 188 189 190 191 192 193 194 195 196 197 198 199 200 201 202 203 204 205 206 207 208 209 210 211 212 213 214 215 216 217 218 219 220 221 222 223 224 225 226 227 228 229 230 231 232 233 234 235 236 237 238 239 240 241 242 243 244 245 246 247 248 249 250 251 252 253 254 255 256 257 258 259 260 261 262 263 264 265 266 267 268 269 270 271 272 273 274 275 276 277 278 279 280 281 282 283 284 285 286 287 288 289 290 291 292 293 294 295 296 297 298 299 300 301 302 303 304 305 306 307 308 309 310 311 312 313 314 315 316 317 318 319 320 321 322 323 324 325 326 327 328 329 330 331 332 333 334 335 336 337 338 339 340 341 342 -1
-1 61 0 1 2 3 4 5 6 7 8 9 10 11 12 13 14 15 16 17 18 19 20 21 22 23 24 25 26 27 28 29 30 31 32 33 34 35 36 37 38 39 40 41 42 43 44 45 46 47 48 49 50 51 52 53 54 55 56 57 58 59 60 61 62 63 64 65 66 67 68 69 70 71 72 73 74 75 76 77 78 79 80 81 82 83 84 85 86 87 88 89 90 91 92 93 94 95 96 97 98 99 100 101 102 103 104 105 106 107 108 109 110 111 112 113 114 115 116 117 118 119 120 121 122 123 124 125 126 127 128 129 130 131 132 133 134 135 136 137 138 139 140 141 142 143 144 145 146 147 148 149 150 151 152 153 154 155 156 157 158 159 160 161 162 163 164 165 166 167 168 169 170 171 172 173 174 175 176 177 178 179 180 181 182 183 184 185 186 187 188 189 190 191 192 193 194 195 196 197 198 199 200 201 202 203 204 205 206 207 208 209 210 211 212 213 214 215 216 217 218 219 220 221 222 223 224 225 226 227 228 229 230 231 232 233 234 235 236 237 238 239 240 241 242 243 244 245 246 247 248 249 250 251 252 253 254 255 256 257 258 259 260 261 262 263 264 265 266 267 268 269 270 271 272 273 274 275 276 277 278 279 280 281 282 283 284 285 286 287 288 289 290 291 292 293 294 295 296 297 298 299 300 301 302 303 304 305 306 307 308 309 310 311 312 313 314 315 316 317 318 319 320 321 322 323 324 325 326 327 328 329 330 331 332 333 334 335 336 337 338 339 340 341 342 -1
0 58 0 1 2 3 4 5 6 7 8 9 10 11 12 13 14 15 16 17 18 19 20 21 22 23 24 25 26 27 28 29 30 31 32 33 34 35 36 37 38 39 40 41 42 43 44 45 46 47 48 49 50 51 52 53 54 55 56 57 58 59 60 61 62 63 64 65 66 67 68 69 70 71 72 73 74 75 76 77 78 79 80 81 82 83 84 85 86 87 88 89 90 91 92 93 94 95 96 97 98 99 100 101 102 103 104 105 106 107 108 109 110 111 112 113 114 115 116 117 118 119 120 121 122 123 124 125 126 127 128 129 130 131 132 133 134 135 136 137 138 139 140 141 142 143 144 145 146 147 148 149 150 151 152 153 154 155 156 157 158 159 160 161 162 163 164 165 166 167 168 169 170 171 172 173 174 175 176 177 178 179 180 181 182 183 184 185 186 187 188 189 190 191 192 193 194 195 196 197 198 199 200 201 202 203 204 205 206 207 208 209 210 211 212 213 214 215 216 217 218 219 220 221 222 223 224 225 226 227 228 229 230 231 232 233 234 235 236 237 238 239 240 241 242 243 244 245 246 247 248 249 250 251 252 253 254 255 256 257 258 259 260 261 262 263 264 265 266 267 268 269 270 271 272 273 274 275 276 277 278 279 280 281 282 283 284 285 286 287 288 289 290 291 292 293 294 295 296 297 298 299 300 301 302 303 304 305 306 307 308 309 310 311 312 313 314 315 316 317 318 319 320 321 322 323 324 325 326 327 328 329 330 331 332 333 334 335 336 337 338 339 340 341 342 -1
0 59 0 1 2 3 4 5 6 7 8 9 10 11 12 13 14 15 16 17 18 19 20 21 22 23 24 25 26 27 28 29 30 31 32 33 34 35 36 37 38 39 40 41 42 43 44 45 46 47 48 49 50 51 52 53 54 55 56 57 58 59 60 61 62 63 64 65 66 67 68 69 70 71 72 73 74 75 76 77 78 79 80 81 82 83 84 85 86 87 88 89 90 91 92 93 94 95 96 97 98 99 100 101 102 103 104 105 106 107 108 109 110 111 112 113 114 115 116 117 118 119 120 121 122 123 124 125 126 127 128 129 130 131 132 133 134 135 136 137 138 139 140 141 142 143 144 145 146 147 148 149 150 151 152 153 154 155 156 157 158 159 160 161 162 163 164 165 166 167 168 169 170 171 172 173 174 175 176 177 178 179 180 181 182 183 184 185 186 187 188 189 190 191 192 193 194 195 196 197 198 199 200 201 202 203 204 205 206 207 208 209 210 211 212 213 214 215 216 217 218 219 220 221 222 223 224 225 226 227 228 229 230 231 232 233 234 235 236 237 238 239 240 241 242 243 244 245 246 247 248 249 250 251 252 253 254 255 256 257 258 259 260 261 262 263 264 265 266 267 268 269 270 271 272 273 274 275 276 277 278 279 280 281 282 283 284 285 286 287 288 289 290 291 292 293 294 295 296 297 298 299 300 301 302 303 304 305 306 307 308 309 310 311 312 313 314 315 316 317 318 319 320 321 322 323 324 325 326 327 328 329 330 331 332 333 334 335 336 337 338 339 340 341 342 -1
0 60 0 1 2 3 4 5 6 7 8 9 10 11 12 13 14 15 16 17 18 19 20 21 22 23 24 25 26 27 28 29 30 31 32 33 34 35 36 37 38 39 40 41 42 43 44 45 46 47 48 49 50 51 52 53 54 55 56 57 58 59 60 61 62 63 64 65 66 67 68 69 70 71 72 73 74 75 76 77 78 79 80 81 82 83 84 85 86 87 88 89 90 91 92 93 94 95 96 97 98 99 100 101 102 103 104 105 106 107 108 109 110 111 112 113 114 115 116 117 118 119 120 121 122 123 124 125 126 127 128 129 130 131 132 133 134 135 136 137 138 139 140 141 142 143 144 145 146 147 148 149 150 151 152 153 154 155 156 157 158 159 160 161 162 163 164 165 166 167 168 169 170 171 172 173 174 175 176 177 178 179 180 181 182 183 184 185 186 187 188 189 190 191 192 193 194 195 196 197 198 199 200 201 202 203 204 205 206 207 208 209 210 211 212 213 214 215 216 217 218 219 220 221 222 223 224 225 226 227 228 229 230 231 232 233 234 235 236 237 238 239 240 241 242 243 244 245 246 247 248 249 250 251 252 253 254 255 256 257 258 259 260 261 262 263 264 265 266 267 268 269 270 271 272 273 274 275 276 277 278 279 280 281 282 283 284 285 286 287 288 289 290 291 292 293 294 295 296 297 298 299 300 301 302 303 304 305 306 307 308 309 310 311 312 313 314 315 316 317 318 319 320 321 322 323 324 325 326 327 328 329 330 331 332 333 334 335 336 337 338 339 340 341 342 -1
0 61 0 1 2 3 4 5 6 7 8 9 10 11 12 13 14 15 16 17 18 19 20 21 22 23 24 25 26 27 28 29 30 31 32 33 34 35 36 37 38 39 40 41 42 43 44 45 46 47 48 49 50 51 52 53 54 55 56 57 58 59 60 61 62 63 64 65 66 67 68 69 70 71 72 73 74 75 76 77 78 79 80 81 82 83 84 85 86 87 88 89 90 91 92 93 94 95 96 97 98 99 100 101 102 103 104 105 106 107 108 109 110 111 112 113 114 115 116 117 118 119 120 121 122 123 124 125 126 127 128 129 130 131 132 133 134 135 136 137 138 139 140 141 142 143 144 145 146 147 148 149 150 151 152 153 154 155 156 157 158 159 160 161 162 163 164 165 166 167 168 169 170 171 172 173 174 175 176 177 178 179 180 181 182 183 184 185 186 187 188 189 190 191 192 193 194 195 196 197 198 199 200 201 202 203 204 205 206 207 208 209 210 211 212 213 214 215 216 217 218 219 220 221 222 223 224 225 226 227 228 229 230 231 232 233 234 235 236 237 238 239 240 241 242 243 244 245 246 247 248 249 250 251 252 253 254 255 256 257 258 259 260 261 262 263 264 265 266 267 268 269 270 271 272 273 274 275 276 277 278 279 280 281 282 283 284 285 286 287 288 289 290 291 292 293 294 295 296 297 298 299 300 301 302 303 304 305 306 307 308 309 310 311 312 313 314 315 316 317 318 319 320 321 322 323 324 325 326 327 328 329 330 331 332 333 334 335 336 337 338 339 340 341 342 -1
1 58 0 1 2 3 4 5 6 7 8 9 10 11 12 13 14 15 16 17 18 19 20 21 22 23 24 25 26 27 28 29 30 31 32 33 34 35 36 37 38 39 40 41 42 43 44 45 46 47 48 49 50 51 52 53 54 55 56 57 58 59 60 61 62 63 64 65 66 67 68 69 70 71 72 73 74 75 76 77 78 79 80 81 82 83 84 85 86 87 88 89 90 91 92 93 94 95 96 97 98 99 100 101 102 103 104 105 106 107 108 109 110 111 112 113 114 115 116 117 118 119 120 121 122 123 124 125 126 127 128 129 130 131 132 133 134 135 136 137 138 139 140 141 142 143 144 145 146 147 148 149 150 151 152 153 154 155 156 157 158 159 160 161 162 163 164 165 166 167 168 169 170 171 172 173 174 175 176 177 178 179 180 181 182 183 184 185 186 187 188 189 190 191 192 193 194 195 196 197 198 199 200 201 202 203 204 205 206 207 208 209 210 211 212 213 214 215 216 217 218 219 220 221 222 223 224 225 226 227 228 229 230 231 232 233 234 235 236 237 238 239 240 241 242 243 244 245 246 247 248 249 250 251 252 253 254 255 256 257 258 259 260 261 262 263 264 265 266 267 268 269 270 271 272 273 274 275 276 277 278 279 280 281 282 283 284 285 286 287 288 289 290 291 292 293 294 295 296 297 298 299 300 301 302 303 304 305 306 307 308 309 310 311 312 313 314 315 316 317 318 319 320 321 322 323 324 325 326 327 328 329 330 331 332 333 334 335 336 337 338 339 340 341 342 -1
1 59 0 1 2 3 4 5 6 7 8 9 10 11 12 13 14 15 16 17 18 19 20 21 22 23 24 25 26 27 28 29 30 31 32 33 34 35 36 37 38 39 40 41 42 43 44 45 46 47 48 49 50 51 52 53 54 55 56 57 58 59 60 61 62 63 64 65 66 67 68 69 70 71 72 73 74 75 76 77 78 79 80 81 82 83 84 85 86 87 88 89 90 91 92 93 94 95 96 97 98 99 100 101 102 103 104 105 106 107 108 109 110 111 112 113 114 115 116 117 118 119 120 121 122 123 124 125 126 127 128 129 130 131 132 133 134 135 136 137 138 139 140 141 142 143 144 145 146 147 148 149 150 151 152 153 154 155 156 157 158 159 160 161 162 163 164 165 166 167 168 169 170 171 172 173 174 175 176 177 178 179 180 181 182 183 184 185 186 187 188 189 190 191 192 193 194 195 196 197 198 199 200 201 202 203 204 205 206 207 208 209 210 211 212 213 214 215 216 217 218 219 220 221 222 223 224 225 226 227 228 229 230 231 232 233 234 235 236 237 238 239 240 241 242 243 244 245 246 247 248 249 250 251 252 253 254 255 256 257 258 259 260 261 262 263 264 265 266 267 268 269 270 271 272 273 274 275 276 277 278 279 280 281 282 283 284 285 286 287 288 289 290 291 292 293 294 295 296 297 298 299 300 301 302 303 304 305 306 307 308 309 310 311 312 313 314 315 316 317 318 319 320 321 322 323 324 325 326 327 328 329 330 331 332 333 334 335 336 337 338 339 340 341 342 -1
1 60 0 1 2 3 4 5 6 7 8 9 10 11 12 13 14 15 16 17 18 19 20 21 22 23 24 25 26 27 28 29 30 31 32 33 34 35 36 37 38 39 40 41 42 43 44 45 46 47 48 49 50 51 52 53 54 55 56 57 58 59 60 61 62 63 64 65 66 67 68 69 70 71 72 73 74 75 76 77 78 79 80 81 82 83 84 85 86 87 88 89 90 91 92 93 94 95 96 97 98 99 100 101 102 103 104 105 106 107 108 109 110 111 112 113 114 115 116 117 118 119 120 121 122 123 124 125 126 127 128 129 130 131 132 133 134 135 136 137 138 139 140 141 142 143 144 145 146 147 148 149 150 151 152 153 154 155 156 157 158 159 160 161 162 163 164 165 166 167 168 169 170 171 172 173 174 175 176 177 178 179 180 181 182 183 184 185 186 187 188 189 190 191 192 193 194 195 196 197 198 199 200 201 202 203 204 205 206 207 208 209 210 211 212 213 214 215 216 217 218 219 220 221 222 223 224 225 226 227 228 229 230 231 232 233 234 235 236 237 238 239 240 241 242 243 244 245 246 247 248 249 250 251 252 253 254 255 256 257 258 259 260 261 262 263 264 265 266 267 268 269 270 271 272 273 274 275 276 277 278 279 280 281 282 283 284 285 286 287 288 289 290 291 292 293 294 295 296 297 298 299 300 301 302 303 304 305 306 307 308 309 310 311 312 313 314 315 316 317 318 319 320 321 322 323 324 325 326 327 328 329 330 331 332 333 334 335 336 337 338 339 340 341 342 -1
1 61 0 1 2 3 4 5 6 7 8 9 10 11 12 13 14 15 16 17 18 19 20 21 22 23 24 25 26 27 28 29 30 31 32 33 34 35 36 37 38 39 40 41 42 43 44 45 46 47 48 49 50 51 52 53 54 55 56 57 58 59 60 61 62 63 64 65 66 67 68 69 70 71 72 73 74 75 76 77 78 79 80 81 82 83 84 85 86 87 88 89 90 91 92 93 94 95 96 97 98 99 100 101 102 103 104 105 106 107 108 109 110 111 112 113 114 115 116 117 118 119 120 121 122 123 124 125 126 127 128 129 130 131 132 133 134 135 136 137 138 139 140 141 142 143 144 145 146 147 148 149 150 151 152 153 154 155 156 157 158 159 160 161 162 163 164 165 166 167 168 169 170 171 172 173 174 175 176 177 178 179 180 181 182 183 184 185 186 187 188 189 190 191 192 193 194 195 196 197 198 199 200 201 202 203 204 205 206 207 208 209 210 211 212 213 214 215 216 217 218 219 220 221 222 223 224 225 226 227 228 229 230 231 232 233 234 235 236 237 238 239 240 241 242 243 244 245 246 247 248 249 250 251 252 253 254 255 256 257 258 259 260 261 262 263 264 265 266 267 268 269 270 271 272 273 274 275 276 277 278 279 280 281 282 283 284 285 286 287 288 289 290 291 292 293 294 295 296 297 298 299 300 301 302 303 304 305 306 307 308 309 310 311 312 313 314 315 316 317 318 319 320 321 322 323 324 325 326 327 328 329 330 331 332 333 334 335 336 337 338 339 340 341 342 -1
2 58 0 1 2 3 4 5 6 7 8 9 10 11 12 13 14 15 16 17 18 19 20 21 22 23 24 25 26 27 28 29 30 31 32 33 34 35 36 37 38 39 40 41 42 43 44 45 46 47 48 49 50 51 52 53 54 55 56 57 58 59 60 61 62 63 64 65 66 67 68 69 70 71 72 73 74 75 76 77 78 79 80 81 82 83 84 85 86 87 88 89 90 91 92 93 94 95 96 97 98 99 100 101 102 103 104 105 106 107 108 109 110 111 112 113 114 115 116 117 118 119 120 121 122 123 124 125 126 127 128 129 130 131 132 133 134 135 136 137 138 139 140 141 142 143 144 145 146 147 148 149 150 151 152 153 154 155 156 157 158 159 160 161 162 163 164 165 166 167 168 169 170 171 172 173 174 175 176 177 178 179 180 181 182 183 184 185 186 187 188 189 190 191 192 193 194 195 196 197 198 199 200 201 202 203 204 205 206 207 208 209 210 211 212 213 214 215 216 217 218 219 220 221 222 223 224 225 226 227 228 229 230 231 232 233 234 235 236 237 238 239 240 241 242 243 244 245 246 247 248 249 250 251 252 253 254 255 256 257 258 259 260 261 262 263 264 265 266 267 268 269 270 271 272 273 274 275 276 277 278 279 280 281 282 283 284 285 286 287 288 289 290 291 292 293 294 295 296 297 298 299 300 301 302 303 304 305 306 307 308 309 310 311 312 313 314 315 316 317 318 319 320 321 322 323 324 325 326 327 328 329 330 331 332 333 334 335 336 337 338 339 340 341 342 -1
2 59 0 1 2 3 4 5 6 7 8 9 10 11 12 13 14 15 16 17 18 19 20 21 22 23 24 25 26 27 28 29 30 31 32 33 34 35 36 37 38 39 40 41 42 43 44 45 46 47 48 49 50 51 52 53 54 55 56 57 58 59 60 61 62 63 64 65 66 67 68 69 70 71 72 73 74 75 76 77 78 79 80 81 82 83 84 85 86 87 88 89 90 91 92 93 94 95 96 97 98 99 100 101 102 103 104 105 106 107 108 109 110 111 112 113 114 115 116 117 118 119 120 121 122 123 124 125 126 127 128 129 130 131 132 133 134 135 136 137 138 139 140 141 142 143 144 145 146 147 148 149 150 151 152 153 154 155 156 157 158 159 160 161 162 163 164 165 166 167 168 169 170 171 172 173 174 175 176 177 178 179 180 181 182 183 184 185 186 187 188 189 190 191 192 193 194 195 196 197 198 199 200 201 202 203 204 205 206 207 208 209 210 211 212 213 214 215 216 217 218 219 220 221 222 223 224 225 226 227 228 229 230 231 232 233 234 235 236 237 238 239 240 241 242 243 244 245 246 247 248 249 250 251 252 253 254 255 256 257 258 259 260 261 262 263 264 265 266 267 268 269 270 271 272 273 274 275 276 277 278 279 280 281 282 283 284 285 286 287 288 289 290 291 292 293 294 295 296 297 298 299 300 301 302 303 304 305 306 307 308 309 310 311 312 313 314 315 316 317 318 319 320 321 322 323 324 325 326 327 328 329 330 331 332 333 334 335 336 337 338 339 340 341 342 -1
2 60 0 1 2 3 4 5 6 7 8 9 10 11 12 13 14 15 16 17 18 19 20 21 22 23 24 25 26 27 28 29 30 31 32 33 34 35 36 37 38 39 40 41 42 43 44 45 46 47 48 49 50 51 52 53 54 55 56 57 58 59 60 61 62 63 64 65 66 67 68 69 70 71 72 73 74 75 76 77 78 79 80 81 82 83 84 85 86 87 88 89 90 91 92 93 94 95 96 97 98 99 100 101 102 103 104 105 106 107 108 109 110 111 112 113 114 115 116 117 118 119 120 121 122 123 124 125 126 127 128 129 130 131 132 133 134 135 136 137 138 139 140 141 142 143 144 145 146 147 148 149 150 151 152 153 154 155 156 157 158 159 160 161 162 163 164 165 166 167 168 169 170 171 172 173 174 175 176 177 178 179 180 181 182 183 184 185 186 187 188 189 190 191 192 193 194 195 196 197 198 199 200 201 202 203 204 205 206 207 208 209 210 211 212 213 214 215 216 217 218 219 220 221 222 223 224 225 226 227 228 229 230 231 232 233 234 235 236 237 238 239 240 241 242 243 244 245 246 247 248 249 250 251 252 253 254 255 256 257 258 259 260 261 262 263 264 265 266 267 268 269 270 271 272 273 274 275 276 277 278 279 280 281 282 283 284 285 286 287 288 289 290 291 292 293 294 295 296 297 298 299 300 301 302 303 304 305 306 307 308 309 310 311 312 313 314 315 316 317 318 319 320 321 322 323 324 325 326 327 328 329 330 331 332 333 334 335 336 337 338 339 340 341 342 -1
2 61 0 1 2 3 4 5 6 7 8 9 10 11 12 13 14 15 16 17 18 19 20 21 22 23 24 25 26 27 28 29 30 31 32 33 34 35 36 37 38 39 40 41 42 43 44 45 46 47 48 49 50 51 52 53 54 55 56 57 58 59 60 61 62 63 64 65 66 67 68 69 70 71 72 73 74 75 76 77 78 79 80 81 82 83 84 85 86 87 88 89 90 91 92 93 94 95 96 97 98 99 100 101 102 103 104 105 106 107 108 109 110 111 112 113 114 115 116 117 118 119 120 121 122 123 124 125 126 127 128 129 130 131 132 133 134 135 136 137 138 139 140 141 142 143 144 145 146 147 148 149 150 151 152 153 154 155 156 157 158 159 160 161 162 163 164 165 166 167 168 169 170 171 172 173 174 175 176 177 178 179 180 181 182 183 184 185 186 187 188 189 190 191 192 193 194 195 196 197 198 199 200 201 202 203 204 205 206 207 208 209 210 211 212 213 214 215 216 217 218 219 220 221 222 223 224 225 226 227 228 229 230 231 232 233 234 235 236 237 238 239 240 241 242 243 244 245 246 247 248 249 250 251 252 253 254 255 256 257 258 259 260 261 262 263 264 265 266 267 268 269 270 271 272 273 274 275 276 277 278 279 280 281 282 283 284 285 286 287 288 289 290 291 292 293 294 295 296 297 298 299 300 301 302 303 304 305 306 307 308 309 310 311 312 313 314 315 316 317 318 319 320 321 322 323 324 325 326 327 328 329 330 331 332 333 334 335 336 337 338 339 340 341 342 -1
3 58 0 1 2 3 4 5 6 7 8 9 10 11 12 13 14 15 16 17 18 19 20 21 22 23 24 25 26 27 28 29 30 31 32 33 34 35 36 37 38 39 40 41 42 43 44 45 46 47 48 49 50 51 52 53 54 55 56 57 58 59 60 61 62 63 64 65 66 67 68 69 70 71 72 73 74 75 76 77 78 79 80 81 82 83 84 85 86 87 88 89 90 91 92 93 94 95 96 97 98 99 100 101 102 103 104 105 106 107 108 109 110 111 112 113 114 115 116 117 118 119 120 121 122 123 124 125 126 127 128 129 130 131 132 133 134 135 136 137 138 139 140 141 142 143 144 145 146 147 148 149 150 151 152 153 154 155 156 157 158 159 160 161 162 163 164 165 166 167 168 169 170 171 172 173 174 175 176 177 178 179 180 181 182 183 184 185 186 187 188 189 190 191 192 193 194 195 196 197 198 199 200 201 202 203 204 205 206 207 208 209 210 211 212 213 214 215 216 217 218 219 220 221 222 223 224 225 226 227 228 229 230 231 232 233 234 235 236 237 238 239 240 241 242 243 244 245 246 247 248 249 250 251 252 253 254 255 256 257 258 259 260 261 262 263 264 265 266 267 268 269 270 271 272 273 274 275 276 277 278 279 280 281 282 283 284 285 286 287 288 289 290 291 292 293 294 295 296 297 298 299 300 301 302 303 304 305 306 307 308 309 310 311 312 313 314 315 316 317 318 319 320 321 322 323 324 325 326 327 328 329 330 331 332 333 334 335 336 337 338 339 340 341 342 -1
3 59 0 1 2 3 4 5 6 7 8 9 10 11 12 13 14 15 16 17 18 19 20 21 22 23 24 25 26 27 28 29 30 31 32 33 34 35 36 37 38 39 40 41 42 43 44 45 46 47 48 49 50 51 52 53 54 55 56 57 58 59 60 61 62 63 64 65 66 67 68 69 70 71 72 73 74 75 76 77 78 79 80 81 82 83 84 85 86 87 88 89 90 91 92 93 94 95 96 97 98 99 100 101 102 103 104 105 106 107 108 109 110 111 112 113 114 115 116 117 118 119 120 121 122 123 124 125 126 127 128 129 130 131 132 133 134 135 136 137 138 139 140 141 142 143 144 145 146 147 148 149 150 151 152 153 154 155 156 157 158 159 160 161 162 163 164 165 166 167 168 169 170 171 172 173 174 175 176 177 178 179 180 181 182 183 184 185 186 187 188 189 190 191 192 193 194 195 196 197 198 199 200 201 202 203 204 205 206 207 208 209 210 211 212 213 214 215 216 217 218 219 220 221 222 223 224 225 226 227 228 229 230 231 232 233 234 235 236 237 238 239 240 241 242 243 244 245 246 247 248 249 250 251 252 253 254 255 256 257 258 259 260 261 262 263 264 265 266 267 268 269 270 271 272 273 274 275 276 277 278 279 280 281 282 283 284 285 286 287 288 289 290 291 292 293 294 295 296 297 298 299 300 301 302 303 304 305 306 307 308 309 310 311 312 313 314 315 316 317 318 319 320 321 322 323 324 325 326 327 328 329 330 331 332 333 334 335 336 337 338 339 340 341 342 -1
3 60 0 1 2 3 4 5 6 7 8 9 10 11 12 13 14 15 16 17 18 19 20 21 22 23 24 25 26 27 28 29 30 31 32 33 34 35 36 37 38 39 40 41 42 43 44 45 46 47 48 49 50 51 52 53 54 55 56 57 58 59 60 61 62 63 64 65 66 67 68 69 70 71 72 73 74 75 76 77 78 79 80 81 82 83 84 85 86 87 88 89 90 91 92 93 94 95 96 97 98 99 100 101 102 103 104 105 106 107 108 109 110 111 112 113 114 115 116 117 118 119 120 121 122 123 124 125 126 127 128 129 130 131 132 133 134 135 136 137 138 139 140 141 142 143 144 145 146 147 148 149 150 151 152 153 154 155 156 157 158 159 160 161 162 163 164 165 166 167 168 169 170 171 172 173 174 175 176 177 178 179 180 181 182 183 184 185 186 187 188 189 190 191 192 193 194 195 196 197 198 199 200 201 202 203 204 205 206 207 208 209 210 211 212 213 214 215 216 217 218 219 220 221 222 223 224 225 226 227 228 229 230 231 232 233 234 235 236 237 238 239 240 241 242 243 244 245 246 247 248 249 250 251 252 253 254 255 256 257 258 259 260 261 262 263 264 265 266 267 268 269 270 271 272 273 274 275 276 277 278 279 280 281 282 283 284 285 286 287 288 289 290 291 292 293 294 295 296 297 298 299 300 301 302 303 304 305 306 307 308 309 310 311 312 313 314 315 316 317 318 319 320 321 322 323 324 325 326 327 328 329 330 331 332 333 334 335 336 337 338 339 340 341 342 -1
3 61 0 1 2 3 4 5 6 7 8 9 10 11 12 13 14 15 16 17 18 19 20 21 22 23 24 25 26 27 28 29 30 31 32 33 34 35 36 37 38 39 40 41 42 43 44 45 46 47 48 49 50 51 52 53 54 55 56 57 58 59 60 61 62 63 64 65 66 67 68 69 70 71 72 73 74 75 76 77 78 79 80 81 82 83 84 85 86 87 88 89 90 91 92 93 94 95 96 97 98 99 100 101 102 103 104 105 106 107 108 109 110 111 112 113 114 115 116 117 118 119 120 121 122 123 124 125 126 127 128 129 130 131 132 133 134 135 136 137 138 139 140 141 142 143 144 145 146 147 148 149 150 151 152 153 154 155 156 157 158 159 160 161 162 163 164 165 166 167 168 169 170 171 172 173 174 175 176 177 178 179 180 181 182 183 184 185 186 187 188 189 190 191 192 193 194 195 196 197 198 199 200 201 202 203 204 205 206 207 208 209 210 211 212 213 214 215 216 217 218 219 220 221 222 223 224 225 226 227 228 229 230 231 232 233 234 235 236 237 238 239 240 241 242 243 244 245 246 247 248 249 250 251 252 253 254 255 256 257 258 259 260 261 262 263 264 265 266 267 268 269 270 271 272 273 274 275 276 277 278 279 280 281 282 283 284 285 286 287 288 289 290 291 292 293 294 295 296 297 298 299 300 301 302 303 304 305 306 307 308 309 310 311 312 313 314 315 316 317 318 319 320 321 322 323 324 325 326 327 328 329 330 331 332 333 334 335 336 337 338 339 340 341 342 -1
4 57 0 1 2 3 4 5 6 7 8 9 10 11 12 13 14 15 16 17 18 19 20 21 22 23 24 25 26 27 28 29 30 31 32 33 34 35 36 37 38 39 40 41 42 43 44 45 46 47 48 -1
4 58 0 1 2 3 4 5 6 7 8 9 10 11 12 13 14 15 16 17 18 19 20 21 22 23 24 25 26 27 28 29 30 31 32 33 34 35 36 37 38 39 40 41 42 43 44 45 46 47 48 49 50 51 52 53 54 55 56 57 58 59 60 61 62 63 64 65 66 67 68 69 70 71 72 73 74 75 76 77 78 79 80 81 82 83 84 85 86 87 88 89 90 91 92 93 94 95 96 97 98 99 100 101 102 103 104 105 106 107 108 109 110 111 112 113 114 115 116 117 118 119 120 121 122 123 124 125 126 127 128 129 130 131 132 133 134 135 136 137 138 139 140 141 142 143 144 145 146 147 148 149 150 151 152 153 154 155 156 157 158 159 160 161 162 163 164 165 166 167 168 169 170 171 172 173 174 175 176 177 178 179 180 181 182 183 184 185 186 187 188 189 190 191 192 193 194 195 196 197 198 199 200 201 202 203 204 205 206 207 208 209 210 211 212 213 214 215 216 217 218 219 220 221 222 223 224 225 226 227 228 229 230 231 232 233 234 235 236 237 238 239 240 241 242 243 244 245 246 247 248 249 250 251 252 253 254 255 256 257 258 259 260 261 262 263 264 265 266 267 268 269 270 271 272 273 274 275 276 277 278 279 280 281 282 283 284 285 286 287 288 289 290 291 292 293 294 295 296 297 298 299 300 301 302 303 304 305 306 307 308 309 310 311 312 313 314 315 316 317 318 319 320 321 322 323 324 325 326 327 328 329 330 331 332 333 334 335 336 337 338 339 340 341 342 -1
4 59 0 1 2 3 4 5 6 7 8 9 10 11 12 13 14 15 16 17 18 19 20 21 22 23 24 25 26 27 28 29 30 31 32 33 34 35 36 37 38 39 40 41 42 43 44 45 46 47 48 49 50 51 52 53 54 55 56 57 58 59 60 61 62 63 64 65 66 67 68 69 70 71 72 73 74 75 76 77 78 79 80 81 82 83 84 85 86 87 88 89 90 91 92 93 94 95 96 97 98 99 100 101 102 103 104 105 106 107 108 109 110 111 112 113 114 115 116 117 118 119 120 121 122 123 124 125 126 127 128 129 130 131 132 133 134 135 136 137 138 139 140 141 142 143 144 145 146 147 148 149 150 151 152 153 154 155 156 157 158 159 160 161 162 163 164 165 166 167 168 169 170 171 172 173 174 175 176 177 178 179 180 181 182 183 184 185 186 187 188 189 190 191 192 193 194 195 196 197 198 199 200 201 202 203 204 205 206 207 208 209 210 211 212 213 214 215 216 217 218 219 220 221 222 223 224 225 226 227 228 229 230 231 232 233 234 235 236 237 238 239 240 241 242 243 244 245 246 247 248 249 250 251 252 253 254 255 256 257 258 259 260 261 262 263 264 265 266 267 268 269 270 271 272 273 274 275 276 277 278 279 280 281 282 283 284 285 286 287 288 289 290 291 292 293 294 295 296 297 298 299 300 301 302 303 304 305 306 307 308 309 310 311 312 313 314 315 316 317 318 319 320 321 322 323 324 325 326 327 328 329 330 331 332 333 334 335 336 337 338 339 340 341 342 -1
4 60 0 1 2 3 4 5 6 7 8 9 10 11 12 13 14 15 16 17 18 19 20 21 22 23 24 25 26 27 28 29 30 31 32 33 34 35 36 37 38 39 40 41 42 43 44 45 46 47 48 49 50 51 52 53 54 55 56 57 58 59 60 61 62 63 64 65 66 67 68 69 70 71 72 73 74 75 76 77 78 79 80 81 82 83 84 85 86 87 88 89 90 91 92 93 94 95 96 97 98 99 100 101 102 103 104 105 106 107 108 109 110 111 112 113 114 115 116 117 118 119 120 121 122 123 124 125 126 127 128 129 130 131 132 133 134 135 136 137 138 139 140 141 142 143 144 145 146 147 148 149 150 151 152 153 154 155 156 157 158 159 160 161 162 163 164 165 166 167 168 169 170 171 172 173 174 175 176 177 178 179 180 181 182 183 184 185 186 187 188 189 190 191 192 193 194 195 196 197 198 199 200 201 202 203 204 205 206 207 208 209 210 211 212 213 214 215 216 217 218 219 220 221 222 223 224 225 226 227 228 229 230 231 232 233 234 235 236 237 238 239 240 241 242 243 244 245 246 247 248 249 250 251 252 253 254 255 256 257 258 259 260 261 262 263 264 265 266 267 268 269 270 271 272 273 274 275 276 277 278 279 280 281 282 283 284 285 286 287 288 289 290 291 292 293 294 295 296 297 298 299 300 301 302 303 304 305 306 307 308 309 310 311 312 313 314 315 316 317 318 319 320 321 322 323 324 325 326 327 328 329 330 331 332 333 334 335 336 337 338 339 340 341 342 -1
4 61 0 1 2 3 4 5 6 7 8 9 10 11 12 13 14 15 16 17 18 19 20 21 22 23 24 25 26 27 28 29 30 31 32 33 34 35 36 37 38 39 40 41 42 43 44 45 46 47 48 49 50 51 52 53 54 55 56 57 58 59 60 61 62 63 64 65 66 67 68 69 70 71 72 73 74 75 76 77 78 79 80 81 82 83 84 85 86 87 88 89 90 91 92 93 94 95 96 97 98 99 100 101 102 103 104 105 106 107 108 109 110 111 112 113 114 115 116 117 118 119 120 121 122 123 124 125 126 127 128 129 130 131 132 133 134 135 136 137 138 139 140 141 142 143 144 145 146 147 148 149 150 151 152 153 154 155 156 157 158 159 160 161 162 163 164 165 166 167 168 169 170 171 172 173 174 175 176 177 178 179 180 181 182 183 184 185 186 187 188 189 190 191 192 193 194 195 196 197 198 199 200 201 202 203 204 205 206 207 208 209 210 211 212 213 214 215 216 217 218 219 220 221 222 223 224 225 226 227 228 229 230 231 232 233 234 235 236 237 238 239 240 241 242 243 244 245 246 247 248 249 250 251 252 253 254 255 256 257 258 259 260 261 262 263 264 265 266 267 268 269 270 271 272 273 274 275 276 277 278 279 280 281 282 283 284 285 286 287 288 289 290 291 292 293 294 295 296 297 298 299 300 301 302 303 304 305 306 307 308 309 310 311 312 313 314 315 316 317 318 319 320 321 322 323 324 325 326 327 328 329 330 331 332 333 334 335 336 337 338 339 340 341 342 -1
4 62 294 295 296 297 298 299 300 301 302 303 304 305 306 307 308 309 310 311 312 313 314 315 316 317 318 319 320 321 322 323 324 325 326 327 328 329 330 331 332 333 334 335 336 337 338 339 340 341 342 -1
5 57 0 1 2 3 4 5 6 7 8 9 10 11 12 13 14 15 16 17 18 19 20 21 22 23 24 25 26 27 28 29 30 31 32 33 34 35 36 37 38 39 40 41 42 43 44 45 46 47 48 49 50 51 52 53 54 55 56 57 58 59 60 61 62 63 64 65 66 67 68 69 70 71 72 73 74 75 76 77 78 79 80 81 82 83 84 85 86 87 88 89 90 91 92 93 94 95 96 97 -1
5 58 0 1 2 3 4 5 6 7 8 9 10 11 12 13 14 15 16 17 18 19 20 21 22 23 24 25 26 27 28 29 30 31 32 33 34 35 36 37 38 39 40 41 42 43 44 45 46 47 48 49 50 51 52 53 54 55 56 57 58 59 60 61 62 63 64 65 66 67 68 69 70 71 72 73 74 75 76 77 78 79 80 81 82 83 84 85 86 87 88 89 90 91 92 93 94 95 96 97 98 99 100 101 102 103 104 105 106 107 108 109 110 111 112 113 114 115 116 117 118 119 120 121 122 123 124 125 126 127 128 129 130 131 132 133 134 135 136 137 138 139 140 141 142 143 144 145 146 147 148 149 150 151 152 153 154 155 156 157 158 159 160 161 162 163 164 165 166 167 168 169 170 171 172 173 174 175 176 177 178 179 180 181 182 183 184 185 186 187 188 189 190 191 192 193 194 195 196 197 198 199 200 201 202 203 204 205 206 207 208 209 210 211 212 213 214 215 216 217 218 219 220 221 222 223 224 225 226 227 228 229 230 231 232 233 234 235 236 237 238 239 240 241 242 243 244 245 246 247 248 249 250 251 252 253 254 255 256 257 258 259 260 261 262 263 264 265 266 267 268 269 270 271 272 273 274 275 276 277 278 279 280 281 282 283 284 285 286 287 288 289 290 291 292 293 -1
5 59 0 1 2 3 4 5 6 7 8 9 10 11 12 13 14 15 16 17 18 19 20 21 22 23 24 25 26 27 28 29 30 31 32 33 34 35 36 37 38 39 40 41 42 43 44 45 46 47 48 49 50 51 52 53 54 55 56 57 58 59 60 61 62 63 64 65 66 67 68 69 70 71 72 73 74 75 76 77 78 79 80 81 82 83 84 85 86 87 88 89 90 91 92 93 94 95 96 97 98 99 100 101 102 103 104 105 106 107 108 109 110 111 112 113 114 115 116 117 118 119 120 121 122 123 124 125 126 127 128 129 130 131 132 133 134 135 136 137 138 139 140 141 142 143 144 145 146 147 148 149 150 151 152 153 154 155 156 157 158 159 160 161 162 163 164 165 166 167 168 169 170 171 172 173 174 175 176 177 178 179 180 181 182 183 184 185 186 187 188 189 190 191 192 193 194 195 196 197 198 199 200 201 202 203 204 205 206 207 208 209 210 211 212 213 214 215 216 217 218 219 220 221 222 223 224 225 226 227 228 229 230 231 232 233 234 235 236 237 238 239 240 241 242 243 244 245 246 247 248 249 250 251 252 253 254 255 256 257 258 259 260 261 262 263 264 265 266 267 268 269 270 271 272 273 274 275 276 277 278 279 280 281 282 283 284 285 286 287 288 289 290 291 292 293 294 295 296 297 298 299 300 301 302 303 304 305 306 307 308 309 310 311 312 313 314 315 316 317 318 319 320 321 322 323 324 325 326 327 328 329 330 331 332 333 334 335 336 337 338 339 340 341 342 -1
5 60 0 1 2 3 4 5 6 7 8 9 10 11 12 13 14 15 16 17 18 19 20 21 22 23 24 25 26 27 28 29 30 31 32 33 34 35 36 37 38 39 40 41 42 43 44 45 46 47 48 49 50 51 52 53 54 55 56 57 58 59 60 61 62 63 64 65 66 67 68 69 70 71 72 73 74 75 76 77 78 79 80 81 82 83 84 85 86 87 88 89 90 91 92 93 94 95 96 97 98 99 100 101 102 103 104 105 106 107 108 109 110 111 112 113 114 115 116 117 118 119 120 121 122 123 124 125 126 127 128 129 130 131 132 133 134 135 136 137 138 139 140 141 142 143 144 145 146 147 148 149 150 151 152 153 154 155 156 157 158 159 160 161 162 163 164 165 166 167 168 169 170 171 172 173 174 175 176 177 178 179 180 181 182 183 184 185 186 187 188 189 190 191 192 193 194 195 196 197 198 199 200 201 202 203 204 205 206 207 208 209 210 211 212 213 214 215 216 217 218 219 220 221 222 223 224 225 226 227 228 229 230 231 232 233 234 235 236 237 238 239 240 241 242 243 244 245 246 247 248 249 250 251 252 253 254 255 256 257 258 259 260 261 262 263 264 265 266 267 268 269 270 271 272 273 274 275 276 277 278 279 280 281 282 283 284 285 286 287 288 289 290 291 292 293 294 295 296 297 298 299 300 301 302 303 304 305 306 307 308 309 310 311 312 313 314 315 316 317 318 319 320 321 322 323 324 325 326 327 328 329 330 331 332 333 334 335 336 337 338 339 340 341 342 -1
5 61 49 50 51 52 53 54 55 56 57 58 59 60 61 62 63 64 65 66 67 68 69 70 71 72 73 74 75 76 77 78 79 80 81 82 83 84 85 86 87 88 89 90 91 92 93 94 95 96 97 98 99 100 101 102 103 104 105 106 107 108 109 110 111 112 113 114 115 116 117 118 119 120 121 122 123 124 125 126 127 128 129 130 131 132 133 134 135 136 137 138 139 140 141 142 143 144 145 146 147 148 149 150 151 152 153 154 155 156 157 158 159 160 161 162 163 164 165 166 167 168 169 170 171 172 173 174 175 176 177 178 179 180 181 182 183 184 185 186 187 188 189 190 191 192 193 194 195 196 197 198 199 200 201 202 203 204 205 206 207 208 209 210 211 212 213 214 215 216 217 218 219 220 221 222 223 224 225 226 227 228 229 230 231 232 233 234 235 236 237 238 239 240 241 242 243 244 245 246 247 248 249 250 251 252 253 254 255 256 257 258 259 260 261 262 263 264 265 266 267 268 269 270 271 272 273 274 275 276 277 278 279 280 281 282 283 284 285 286 287 288 289 290 291 292 293 294 295 296 297 298 299 300 301 302 303 304 305 306 307 308 309 310 311 312 313 314 315 316 317 318 319 320 321 322 323 324 325 326 327 328 329 330 331 332 333 334 335 336 337 338 339 340 341 342 -1
5 62 245 246 247 248 249 250 251 252 253 254 255 256 257 258 259 260 261 262 263 264 265 266 267 268 269 270 271 272 273 274 275 276 277 278 279 280 281 282 283 284 285 286 287 288 289 290 291 292 293 294 295 296 297 298 299 300 301 302 303 304 305 306 307 308 309 310 311 312 313 314 315 316 317 318 319 320 321 322 323 324 325 326 327 328 329 330 331 332 333 334 335 336 337 338 339 340 341 342 -1
6 57 0 1 2 3 4 5 6 7 8 9 10 11 12 13 14 15 16 17 18 19 20 21 22 23 24 25 26 27 28 29 30 31 32 33 34 35 36 37 38 39 40 41 42 43 44 45 46 47 48 49 50 51 52 53 54 55 56 57 58 59 60 61 62 63 64 65 66 67 68 69 70 71 72 73 74 75 76 77 78 79 80 81 82 83 84 85 86 87 88 89 90 91 92 93 94 95 96 97 -1
6 58 0 1 2 3 4 5 6 7 8 9 10 11 12 13 14 15 16 17 18 19 20 21 22 23 24 25 26 27 28 29 30 31 32 33 34 35 36 37 38 39 40 41 42 43 44 45 46 47 48 49 50 51 52 53 54 55 56 57 58 59 60 61 62 63 64 65 66 67 68 69 70 71 72 73 74 75 76 77 78 79 80 81 82 83 84 85 86 87 88 89 90 91 92 93 94 95 96 97 98 99 100 101 102 103 104 105 106 107 108 109 110 111 112 113 114 115 116 117 118 119 120 121 122 123 124 125 126 127 128 129 130 131 132 133 134 135 136 137 138 139 140 141 142 143 144 145 146 147 148 149 150 151 152 153 154 155 156 157 158 159 160 161 162 163 164 165 166 167 168 169 170 171 172 173 174 175 176 177 178 179 180 181 182 183 184 185 186 187 188 189 190 191 192 193 194 195 196 197 198 199 200 201 202 203 204 205 206 207 208 209 210 211 212 213 214 215 216 217 218 219 220 221 222 223 224 225 226 227 228 229 230 231 232 233 234 235 236 237 238 239 240 241 242 243 244 -1
6 59 0 1 2 3 4 5 6 7 8 9 10 11 12 13 14 15 16 17 18 19 20 21 22 23 24 25 26 27 28 29 30 31 32 33 34 35 36 37 38 39 40 41 42 43 44 45 46 47 48 49 50 51 52 53 54 55 56 57 58 59 60 61 62 63 64 65 66 67 68 69 70 71 72 73 74 75 76 77 78 79 80 81 82 83 84 85 86 87 88 89 90 91 92 93 94 95 96 97 98 99 100 101 102 103 104 105 106 107 108 109 110 111 112 113 114 115 116 117 118 119 120 121 122 123 124 125 126 127 128 129 130 131 132 133 134 135 136 137 138 139 140 141 142 143 144 145 146 147 148 149 150 151 152 153 154 155 156 157 158 159 160 161 162 163 164 165 166 167 168 169 170 171 172 173 174 175 176 177 178 179 180 181 182 183 184 185 186 187 188 189 190 191 192 193 194 195 196 197 198 199 200 201 202 203 204 205 206 207 208 209 210 211 212 213 214 215 216 217 218 219 220 221 222 223 224 225 226 227 228 229 230 231 232 233 234 235 236 237 238 239 240 241 242 243 244 245 246 247 248 249 250 251 252 253 254 255 256 257 258 259 260 261 262 263 264 265 266 267 268 269 270 271 272 273 274 275 276 277 278 279 280 281 282 283 284 285 286 287 288 289 290 291 292 293 294 295 296 297 298 299 300 301 302 303 304 305 306 307 308 309 310 311 312 313 314 315 316 317 318 319 320 321 322 323 324 325 326 327 328 329 330 331 332 333 334 335 336 337 338 339 340 341 342 -1
6 60 0 1 2 3 4 5 6 7 8 9 10 11 12 13 14 15 16 17 18 19 20 21 22 23 24 25 26 27 28 29 30 31 32 33 34 35 36 37 38 39 40 41 42 43 44 45 46 47 48 49 50 51 52 53 54 55 56 57 58 59 60 61 62 63 64 65 66 67 68 69 70 71 72 73 74 75 76 77 78 79 80 81 82 83 84 85 86 87 88 89 90 91 92 93 94 95 96 97 98 99 100 101 102 103 104 105 106 107 108 109 110 111 112 113 114 115 116 117 118 119 120 121 122 123 124 125 126 127 128 129 130 131 132 133 134 135 136 137 138 139 140 141 142 143 144 145 146 147 148 149 150 151 152 153 154 155 156 157 158 159 160 161 162 163 164 165 166 167 168 169 170 171 172 173 174 175 176 177 178 179 180 181 182 183 184 185 186 187 188 189 190 191 192 193 194 195 196 197 198 199 200 201 202 203 204 205 206 207 208 209 210 211 212 213 214 215 216 217 218 219 220 221 222 223 224 225 226 227 228 229 230 231 232 233 234 235 236 237 238 239 240 241 242 243 244 245 246 247 248 249 250 251 252 253 254 255 256 257 258 259 260 261 262 263 264 265 266 267 268 269 270 271 272 273 274 275 276 277 278 279 280 281 282 283 284 285 286 287 288 289 290 291 292 293 294 295 296 297 298 299 300 301 302 303 304 305 306 307 308 309 310 311 312 313 314 315 316 317 318 319 320 321 322 323 324 325 326 327 328 329 330 331 332 333 334 335 336 337 338 339 340 341 342 -1
6 61 98 99 100 101 102 103 104 105 106 107 108 109 110 111 112 113 114 115 116 117 118 119 120 121 122 123 124 125 126 127 128 129 130 131 132 133 134 135 136 137 138 139 140 141 142 143 144 145 146 147 148 149 150 151 152 153 154 155 156 157 158 159 160 161 162 163 164 165 166 167 168 169 170 171 172 173 174 175 176 177 178 179 180 181 182 183 184 185 186 187 188 189 190 191 192 193 194 195 196 197 198 199 200 201 202 203 204 205 206 207 208 209 210 211 212 213 214 215 216 217 218 219 220 221 222 223 224 225 226 227 228 229 230 231 232 233 234 235 236 237 238 239 240 241 242 243 244 245 246 247 248 249 250 251 252 253 254 255 256 257 258 259 260 261 262 263 264 265 266 267 268 269 270 271 272 273 274 275 276 277 278 279 280 281 282 283 284 285 286 287 288 289 290 291 292 293 294 295 296 297 298 299 300 301 302 303 304 305 306 307 308 309 310 311 312 313 314 315 316 317 318 319 320 321 322 323 324 325 326 327 328 329 330 331 332 333 334 335 336 337 338 339 340 341 342 -1
6 62 245 246 247 248 249 250 251 252 253 254 255 256 257 258 259 260 261 262 263 264 265 266 267 268 269 270 271 272 273 274 275 276 277 278 279 280 281 282 283 284 285 286 287 288 289 290 291 292 293 294 295 296 297 298 299 300 301 302 303 304 305 306 307 308 309 310 311 312 313 314 315 316 317 318 319 320 321 322 323 324 325 326 327 328 329 330 331 332 333 334 335 336 337 338 339 340 341 342 -1
7 56 0 1 2 3 4 5 6 7 8 9 10 11 12 13 14 15 16 17 18 19 20 21 22 23 24 25 26 27 28 29 30 31 32 33 34 35 36 37 38 39 40 41 42 43 44 45 46 47 48 -1
7 57 0 1 2 3 4 5 6 7 8 9 10 11 12 13 14 15 16 17 18 19 20 21 22 23 24 25 26 27 28 29 30 31 32 33 34 35 36 37 38 39 40 41 42 43 44 45 46 47 48 49 50 51 52 53 54 55 56 57 58 59 60 61 62 63 64 65 66 67 68 69 70 71 72 73 74 75 76 77 78 79 80 81 82 83 84 85 86 87 88 89 90 91 92 93 94 95 96 97 -1
7 58 0 1 2 3 4 5 6 7 8 9 10 11 12 13 14 15 16 17 18 19 20 21 22 23 24 25 26 27 28 29 30 31 32 33 34 35 36 37 38 39 40 41 42 43 44 45 46 47 48 49 50 51 52 53 54 55 56 57 58 59 60 61 62 63 64 65 66 67 68 69 70 71 72 73 74 75 76 77 78 79 80 81 82 83 84 85 86 87 88 89 90 91 92 93 94 95 96 97 98 99 100 101 102 103 104 105 106 107 108 109 110 111 112 113 114 115 116 117 118 119 120 121 122 123 124 125 126 127 128 129 130 131 132 133 134 135 136 137 138 139 140 141 142 143 144 145 146 147 148 149 150 151 152 153 154 155 156 157 158 159 160 161 162 163 164 165 166 167 168 169 170 171 172 173 174 175 176 177 178 179 180 181 182 183 184 185 186 187 188 189 190 191 192 193 194 195 196 197 198 199 200 201 202 203 204 205 206 207 208 209 210 211 212 213 214 215 216 217 218 219 220 221 222 223 224 225 226 227 228 229 230 231 232 233 234 235 236 237 238 239 240 241 242 243 244 -1
7 59 0 1 2 3 4 5 6 7 8 9 10 11 12 13 14 15 16 17 18 19 20 21 22 23 24 25 26 27 28 29 30 31 32 33 34 35 36 37 38 39 40 41 42 43 44 45 46 47 48 49 50 51 52 53 54 55 56 57 58 59 60 61 62 63 64 65 66 67 68 69 70 71 72 73 74 75 76 77 78 79 80 81 82 83 84 85 86 87 88 89 90 91 92 93 94 95 96 97 98 99 100 101 102 103 104 105 106 107 108 109 110 111 112 113 114 115 116 117 118 119 120 121 122 123 124 125 126 127 128 129 130 131 132 133 134 135 136 137 138 139 140 141 142 143 144 145 146 147 148 149 150 151 152 153 154 155 156 157 158 159 160 161 162 163 164 165 166 167 168 169 170 171 172 173 174 175 176 177 178 179 180 181 182 183 184 185 186 187 188 189 190 191 192 193 194 195 196 197 198 199 200 201 202 203 204 205 206 207 208 209 210 211 212 213 214 215 216 217 218 219 220 221 222 223 224 225 226 227 228 229 230 231 232 233 234 235 236 237 238 239 240 241 242 243 244 245 246 247 248 249 250 251 252 253 254 255 256 257 258 259 260 261 262 263 264 265 266 267 268 269 270 271 272 273 274 275 276 277 278 279 280 281 282 283 284 285 286 287 288 289 290 291 292 293 294 295 296 297 298 299 300 301 302 303 304 305 306 307 308 309 310 311 312 313 314 315 316 317 318 319 320 321 322 323 324 325 326 327 328 329 330 331 332 333 334 335 336 337 338 339 340 341 342 -1
7 60 0 1 2 3 4 5 6 7 8 9 10 11 12 13 14 15 16 17 18 19 20 21 22 23 24 25 26 27 28 29 30 31 32 33 34 35 36 37 38 39 40 41 42 43 44 45 46 47 48 49 50 51 52 53 54 55 56 57 58 59 60 61 62 63 64 65 66 67 68 69 70 71 72 73 74 75 76 77 78 79 80 81 82 83 84 85 86 87 88 89 90 91 92 93 94 95 96 97 98 99 100 101 102 103 104 105 106 107 108 109 110 111 112 113 114 115 116 117 118 119 120 121 122 123 124 125 126 127 128 129 130 131 132 133 134 135 136 137 138 139 140 141 142 143 144 145 146 147 148 149 150 151 152 153 154 155 156 157 158 159 160 161 162 163 164 165 166 167 168 169 170 171 172 173 174 175 176 177 178 179 180 181 182 183 184 185 186 187 188 189 190 191 192 193 194 195 196 197 198 199 200 201 202 203 204 205 206 207 208 209 210 211 212 213 214 215 216 217 218 219 220 221 222 223 224 225 226 227 228 229 230 231 232 233 234 235 236 237 238 239 240 241 242 243 244 245 246 247 248 249 250 251 252 253 254 255 256 257 258 259 260 261 262 263 264 265 266 267 268 269 270 271 272 273 274 275 276 277 278 279 280 281 282 283 284 285 286 287 288 289 290 291 292 293 294 295 296 297 298 299 300 301 302 303 304 305 306 307 308 309 310 311 312 313 314 315 316 317 318 319 320 321 322 323 324 325 326 327 328 329 330 331 332 333 334 335 336 337 338 339 340 341 342 -1
7 61 98 99 100 101 102 103 104 105 106 107 108 109 110 111 112 113 114 115 116 117 118 119 120 121 122 123 124 125 126 127 128 129 130 131 132 133 134 135 136 137 138 139 140 141 142 143 144 145 146 147 148 149 150 151 152 153 154 155 156 157 158 159 160 161 162 163 164 165 166 167 168 169 170 171 172 173 174 175 176 177 178 179 180 181 182 183 184 185 186 187 188 189 190 191 192 193 194 195 196 197 198 199 200 201 202 203 204 205 206 207 208 209 210 211 212 213 214 215 216 217 218 219 220 221 222 223 224 225 226 227 228 229 230 231 232 233 234 235 236 237 238 239 240 241 242 243 244 245 246 247 248 249 250 251 252 253 254 255 256 257 258 259 260 261 262 263 264 265 266 267 268 269 270 271 272 273 274 275 276 277 278 279 280 281 282 283 284 285 286 287 288 289 290 291 292 293 294 295 296 297 298 299 300 301 302 303 304 305 306 307 308 309 310 311 312 313 314 315 316 317 318 319 320 321 322 323 324 325 326 327 328 329 330 331 332 333 334 335 336 337 338 339 340 341 342 -1
7 62 245 246 247 248 249 250 251 252 253 254 255 256 257 258 259 260 261 262 263 264 265 266 267 268 269 270 271 272 273 274 275 276 277 278 279 280 281 282 283 284 285 286 287 288 289 290 291 292 293 294 295 296 297 298 299 300 301 302 303 304 305 306 307 308 309 310 311 312 313 314 315 316 317 318 319 320 321 322 323 324 325 326 327 328 329 330 331 332 333 334 335 336 337 338 339 340 341 342 -1
7 63 294 295 296 297 298 299 300 301 302 303 304 305 306 307 308 309 310 311 312 313 314 315 316 317 318 319 320 321 322 323 324 325 326 327 328 329 330 331 332 333 334 335 336 337 338 339 340 341 342 -1
8 56 0 1 2 3 4 5 6 7 8 9 10 11 12 13 14 15 16 17 18 19 20 21 22 23 24 25 26 27 28 29 30 31 32 33 34 35 36 37 38 39 40 41 42 43 44 45 46 47 48 -1
8 57 0 1 2 3 4 5 6 7 8 9 10 11 12 13 14 15 16 17 18 19 20 21 22 23 24 25 26 27 28 29 30 31 32 33 34 35 36 37 38 39 40 41 42 43 44 45 46 47 48 49 50 51 52 53 54 55 56 57 58 59 60 61 62 63 64 65 66 67 68 69 70 71 72 73 74 75 76 77 78 79 80 81 82 83 84 85 86 87 88 89 90 91 92 93 94 95 96 97 98 99 100 101 102 103 104 105 106 107 108 109 110 111 112 113 114 115 116 117 118 119 120 121 122 123 124 125 126 127 128 129 130 131 132 133 134 135 136 137 138 139 140 141 142 143 144 145 146 -1
8 58 0 1 2 3 4 5 6 7 8 9 10 11 12 13 14 15 16 17 18 19 20 21 22 23 24 25 26 27 28 29 30 31 32 33 34 35 36 37 38 39 40 41 42 43 44 45 46 47 48 49 50 51 52 53 54 55 56 57 58 59 60 61 62 63 64 65 66 67 68 69 70 71 72 73 74 75 76 77 78 79 80 81 82 83 84 85 86 87 88 89 90 91 92 93 94 95 96 97 98 99 100 101 102 103 104 105 106 107 108 109 110 111 112 113 114 115 116 117 118 119 120 121 122 123 124 125 126 127 128 129 130 131 132 133 134 135 136 137 138 139 140 141 142 143 144 145 146 147 148 149 150 151 152 153 154 155 156 157 158 159 160 161 162 163 164 165 166 167 168 169 170 171 172 173 174 175 176 177 178 179 180 181 182 183 184 185 186 187 188 189 190 191 192 193 194 195 -1
8 59 0 1 2 3 4 5 6 7 8 9 10 11 12 13 14 15 16 17 18 19 20 21 22 23 24 25 26 27 28 29 30 31 32 33 34 35 36 37 38 39 40 41 42 43 44 45 46 47 48 49 50 51 52 53 54 55 56 57 58 59 60 61 62 63 64 65 66 67 68 69 70 71 72 73 74 75 76 77 78 79 80 81 82 83 84 85 86 87 88 89 90 91 92 93 94 95 96 97 98 99 100 101 102 103 104 105 106 107 108 109 110 111 112 113 114 115 116 117 118 119 120 121 122 123 124 125 126 127 128 129 130 131 132 133 134 135 136 137 138 139 140 141 142 143 144 145 146 147 148 149 150 151 152 153 154 155 156 157 158 159 160 161 162 163 164 165 166 167 168 169 170 171 172 173 174 175 176 177 178 179 180 181 182 183 184 185 186 187 188 189 190 191 192 193 194 195 196 197 198 199 200 201 202 203 204 205 206 207 208 209 210 211 212 213 214 215 216 217 218 219 220 221 222 223 224 225 226 227 228 229 230 231 232 233 234 235 236 237 238 239 240 241 242 243 244 245 246 247 248 249 250 251 252 253 254 255 256 257 258 259 260 261 262 263 264 265 266 267 268 269 270 271 272 273 274 275 276 277 278 279 280 281 282 283 284 285 286 287 288 289 290 291 292 293 -1
8 60 49 50 51 52 53 54 55 56 57 58 59 60 61 62 63 64 65 66 67 68 69 70 71 72 73 74 75 76 77 78 79 80 81 82 83 84 85 86 87 88 89 90 91 92 93 94 95 96 97 98 99 100 101 102 103 104 105 106 107 108 109 110 111 112 113 114 115 116 117 118 119 120 121 122 123 124 125 126 127 128 129 130 131 132 133 134 135 136 137 138 139 140 141 142 143 144 145 146 147 148 149 150 151 152 153 154 155 156 157 158 159 160 161 162 163 164 165 166 167 168 169 170 171 172 173 174 175 176 177 178 179 180 181 182 183 184 185 186 187 188 189 190 191 192 193 194 195 196 197 198 199 200 201 202 203 204 205 206 207 208 209 210 211 212 213 214 215 216 217 218 219 220 221 222 223 224 225 226 227 228 229 230 231 232 233 234 235 236 237 238 239 240 241 242 243 244 245 246 247 248 249 250 251 252 253 254 255 256 257 258 259 260 261 262 263 264 265 266 267 268 269 270 271 272 273 274 275 276 277 278 279 280 281 282 283 284 285 286 287 288 289 290 291 292 293 294 295 296 297 298 299 300 301 302 303 304 305 306 307 308 309 310 311 312 313 314 315 316 317 318 319 320 321 322 323 324 325 326 327 328 329 330 331 332 333 334 335 336 337 338 339 340 341 342 -1
8 61 147 148 149 150 151 152 153 154 155 156 157 158 159 160 161 162 163 164 165 166 167 168 169 170 171 172 173 174 175 176 177 178 179 180 181 182 183 184 185 186 187 188 189 190 191 192 193 194 195 196 197 198 199 200 201 202 203 204 205 206 207 208 209 210 211 212 213 214 215 216 217 218 219 220 221 222 223 224 225 226 227 228 229 230 231 232 233 234 235 236 237 238 239 240 241 242 243 244 245 246 247 248 249 250 251 252 253 254 255 256 257 258 259 260 261 262 263 264 265 266 267 268 269 270 271 272 273 274 275 276 277 278 279 280 281 282 283 284 285 286 287 288 289 290 291 292 293 294 295 296 297 298 299 300 301 302 303 304 305 306 307 308 309 310 311 312 313 314 315 316 317 318 319 320 321 322 323 324 325 326 327 328 329 330 331 332 333 334 335 336 337 338 339 340 341 342 -1
8 62 196 197 198 199 200 201 202 203 204 205 206 207 208 209 210 211 212 213 214 215 216 217 218 219 220 221 222 223 224 225 226 227 228 229 230 231 232 233 234 235 236 237 238 239 240 241 242 243 244 245 246 247 248 249 250 251 252 253 254 255 256 257 258 259 260 261 262 263 264 265 266 267 268 269 270 271 272 273 274 275 276 277 278 279 280 281 282 283 284 285 286 287 288 289 290 291 292 293 294 295 296 297 298 299 300 301 302 303 304 305 306 307 308 309 310 311 312 313 314 315 316 317 318 319 320 321 322 323 324 325 326 327 328 329 330 331 332 333 334 335 336 337 338 339 340 341 342 -1
8 63 294 295 296 297 298 299 300 301 302 303 304 305 306 307 308 309 310 311 312 313 314 315 316 317 318 319 320 321 322 323 324 325 326 327 328 329 330 331 332 333 334 335 336 337 338 339 340 341 342 -1
9 56 0 1 2 3 4 5 6 7 8 9 10 11 12 13 14 15 16 17 18 19 20 21 22 23 24 25 26 27 28 29 30 31 32 33 34 35 36 37 38 39 40 41 42 43 44 45 46 47 48 49 50 51 52 53 54 55 56 57 58 59 60 61 62 63 64 65 66 67 68 69 70 71 72 73 74 75 76 77 78 79 80 81 82 83 84 85 86 87 88 89 90 91 92 93 94 95 96 97 -1
9 57 0 1 2 3 4 5 6 7 8 9 10 11 12 13 14 15 16 17 18 19 20 21 22 23 24 25 26 27 28 29 30 31 32 33 34 35 36 37 38 39 40 41 42 43 44 45 46 47 48 49 50 51 52 53 54 55 56 57 58 59 60 61 62 63 64 65 66 67 68 69 70 71 72 73 74 75 76 77 78 79 80 81 82 83 84 85 86 87 88 89 90 91 92 93 94 95 96 97 98 99 100 101 102 103 104 105 106 107 108 109 110 111 112 113 114 115 116 117 118 119 120 121 122 123 124 125 126 127 128 129 130 131 132 133 134 135 136 137 138 139 140 141 142 143 144 145 146 -1
9 58 0 1 2 3 4 5 6 7 8 9 10 11 12 13 14 15 16 17 18 19 20 21 22 23 24 25 26 27 28 29 30 31 32 33 34 35 36 37 38 39 40 41 42 43 44 45 46 47 48 49 50 51 52 53 54 55 56 57 58 59 60 61 62 63 64 65 66 67 68 69 70 71 72 73 74 75 76 77 78 79 80 81 82 83 84 85 86 87 88 89 90 91 92 93 94 95 96 97 98 99 100 101 102 103 104 105 106 107 108 109 110 111 112 113 114 115 116 117 118 119 120 121 122 123 124 125 126 127 128 129 130 131 132 133 134 135 136 137 138 139 140 141 142 143 144 145 146 147 148 149 150 151 152 153 154 155 156 157 158 159 160 161 162 163 164 165 166 167 168 169 170 171 172 173 174 175 176 177 178 179 180 181 182 183 184 185 186 187 188 189 190 191 192 193 194 195 -1
9 59 0 1 2 3 4 5 6 7 8 9 10 11 12 13 14 15 16 17 18 19 20 21 22 23 24 25 26 27 28 29 30 31 32 33 34 35 36 37 38 39 40 41 42 43 44 45 46 47 48 49 50 51 52 53 54 55 56 57 58 59 60 61 62 63 64 65 66 67 68 69 70 71 72 73 74 75 76 77 78 79 80 81 82 83 84 85 86 87 88 89 90 91 92 93 94 95 96 97 98 99 100 101 102 103 104 105 106 107 108 109 110 111 112 113 114 115 116 117 118 119 120 121 122 123 124 125 126 127 128 129 130 131 132 133 134 135 136 137 138 139 140 141 142 143 144 145 146 147 148 149 150 151 152 153 154 155 156 157 158 159 160 161 162 163 164 165 166 167 168 169 170 171 172 173 174 175 176 177 178 179 180 181 182 183 184 185 186 187 188 189 190 191 192 193 194 195 196 197 198 199 200 201 202 203 204 205 206 207 208 209 210 211 212 213 214 215 216 217 218 219 220 221 222 223 224 225 226 227 228 229 230 231 232 233 234 235 236 237 238 239 240 241 242 243 244 245 246 247 248 249 250 251 252 253 254 255 256 257 258 259 260 261 262 263 264 265 266 267 268 269 270 271 272 273 274 275 276 277 278 279 280 281 282 283 284 285 286 287 288 289 290 291 292 293 -1
9 60 49 50 51 52 53 54 55 56 57 58 59 60 61 62 63 64 65 66 67 68 69 70 71 72 73 74 75 76 77 78 79 80 81 82 83 84 85 86 87 88 89 90 91 92 93 94 95 96 97 98 99 100 101 102 103 104 105 106 107 108 109 110 111 112 113 114 115 116 117 118 119 120 121 122 123 124 125 126 127 128 129 130 131 132 133 134 135 136 137 138 139 140 141 142 143 144 145 146 147 148 149 150 151 152 153 154 155 156 157 158 159 160 161 162 163 164 165 166 167 168 169 170 171 172 173 174 175 176 177 178 179 180 181 182 183 184 185 186 187 188 189 190 191 192 193 194 195 196 197 198 199 200 201 202 203 204 205 206 207 208 209 210 211 212 213 214 215 216 217 218 219 220 221 222 223 224 225 226 227 228 229 230 231 232 233 234 235 236 237 238 239 240 241 242 243 244 245 246 247 248 249 250 251 252 253 254 255 256 257 258 259 260 261 262 263 264 265 266 267 268 269 270 271 272 273 274 275 276 277 278 279 280 281 282 283 284 285 286 287 288 289 290 291 292 293 294 295 296 297 298 299 300 301 302 303 304 305 306 307 308 309 310 311 312 313 314 315 316 317 318 319 320 321 322 323 324 325 326 327 328 329 330 331 332 333 334 335 336 337 338 339 340 341 342 -1
9 61 147 148 149 150 151 152 153 154 155 156 157 158 159 160 161 162 163 164 165 166 167 168 169 170 171 172 173 174 175 176 177 178 179 180 181 182 183 184 185 186 187 188 189 190 191 192 193 194 195 196 197 198 199 200 201 202 203 204 205 206 207 208 209 210 211 212 213 214 215 216 217 218 219 220 221 222 223 224 225 226 227 228 229 230 231 232 233 234 235 236 237 238 239 240 241 242 243 244 245 246 247 248 249 250 251 252 253 254 255 256 257 258 259 260 261 262 263 264 265 266 267 268 269 270 271 272 273 274 275 276 277 278 279 280 281 282 283 284 285 286 287 288 289 290 291 292 293 294 295 296 297 298 299 300 301 302 303 304 305 306 307 308 309 310 311 312 313 314 315 316 317 318 319 320 321 322 323 324 325 326 327 328 329 330 331 332 333 334 335 336 337 338 339 340 341 342 -1
9 62 196 197 198 199 200 201 202 203 204 205 206 207 208 209 210 211 212 213 214 215 216 217 218 219 220 221 222 223 224 225 226 227 228 229 230 231 232 233 234 235 236 237 238 239 240 241 242 243 244 245 246 247 248 249 250 251 252 253 254 255 256 257 258 259 260 261 262 263 264 265 266 267 268 269 270 271 272 273 274 275 276 277 278 279 280 281 282 283 284 285 286 287 288 289 290 291 292 293 294 295 296 297 298 299 300 301 302 303 304 305 306 307 308 309 310 311 312 313 314 315 316 317 318 319 320 321 322 323 324 325 326 327 328 329 330 331 332 333 334 335 336 337 338 339 340 341 342 -1
9 63 245 246 247 248 249 250 251 252 253 254 255 256 257 258 259 260 261 262 263 264 265 266 267 268 269 270 271 272 273 274 275 276 277 278 279 280 281 282 283 284 285 286 287 288 289 290 291 292 293 294 295 296 297 298 299 300 301 302 303 304 305 306 307 308 309 310 311 312 313 314 315 316 317 318 319 320 321 322 323 324 325 326 327 328 329 330 331 332 333 334 335 336 337 338 339 340 341 342 -1
10 55 0 1 2 3 4 5 6 7 8 9 10 11 12 13 14 15 16 17 18 19 20 21 22 23 24 25 26 27 28 29 30 31 32 33 34 35 36 37 38 39 40 41 42 43 44 45 46 47 48 -1
10 56 0 1 2 3 4 5 6 7 8 9 10 11 12 13 14 15 16 17 18 19 20 21 22 23 24 25 26 27 28 29 30 31 32 33 34 35 36 37 38 39 40 41 42 43 44 45 46 47 48 49 50 51 52 53 54 55 56 57 58 59 60 61 62 63 64 65 66 67 68 69 70 71 72 73 74 75 76 77 78 79 80 81 82 83 84 85 86 87 88 89 90 91 92 93 94 95 96 97 -1
10 57 0 1 2 3 4 5 6 7 8 9 10 11 12 13 14 15 16 17 18 19 20 21 22 23 24 25 26 27 28 29 30 31 32 33 34 35 36 37 38 39 40 41 42 43 44 45 46 47 48 49 50 51 52 53 54 55 56 57 58 59 60 61 62 63 64 65 66 67 68 69 70 71 72 73 74 75 76 77 78 79 80 81 82 83 84 85 86 87 88 89 90 91 92 93 94 95 96 97 98 99 100 101 102 103 104 105 106 107 108 109 110 111 112 113 114 115 116 117 118 119 120 121 122 123 124 125 126 127 128 129 130 131 132 133 134 135 136 137 138 139 140 141 142 143 144 145 146 -1
10 58 0 1 2 3 4 5 6 7 8 9 10 11 12 13 14 15 16 17 18 19 20 21 22 23 24 25 26 27 28 29 30 31 32 33 34 35 36 37 38 39 40 41 42 43 44 45 46 47 48 49 50 51 52 53 54 55 56 57 58 59 60 61 62 63 64 65 66 67 68 69 70 71 72 73 74 75 76 77 78 79 80 81 82 83 84 85 86 87 88 89 90 91 92 93 94 95 96 97 98 99 100 101 102 103 104 105 106 107 108 109 110 111 112 113 114 115 116 117 118 119 120 121 122 123 124 125 126 127 128 129 130 131 132 133 134 135 136 137 138 139 140 141 142 143 144 145 146 147 148 149 150 151 152 153 154 155 156 157 158 159 160 161 162 163 164 165 166 167 168 169 170 171 172 173 174 175 176 177 178 179 180 181 182 183 184 185 186 187 188 189 190 191 192 193 194 195 -1
10 59 0 1 2 3 4 5 6 7 8 9 10 11 12 13 14 15 16 17 18 19 20 21 22 23 24 25 26 27 28 29 30 31 32 33 34 35 36 37 38 39 40 41 42 43 44 45 46 47 48 49 50 51 52 53 54 55 56 57 58 59 60 61 62 63 64 65 66 67 68 69 70 71 72 73 74 75 76 77 78 79 80 81 82 83 84 85 86 87 88 89 90 91 92 93 94 95 96 97 98 99 100 101 102 103 104 105 106 107 108 109 110 111 112 113 114 115 116 117 118 119 120 121 122 123 124 125 126 127 128 129 130 131 132 133 134 135 136 137 138 139 140 141 142 143 144 145 146 147 148 149 150 151 152 153 154 155 156 157 158 159 160 161 162 163 164 165 166 167 168 169 170 171 172 173 174 175 176 177 178 179 180 181 182 183 184 185 186 187 188 189 190 191 192 193 194 195 196 197 198 199 200 201 202 203 204 205 206 207 208 209 210 211 212 213 214 215 216 217 218 219 220 221 222 223 224 225 226 227 228 229 230 231 232 233 234 235 236 237 238 239 240 241 242 243 244 -1
10 60 98 99 100 101 102 103 104 105 106 107 108 109 110 111 112 113 114 115 116 117 118 119 120 121 122 123 124 125 126 127 128 129 130 131 132 133 134 135 136 137 138 139 140 141 142 143 144 145 146 147 148 149 150 151 152 153 154 155 156 157 158 159 160 161 162 163 164 165 166 167 168 169 170 171 172 173 174 175 176 177 178 179 180 181 182 183 184 185 186 187 188 189 190 191 192 193 194 195 196 197 198 199 200 201 202 203 204 205 206 207 208 209 210 211 212 213 214 215 216 217 218 219 220 221 222 223 224 225 226 227 228 229 230 231 232 233 234 235 236 237 238 239 240 241 242 243 244 245 246 247 248 249 250 251 252 253 254 255 256 257 258 259 260 261 262 263 264 265 266 267 268 269 270 271 272 273 274 275 276 277 278 279 280 281 282 283 284 285 286 287 288 289 290 291 292 293 294 295 296 297 298 299 300 301 302 303 304 305 306 307 308 309 310 311 312 313 314 315 316 317 318 319 320 321 322 323 324 325 326 327 328 329 330 331 332 333 334 335 336 337 338 339 340 341 342 -1
10 61 147 148 149 150 151 152 153 154 155 156 157 158 159 160 161 162 163 164 165 166 167 168 169 170 171 172 173 174 175 176 177 178 179 180 181 182 183 184 185 186 187 188 189 190 191 192 193 194 195 196 197 198 199 200 201 202 203 204 205 206 207 208 209 210 211 212 213 214 215 216 217 218 219 220 221 222 223 224 225 226 227 228 229 230 231 232 233 234 235 236 237 238 239 240 241 242 243 244 245 246 247 248 249 250 251 252 253 254 255 256 257 258 259 260 261 262 263 264 265 266 267 268 269 270 271 272 273 274 275 276 277 278 279 280 281 282 283 284 285 286 287 288 289 290 291 292 293 294 295 296 297 298 299 300 301 302 303 304 305 306 307 308 309 310 311 312 313 314 315 316 317 318 319 320 321 322 323 324 325 326 327 328 329 330 331 332 333 334 335 336 337 338 339 340 341 342 -1
10 62 196 197 198 199 200 201 202 203 204 205 206 207 208 209 210 211 212 213 214 215 216 217 218 219 220 221 222 223 224 225 226 227 228 229 230 231 232 233 234 235 236 237 238 239 240 241 242 243 244 245 246 247 248 249 250 251 252 253 254 255 256 257 258 259 260 261 262 263 264 265 266 267 268 269 270 271 272 273 274 275 276 277 278 279 280 281 282 283 284 285 286 287 288 289 290 291 292 293 294 295 296 297 298 299 300 301 302 303 304 305 306 307 308 309 310 311 312 313 314 315 316 317 318 319 320 321 322 323 324 325 326 327 328 329 330 331 332 333 334 335 336 337 338 339 340 341 342 -1
10 63 245 246 247 248 249 250 251 252 253 254 255 256 257 258 259 260 261 262 263 264 265 266 267 268 269 270 271 272 273 274 275 276 277 278 279 280 281 282 283 284 285 286 287 288 289 290 291 292 293 294 295 296 297 298 299 300 301 302 303 304 305 306 307 308 309 310 311 312 313 314 315 316 317 318 319 320 321 322 323 324 325 326 327 328 329 330 331 332 333 334 335 336 337 338 339 340 341 342 -1
10 64 294 295 296 297 298 299 300 301 302 303 304 305 306 307 308 309 310 311 312 313 314 315 316 317 318 319 320 321 322 323 324 325 326 327 328 329 330 331 332 333 334 335 336 337 338 339 340 341 342 -1
11 54 0 1 2 3 4 5 6 7 8 9 10 11 12 13 14 15 16 17 18 19 20 21 22 23 24 25 26 27 28 29 30 31 32 33 34 35 36 37 38 39 40 41 42 43 44 45 46 47 48 -1
11 55 0 1 2 3 4 5 6 7 8 9 10 11 12 13 14 15 16 17 18 19 20 21 22 23 24 25 26 27 28 29 30 31 32 33 34 35 36 37 38 39 40 41 42 43 44 45 46 47 48 -1
11 56 0 1 2 3 4 5 6 7 8 9 10 11 12 13 14 15 16 17 18 19 20 21 22 23 24 25 26 27 28 29 30 31 32 33 34 35 36 37 38 39 40 41 42 43 44 45 46 47 48 49 50 51 52 53 54 55 56 57 58 59 60 61 62 63 64 65 66 67 68 69 70 71 72 73 74 75 76 77 78 79 80 81 82 83 84 85 86 87 88 89 90 91 92 93 94 95 96 97 -1
11 57 0 1 2 3 4 5 6 7 8 9 10 11 12 13 14 15 16 17 18 19 20 21 22 23 24 25 26 27 28 29 30 31 32 33 34 35 36 37 38 39 40 41 42 43 44 45 46 47 48 49 50 51 52 53 54 55 56 57 58 59 60 61 62 63 64 65 66 67 68 69 70 71 72 73 74 75 76 77 78 79 80 81 82 83 84 85 86 87 88 89 90 91 92 93 94 95 96 97 98 99 100 101 102 103 104 105 106 107 108 109 110 111 112 113 114 115 116 117 118 119 120 121 122 123 124 125 126 127 128 129 130 131 132 133 134 135 136 137 138 139 140 141 142 143 144 145 146 -1
11 58 0 1 2 3 4 5 6 7 8 9 10 11 12 13 14 15 16 17 18 19 20 21 22 23 24 25 26 27 28 29 30 31 32 33 34 35 36 37 38 39 40 41 42 43 44 45 46 47 48 49 50 51 52 53 54 55 56 57 58 59 60 61 62 63 64 65 66 67 68 69 70 71 72 73 74 75 76 77 78 79 80 81 82 83 84 85 86 87 88 89 90 91 92 93 94 95 96 97 98 99 100 101 102 103 104 105 106 107 108 109 110 111 112 113 114 115 116 117 118 119 120 121 122 123 124 125 126 127 128 129 130 131 132 133 134 135 136 137 138 139 140 141 142 143 144 145 146 147 148 149 150 151 152 153 154 155 156 157 158 159 160 161 162 163 164 165 166 167 168 169 170 171 172 173 174 175 176 177 178 179 180 181 182 183 184 185 186 187 188 189 190 191 192 193 194 195 -1
11 59 49 50 51 52 53 54 55 56 57 58 59 60 61 62 63 64 65 66 67 68 69 70 71 72 73 74 75 76 77 78 79 80 81 82 83 84 85 86 87 88 89 90 91 92 93 94 95 96 97 98 99 100 101 102 103 104 105 106 107 108 109 110 111 112 113 114 115 116 117 118 119 120 121 122 123 124 125 126 127 128 129 130 131 132 133 134 135 136 137 138 139 140 141 142 143 144 145 146 147 148 149 150 151 152 153 154 155 156 157 158 159 160 161 162 163 164 165 166 167 168 169 170 171 172 173 174 175 176 177 178 179 180 181 182 183 184 185 186 187 188 189 190 191 192 193 194 195 196 197 198 199 200 201 202 203 204 205 206 207 208 209 210 211 212 213 214 215 216 217 218 219 220 221 222 223 224 225 226 227 228 229 230 231 232 233 234 235 236 237 238 239 240 241 242 243 244 -1
11 60 98 99 100 101 102 103 104 105 106 107 108 109 110 111 112 113 114 115 116 117 118 119 120 121 122 123 124 125 126 127 128 129 130 131 132 133 134 135 136 137 138 139 140 141 142 143 144 145 146 147 148 149 150 151 152 153 154 155 156 157 158 159 160 161 162 163 164 165 166 167 168 169 170 171 172 173 174 175 176 177 178 179 180 181 182 183 184 185 186 187 188 189 190 191 192 193 194 195 196 197 198 199 200 201 202 203 204 205 206 207 208 209 210 211 212 213 214 215 216 217 218 219 220 221 222 223 224 225 226 227 228 229 230 231 232 233 234 235 236 237 238 239 240 241 242 243 244 245 246 247 248 249 250 251 252 253 254 255 256 257 258 259 260 261 262 263 264 265 266 267 268 269 270 271 272 273 274 275 276 277 278 279 280 281 282 283 284 285 286 287 288 289 290 291 292 293 -1
11 61 147 148 149 150 151 152 153 154 155 156 157 158 159 160 161 162 163 164 165 166 167 168 169 170 171 172 173 174 175 176 177 178 179 180 181 182 183 184 185 186 187 188 189 190 191 192 193 194 195 196 197 198 199 200 201 202 203 204 205 206 207 208 209 210 211 212 213 214 215 216 217 218 219 220 221 222 223 224 225 226 227 228 229 230 231 232 233 234 235 236 237 238 239 240 241 242 243 244 245 246 247 248 249 250 251 252 253 254 255 256 257 258 259 260 261 262 263 264 265 266 267 268 269 270 271 272 273 274 275 276 277 278 279 280 281 282 283 284 285 286 287 288 289 290 291 292 293 294 295 296 297 298 299 300 301 302 303 304 305 306 307 308 309 310 311 312 313 314 315 316 317 318 319 320 321 322 323 324 325 326 327 328 329 330 331 332 333 334 335 336 337 338 339 340 341 342 -1
11 62 196 197 198 199 200 201 202 203 204 205 206 207 208 209 210 211 212 213 214 215 216 217 218 219 220 221 222 223 224 225 226 227 228 229 230 231 232 233 234 235 236 237 238 239 240 241 242 243 244 245 246 247 248 249 250 251 252 253 254 255 256 257 258 259 260 261 262 263 264 265 266 267 268 269 270 271 272 273 274 275 276 277 278 279 280 281 282 283 284 285 286 287 288 289 290 291 292 293 294 295 296 297 298 299 300 301 302 303 304 305 306 307 308 309 310 311 312 313 314 315 316 317 318 319 320 321 322 323 324 325 326 327 328 329 330 331 332 333 334 335 336 337 338 339 340 341 342 -1
11 63 245 246 247 248 249 250 251 252 253 254 255 256 257 258 259 260 261 262 263 264 265 266 267 268 269 270 271 272 273 274 275 276 277 278 279 280 281 282 283 284 285 286 287 288 289 290 291 292 293 294 295 296 297 298 299 300 301 302 303 304 305 306 307 308 309 310 311 312 313 314 315 316 317 318 319 320 321 322 323 324 325 326 327 328 329 330 331 332 333 334 335 336 337 338 339 340 341 342 -1
11 64 294 295 296 297 298 299 300 301 302 303 304 305 306 307 308 309 310 311 312 313 314 315 316 317 318 319 320 321 322 323 324 325 326 327 328 329 330 331 332 333 334 335 336 337 338 339 340 341 342 -1
11 65 294 295 296 297 298 299 300 301 302 303 304 305 306 307 308 309 310 311 312 313 314 315 316 317 318 319 320 321 322 323 324 325 326 327 328 329 330 331 332 333 334 335 336 337 338 339 340 341 342 -1
12 54 0 1 2 3 4 5 6 7 8 9 10 11 12 13 14 15 16 17 18 19 20 21 22 23 24 25 26 27 28 29 30 31 32 33 34 35 36 37 38 39 40 41 42 43 44 45 46 47 48 -1
12 55 0 1 2 3 4 5 6 7 8 9 10 11 12 13 14 15 16 17 18 19 20 21 22 23 24 25 26 27 28 29 30 31 32 33 34 35 36 37 38 39 40 41 42 43 44 45 46 47 48 49 50 51 52 53 54 55 56 57 58 59 60 61 62 63 64 65 66 67 68 69 70 71 72 73 74 75 76 77 78 79 80 81 82 83 84 85 86 87 88 89 90 91 92 93 94 95 96 97 -1
12 56 0 1 2 3 4 5 6 7 8 9 10 11 12 13 14 15 16 17 18 19 20 21 22 23 24 25 26 27 28 29 30 31 32 33 34 35 36 37 38 39 40 41 42 43 44 45 46 47 48 49 50 51 52 53 54 55 56 57 58 59 60 61 62 63 64 65 66 67 68 69 70 71 72 73 74 75 76 77 78 79 80 81 82 83 84 85 86 87 88 89 90 91 92 93 94 95 96 97 -1
12 57 0 1 2 3 4 5 6 7 8 9 10 11 12 13 14 15 16 17 18 19 20 21 22 23 24 25 26 27 28 29 30 31 32 33 34 35 36 37 38 39 40 41 42 43 44 45 46 47 48 49 50 51 52 53 54 55 56 57 58 59 60 61 62 63 64 65 66 67 68 69 70 71 72 73 74 75 76 77 78 79 80 81 82 83 84 85 86 87 88 89 90 91 92 93 94 95 96 97 98 99 100 101 102 103 104 105 106 107 108 109 110 111 112 113 114 115 116 117 118 119 120 121 122 123 124 125 126 127 128 129 130 131 132 133 134 135 136 137 138 139 140 141 142 143 144 145 146 -1
12 58 49 50 51 52 53 54 55 56 57 58 59 60 61 62 63 64 65 66 67 68 69 70 71 72 73 74 75 76 77 78 79 80 81 82 83 84 85 86 87 88 89 90 91 92 93 94 95 96 97 98 99 100 101 102 103 104 105 106 107 108 109 110 111 112 113 114 115 116 117 118 119 120 121 122 123 124 125 126 127 128 129 130 131 132 133 134 135 136 137 138 139 140 141 142 143 144 145 146 147 148 149 150 151 152 153 154 155 156 157 158 159 160 161 162 163 164 165 166 167 168 169 170 171 172 173 174 175 176 177 178 179 180 181 182 183 184 185 186 187 188 189 190 191 192 193 194 195 -1
12 59 49 50 51 52 53 54 55 56 57 58 59 60 61 62 63 64 65 66 67 68 69 70 71 72 73 74 75 76 77 78 79 80 81 82 83 84 85 86 87 88 89 90 91 92 93 94 95 96 97 98 99 100 101 102 103 104 105 106 107 108 109 110 111 112 113 114 115 116 117 118 119 120 121 122 123 124 125 126 127 128 129 130 131 132 133 134 135 136 137 138 139 140 141 142 143 144 145 146 147 148 149 150 151 152 153 154 155 156 157 158 159 160 161 162 163 164 165 166 167 168 169 170 171 172 173 174 175 176 177 178 179 180 181 182 183 184 185 186 187 188 189 190 191 192 193 194 195 196 197 198 199 200 201 202 203 204 205 206 207 208 209 210 211 212 213 214 215 216 217 218 219 220 221 222 223 224 225 226 227 228 229 230 231 232 233 234 235 236 237 238 239 240 241 242 243 244 -1
12 60 98 99 100 101 102 103 104 105 106 107 108 109 110 111 112 113 114 115 116 117 118 119 120 121 122 123 124 125 126 127 128 129 130 131 132 133 134 135 136 137 138 139 140 141 142 143 144 145 146 147 148 149 150 151 152 153 154 155 156 157 158 159 160 161 162 163 164 165 166 167 168 169 170 171 172 173 174 175 176 177 178 179 180 181 182 183 184 185 186 187 188 189 190 191 192 193 194 195 196 197 198 199 200 201 202 203 204 205 206 207 208 209 210 211 212 213 214 215 216 217 218 219 220 221 222 223 224 225 226 227 228 229 230 231 232 233 234 235 236 237 238 239 240 241 242 243 244 245 246 247 248 249 250 251 252 253 254 255 256 257 258 259 260 261 262 263 264 265 266 267 268 269 270 271 272 273 274 275 276 277 278 279 280 281 282 283 284 285 286 287 288 289 290 291 292 293 -1
12 61 147 148 149 150 151 152 153 154 155 156 157 158 159 160 161 162 163 164 165 166 167 168 169 170 171 172 173 174 175 176 177 178 179 180 181 182 183 184 185 186 187 188 189 190 191 192 193 194 195 196 197 198 199 200 201 202 203 204 205 206 207 208 209 210 211 212 213 214 215 216 217 218 219 220 221 222 223 224 225 226 227 228 229 230 231 232 233 234 235 236 237 238 239 240 241 242 243 244 245 246 247 248 249 250 251 252 253 254 255 256 257 258 259 260 261 262 263 264 265 266 267 268 269 270 271 272 273 274 275 276 277 278 279 280 281 282 283 284 285 286 287 288 289 290 291 292 293 -1
12 62 196 197 198 199 200 201 202 203 204 205 206 207 208 209 210 211 212 213 214 215 216 217 218 219 220 221 222 223 224 225 226 227 228 229 230 231 232 233 234 235 236 237 238 239 240 241 242 243 244 245 246 247 248 249 250 251 252 253 254 255 256 257 258 259 260 261 262 263 264 265 266 267 268 269 270 271 272 273 274 275 276 277 278 279 280 281 282 283 284 285 286 287 288 289 290 291 292 293 294 295 296 297 298 299 300 301 302 303 304 305 306 307 308 309 310 311 312 313 314 315 316 317 318 319 320 321 322 323 324 325 326 327 328 329 330 331 332 333 334 335 336 337 338 339 340 341 342 -1
12 63 245 246 247 248 249 250 251 252 253 254 255 256 257 258 259 260 261 262 263 264 265 266 267 268 269 270 271 272 273 274 275 276 277 278 279 280 281 282 283 284 285 286 287 288 289 290 291 292 293 294 295 296 297 298 299 300 301 302 303 304 305 306 307 308 309 310 311 312 313 314 315 316 317 318 319 320 321 322 323 324 325 326 327 328 329 330 331 332 333 334 335 336 337 338 339 340 341 342 -1
12 64 245 246 247 248 249 250 251 252 253 254 255 256 257 258 259 260 261 262 263 264 265 266 267 268 269 270 271 272 273 274 275 276 277 278 279 280 281 282 283 284 285 286 287 288 289 290 291 292 293 294 295 296 297 298 299 300 301 302 303 304 305 306 307 308 309 310 311 312 313 314 315 316 317 318 319 320 321 322 323 324 325 326 327 328 329 330 331 332 333 334 335 336 337 338 339 340 341 342 -1
12 65 294 295 296 297 298 299 300 301 302 303 304 305 306 307 308 309 310 311 312 313 314 315 316 317 318 319 320 321 322 323 324 325 326 327 328 329 330 331 332 333 334 335 336 337 338 339 340 341 342 -1
13 53 0 1 2 3 4 5 6 7 8 9 10 11 12 13 14 15 16 17 18 19 20 21 22 23 24 25 26 27 28 29 30 31 32 33 34 35 36 37 38 39 40 41 42 43 44 45 46 47 48 -1
13 54 0 1 2 3 4 5 6 7 8 9 10 11 12 13 14 15 16 17 18 19 20 21 22 23 24 25 26 27 28 29 30 31 32 33 34 35 36 37 38 39 40 41 42 43 44 45 46 47 48 -1
13 55 0 1 2 3 4 5 6 7 8 9 10 11 12 13 14 15 16 17 18 19 20 21 22 23 24 25 26 27 28 29 30 31 32 33 34 35 36 37 38 39 40 41 42 43 44 45 46 47 48 49 50 51 52 53 54 55 56 57 58 59 60 61 62 63 64 65 66 67 68 69 70 71 72 73 74 75 76 77 78 79 80 81 82 83 84 85 86 87 88 89 90 91 92 93 94 95 96 97 -1
13 56 0 1 2 3 4 5 6 7 8 9 10 11 12 13 14 15 16 17 18 19 20 21 22 23 24 25 26 27 28 29 30 31 32 33 34 35 36 37 38 39 40 41 42 43 44 45 46 47 48 49 50 51 52 53 54 55 56 57 58 59 60 61 62 63 64 65 66 67 68 69 70 71 72 73 74 75 76 77 78 79 80 81 82 83 84 85 86 87 88 89 90 91 92 93 94 95 96 97 -1
13 57 0 1 2 3 4 5 6 7 8 9 10 11 12 13 14 15 16 17 18 19 20 21 22 23 24 25 26 27 28 29 30 31 32 33 34 35 36 37 38 39 40 41 42 43 44 45 46 47 48 49 50 51 52 53 54 55 56 57 58 59 60 61 62 63 64 65 66 67 68 69 70 71 72 73 74 75 76 77 78 79 80 81 82 83 84 85 86 87 88 89 90 91 92 93 94 95 96 97 98 99 100 101 102 103 104 105 106 107 108 109 110 111 112 113 114 115 116 117 118 119 120 121 122 123 124 125 126 127 128 129 130 131 132 133 134 135 136 137 138 139 140 141 142 143 144 145 146 -1
13 58 49 50 51 52 53 54 55 56 57 58 59 60 61 62 63 64 65 66 67 68 69 70 71 72 73 74 75 76 77 78 79 80 81 82 83 84 85 86 87 88 89 90 91 92 93 94 95 96 97 98 99 100 101 102 103 104 105 106 107 108 109 110 111 112 113 114 115 116 117 118 119 120 121 122 123 124 125 126 127 128 129 130 131 132 133 134 135 136 137 138 139 140 141 142 143 144 145 146 147 148 149 150 151 152 153 154 155 156 157 158 159 160 161 162 163 164 165 166 167 168 169 170 171 172 173 174 175 176 177 178 179 180 181 182 183 184 185 186 187 188 189 190 191 192 193 194 195 -1
13 59 98 99 100 101 102 103 104 105 106 107 108 109 110 111 112 113 114 115 116 117 118 119 120 121 122 123 124 125 126 127 128 129 130 131 132 133 134 135 136 137 138 139 140 141 142 143 144 145 146 147 148 149 150 151 152 153 154 155 156 157 158 159 160 161 162 163 164 165 166 167 168 169 170 171 172 173 174 175 176 177 178 179 180 181 182 183 184 185 186 187 188 189 190 191 192 193 194 195 196 197 198 199 200 201 202 203 204 205 206 207 208 209 210 211 212 213 214 215 216 217 218 219 220 221 222 223 224 225 226 227 228 229 230 231 232 233 234 235 236 237 238 239 240 241 242 243 244 -1
13 60 98 99 100 101 102 103 104 105 106 107 108 109 110 111 112 113 114 115 116 117 118 119 120 121 122 123 124 125 126 127 128 129 130 131 132 133 134 135 136 137 138 139 140 141 142 143 144 145 146 147 148 149 150 151 152 153 154 155 156 157 158 159 160 161 162 163 164 165 166 167 168 169 170 171 172 173 174 175 176 177 178 179 180 181 182 183 184 185 186 187 188 189 190 191 192 193 194 195 196 197 198 199 200 201 202 203 204 205 206 207 208 209 210 211 212 213 214 215 216 217 218 219 220 221 222 223 224 225 226 227 228 229 230 231 232 233 234 235 236 237 238 239 240 241 242 243 244 -1
13 61 147 148 149 150 151 152 153 154 155 156 157 158 159 160 161 162 163 164 165 166 167 168 169 170 171 172 173 174 175 176 177 178 179 180 181 182 183 184 185 186 187 188 189 190 191 192 193 194 195 196 197 198 199 200 201 202 203 204 205 206 207 208 209 210 211 212 213 214 215 216 217 218 219 220 221 222 223 224 225 226 227 228 229 230 231 232 233 234 235 236 237 238 239 240 241 242 243 244 245 246 247 248 249 250 251 252 253 254 255 256 257 258 259 260 261 262 263 264 265 266 267 268 269 270 271 272 273 274 275 276 277 278 279 280 281 282 283 284 285 286 287 288 289 290 291 292 293 -1
13 62 196 197 198 199 200 201 202 203 204 205 206 207 208 209 210 211 212 213 214 215 216 217 218 219 220 221 222 223 224 225 226 227 228 229 230 231 232 233 234 235 236 237 238 239 240 241 242 243 244 245 246 247 248 249 250 251 252 253 254 255 256 257 258 259 260 261 262 263 264 265 266 267 268 269 270 271 272 273 274 275 276 277 278 279 280 281 282 283 284 285 286 287 288 289 290 291 292 293 294 295 296 297 298 299 300 301 302 303 304 305 306 307 308 309 310 311 312 313 314 315 316 317 318 319 320 321 322 323 324 325 326 327 328 329 330 331 332 333 334 335 336 337 338 339 340 341 342 -1
13 63 245 246 247 248 249 250 251 252 253 254 255 256 257 258 259 260 261 262 263 264 265 266 267 268 269 270 271 272 273 274 275 276 277 278 279 280 281 282 283 284 285 286 287 288 289 290 291 292 293 294 295 296 297 298 299 300 301 302 303 304 305 306 307 308 309 310 311 312 313 314 315 316 317 318 319 320 321 322 323 324 325 326 327 328 329 330 331 332 333 334 335 336 337 338 339 340 341 342 -1
13 64 245 246 247 248 249 250 251 252 253 254 255 256 257 258 259 260 261 262 263 264 265 266 267 268 269 270 271 272 273 274 275 276 277 278 279 280 281 282 283 284 285 286 287 288 289 290 291 292 293 294 295 296 297 298 299 300 301 302 303 304 305 306 307 308 309 310 311 312 313 314 315 316 317 318 319 320 321 322 323 324 325 326 327 328 329 330 331 332 333 334 335 336 337 338 339 340 341 342 -1
13 65 294 295 296 297 298 299 300 301 302 303 304 305 306 307 308 309 310 311 312 313 314 315 316 317 318 319 320 321 322 323 324 325 326 327 328 329 330 331 332 333 334 335 336 337 338 339 340 341 342 -1
13 66 294 295 296 297 298 299 300 301 302 303 304 305 306 307 308 309 310 311 312 313 314 315 316 317 318 319 320 321 322 323 324 325 326 327 328 329 330 331 332 333 334 335 336 337 338 339 340 341 342 -1
14 52 0 1 2 3 4 5 6 7 8 9 10 11 12 13 14 15 16 17 18 19 20 21 22 23 24 25 26 27 28 29 30 31 32 33 34 35 36 37 38 39 40 41 42 43 44 45 46 47 48 -1
14 53 0 1 2 3 4 5 6 7 8 9 10 11 12 13 14 15 16 17 18 19 20 21 22 23 24 25 26 27 28 29 30 31 32 33 34 35 36 37 38 39 40 41 42 43 44 45 46 47 48 -1
14 54 0 1 2 3 4 5 6 7 8 9 10 11 12 13 14 15 16 17 18 19 20 21 22 23 24 25 26 27 28 29 30 31 32 33 34 35 36 37 38 39 40 41 42 43 44 45 46 47 48 49 50 51 52 53 54 55 56 57 58 59 60 61 62 63 64 65 66 67 68 69 70 71 72 73 74 75 76 77 78 79 80 81 82 83 84 85 86 87 88 89 90 91 92 93 94 95 96 97 -1
14 55 0 1 2 3 4 5 6 7 8 9 10 11 12 13 14 15 16 17 18 19 20 21 22 23 24 25 26 27 28 29 30 31 32 33 34 35 36 37 38 39 40 41 42 43 44 45 46 47 48 49 50 51 52 53 54 55 56 57 58 59 60 61 62 63 64 65 66 67 68 69 70 71 72 73 74 75 76 77 78 79 80 81 82 83 84 85 86 87 88 89 90 91 92 93 94 95 96 97 -1
14 56 0 1 2 3 4 5 6 7 8 9 10 11 12 13 14 15 16 17 18 19 20 21 22 23 24 25 26 27 28 29 30 31 32 33 34 35 36 37 38 39 40 41 42 43 44 45 46 47 48 49 50 51 52 53 54 55 56 57 58 59 60 61 62 63 64 65 66 67 68 69 70 71 72 73 74 75 76 77 78 79 80 81 82 83 84 85 86 87 88 89 90 91 92 93 94 95 96 97 98 99 100 101 102 103 104 105 106 107 108 109 110 111 112 113 114 115 116 117 118 119 120 121 122 123 124 125 126 127 128 129 130 131 132 133 134 135 136 137 138 139 140 141 142 143 144 145 146 -1
14 57 49 50 51 52 53 54 55 56 57 58 59 60 61 62 63 64 65 66 67 68 69 70 71 72 73 74 75 76 77 78 79 80 81 82 83 84 85 86 87 88 89 90 91 92 93 94 95 96 97 98 99 100 101 102 103 104 105 106 107 108 109 110 111 112 113 114 115 116 117 118 119 120 121 122 123 124 125 126 127 128 129 130 131 132 133 134 135 136 137 138 139 140 141 142 143 144 145 146 -1
14 58 49 50 51 52 53 54 55 56 57 58 59 60 61 62 63 64 65 66 67 68 69 70 71 72 73 74 75 76 77 78 79 80 81 82 83 84 85 86 87 88 89 90 91 92 93 94 95 96 97 98 99 100 101 102 103 104 105 106 107 108 109 110 111 112 113 114 115 116 117 118 119 120 121 122 123 124 125 126 127 128 129 130 131 132 133 134 135 136 137 138 139 140 141 142 143 144 145 146 147 148 149 150 151 152 153 154 155 156 157 158 159 160 161 162 163 164 165 166 167 168 169 170 171 172 173 174 175 176 177 178 179 180 181 182 183 184 185 186 187 188 189 190 191 192 193 194 195 -1
14 59 98 99 100 101 102 103 104 105 106 107 108 109 110 111 112 113 114 115 116 117 118 119 120 121 122 123 124 125 126 127 128 129 130 131 132 133 134 135 136 137 138 139 140 141 142 143 144 145 146 147 148 149 150 151 152 153 154 155 156 157 158 159 160 161 162 163 164 165 166 167 168 169 170 171 172 173 174 175 176 177 178 179 180 181 182 183 184 185 186 187 188 189 190 191 192 193 194 195 -1
14 60 147 148 149 150 151 152 153 154 155 156 157 158 159 160 161 162 163 164 165 166 167 168 169 170 171 172 173 174 175 176 177 178 179 180 181 182 183 184 185 186 187 188 189 190 191 192 193 194 195 196 197 198 199 200 201 202 203 204 205 206 207 208 209 210 211 212 213 214 215 216 217 218 219 220 221 222 223 224 225 226 227 228 229 230 231 232 233 234 235 236 237 238 239 240 241 242 243 244 -1
14 61 147 148 149 150 151 152 153 154 155 156 157 158 159 160 161 162 163 164 165 166 167 168 169 170 171 172 173 174 175 176 177 178 179 180 181 182 183 184 185 186 187 188 189 190 191 192 193 194 195 196 197 198 199 200 201 202 203 204 205 206 207 208 209 210 211 212 213 214 215 216 217 218 219 220 221 222 223 224 225 226 227 228 229 230 231 232 233 234 235 236 237 238 239 240 241 242 243 244 245 246 247 248 249 250 251 252 253 254 255 256 257 258 259 260 261 262 263 264 265 266 267 268 269 270 271 272 273 274 275 276 277 278 279 280 281 282 283 284 285 286 287 288 289 290 291 292 293 -1
14 62 196 197 198 199 200 201 202 203 204 205 206 207 208 209 210 211 212 213 214 215 216 217 218 219 220 221 222 223 224 225 226 227 228 229 230 231 232 233 234 235 236 237 238 239 240 241 242 243 244 245 246 247 248 249 250 251 252 253 254 255 256 257 258 259 260 261 262 263 264 265 266 267 268 269 270 271 272 273 274 275 276 277 278 279 280 281 282 283 284 285 286 287 288 289 290 291 292 293 -1
14 63 196 197 198 199 200 201 202 203 204 205 206 207 208 209 210 211 212 213 214 215 216 217 218 219 220 221 222 223 224 225 226 227 228 229 230 231 232 233 234 235 236 237 238 239 240 241 242 243 244 245 246 247 248 249 250 251 252 253 254 255 256 257 258 259 260 261 262 263 264 265 266 267 268 269 270 271 272 273 274 275 276 277 278 279 280 281 282 283 284 285 286 287 288 289 290 291 292 293 294 295 296 297 298 299 300 301 302 303 304 305 306 307 308 309 310 311 312 313 314 315 316 317 318 319 320 321 322 323 324 325 326 327 328 329 330 331 332 333 334 335 336 337 338 339 340 341 342 -1
14 64 245 246 247 248 249 250 251 252 253 254 255 256 257 258 259 260 261 262 263 264 265 266 267 268 269 270 271 272 273 274 275 276 277 278 279 280 281 282 283 284 285 286 287 288 289 290 291 292 293 294 295 296 297 298 299 300 301 302 303 304 305 306 307 308 309 310 311 312 313 314 315 316 317 318 319 320 321 322 323 324 325 326 327 328 329 330 331 332 333 334 335 336 337 338 339 340 341 342 -1
14 65 245 246 247 248 249 250 251 252 253 254 255 256 257 258 259 260 261 262 263 264 265 266 267 268 269 270 271 272 273 274 275 276 277 278 279 280 281 282 283 284 285 286 287 288 289 290 291 292 293 294 295 296 297 298 299 300 301 302 303 304 305 306 307 308 309 310 311 312 313 314 315 316 317 318 319 320 321 322 323 324 325 326 327 328 329 330 331 332 333 334 335 336 337 338 339 340 341 342 -1
14 66 294 295 296 297 298 299 300 301 302 303 304 305 306 307 308 309 310 311 312 313 314 315 316 317 318 319 320 321 322 323 324 325 326 327 328 329 330 331 332 333 334 335 336 337 338 339 340 341 342 -1
14 67 294 295 296 297 298 299 300 301 302 303 304 305 306 307 308 309 310 311 312 313 314 315 316 317 318 319 320 321 322 323 324 325 326 327 328 329 330 331 332 333 334 335 336 337 338 339 340 341 342 -1
15 51 0 1 2 3 4 5 6 7 8 9 10 11 12 13 14 15 16 17 18 19 20 21 22 23 24 25 26 27 28 29 30 31 32 33 34 35 36 37 38 39 40 41 42 43 44 45 46 47 48 -1
15 52 0 1 2 3 4 5 6 7 8 9 10 11 12 13 14 15 16 17 18 19 20 21 22 23 24 25 26 27 28 29 30 31 32 33 34 35 36 37 38 39 40 41 42 43 44 45 46 47 48 -1
15 53 0 1 2 3 4 5 6 7 8 9 10 11 12 13 14 15 16 17 18 19 20 21 22 23 24 25 26 27 28 29 30 31 32 33 34 35 36 37 38 39 40 41 42 43 44 45 46 47 48 -1
15 54 0 1 2 3 4 5 6 7 8 9 10 11 12 13 14 15 16 17 18 19 20 21 22 23 24 25 26 27 28 29 30 31 32 33 34 35 36 37 38 39 40 41 42 43 44 45 46 47 48 49 50 51 52 53 54 55 56 57 58 59 60 61 62 63 64 65 66 67 68 69 70 71 72 73 74 75 76 77 78 79 80 81 82 83 84 85 86 87 88 89 90 91 92 93 94 95 96 97 -1
15 55 0 1 2 3 4 5 6 7 8 9 10 11 12 13 14 15 16 17 18 19 20 21 22 23 24 25 26 27 28 29 30 31 32 33 34 35 36 37 38 39 40 41 42 43 44 45 46 47 48 49 50 51 52 53 54 55 56 57 58 59 60 61 62 63 64 65 66 67 68 69 70 71 72 73 74 75 76 77 78 79 80 81 82 83 84 85 86 87 88 89 90 91 92 93 94 95 96 97 -1
15 56 49 50 51 52 53 54 55 56 57 58 59 60 61 62 63 64 65 66 67 68 69 70 71 72 73 74 75 76 77 78 79 80 81 82 83 84 85 86 87 88 89 90 91 92 93 94 95 96 97 98 99 100 101 102 103 104 105 106 107 108 109 110 111 112 113 114 115 116 117 118 119 120 121 122 123 124 125 126 127 128 129 130 131 132 133 134 135 136 137 138 139 140 141 142 143 144 145 146 -1
15 57 49 50 51 52 53 54 55 56 57 58 59 60 61 62 63 64 65 66 67 68 69 70 71 72 73 74 75 76 77 78 79 80 81 82 83 84 85 86 87 88 89 90 91 92 93 94 95 96 97 98 99 100 101 102 103 104 105 106 107 108 109 110 111 112 113 114 115 116 117 118 119 120 121 122 123 124 125 126 127 128 129 130 131 132 133 134 135 136 137 138 139 140 141 142 143 144 145 146 -1
15 58 98 99 100 101 102 103 104 105 106 107 108 109 110 111 112 113 114 115 116 117 118 119 120 121 122 123 124 125 126 127 128 129 130 131 132 133 134 135 136 137 138 139 140 141 142 143 144 145 146 147 148 149 150 151 152 153 154 155 156 157 158 159 160 161 162 163 164 165 166 167 168 169 170 171 172 173 174 175 176 177 178 179 180 181 182 183 184 185 186 187 188 189 190 191 192 193 194 195 -1
15 59 98 99 100 101 102 103 104 105 106 107 108 109 110 111 112 113 114 115 116 117 118 119 120 121 122 123 124 125 126 127 128 129 130 131 132 133 134 135 136 137 138 139 140 141 142 143 144 145 146 147 148 149 150 151 152 153 154 155 156 157 158 159 160 161 162 163 164 165 166 167 168 169 170 171 172 173 174 175 176 177 178 179 180 181 182 183 184 185 186 187 188 189 190 191 192 193 194 195 -1
15 60 147 148 149 150 151 152 153 154 155 156 157 158 159 160 161 162 163 164 165 166 167 168 169 170 171 172 173 174 175 176 177 178 179 180 181 182 183 184 185 186 187 188 189 190 191 192 193 194 195 196 197 198 199 200 201 202 203 204 205 206 207 208 209 210 211 212 213 214 215 216 217 218 219 220 221 222 223 224 225 226 227 228 229 230 231 232 233 234 235 236 237 238 239 240 241 242 243 244 -1
15 61 147 148 149 150 151 152 153 154 155 156 157 158 159 160 161 162 163 164 165 166 167 168 169 170 171 172 173 174 175 176 177 178 179 180 181 182 183 184 185 186 187 188 189 190 191 192 193 194 195 196 197 198 199 200 201 202 203 204 205 206 207 208 209 210 211 212 213 214 215 216 217 218 219 220 221 222 223 224 225 226 227 228 229 230 231 232 233 234 235 236 237 238 239 240 241 242 243 244 -1
15 62 196 197 198 199 200 201 202 203 204 205 206 207 208 209 210 211 212 213 214 215 216 217 218 219 220 221 222 223 224 225 226 227 228 229 230 231 232 233 234 235 236 237 238 239 240 241 242 243 244 245 246 247 248 249 250 251 252 253 254 255 256 257 258 259 260 261 262 263 264 265 266 267 268 269 270 271 272 273 274 275 276 277 278 279 280 281 282 283 284 285 286 287 288 289 290 291 292 293 -1
15 63 196 197 198 199 200 201 202 203 204 205 206 207 208 209 210 211 212 213 214 215 216 217 218 219 220 221 222 223 224 225 226 227 228 229 230 231 232 233 234 235 236 237 238 239 240 241 242 243 244 245 246 247 248 249 250 251 252 253 254 255 256 257 258 259 260 261 262 263 264 265 266 267 268 269 270 271 272 273 274 275 276 277 278 279 280 281 282 283 284 285 286 287 288 289 290 291 292 293 -1
15 64 245 246 247 248 249 250 251 252 253 254 255 256 257 258 259 260 261 262 263 264 265 266 267 268 269 270 271 272 273 274 275 276 277 278 279 280 281 282 283 284 285 286 287 288 289 290 291 292 293 294 295 296 297 298 299 300 301 302 303 304 305 306 307 308 309 310 311 312 313 314 315 316 317 318 319 320 321 322 323 324 325 326 327 328 329 330 331 332 333 334 335 336 337 338 339 340 341 342 -1
15 65 245 246 247 248 249 250 251 252 253 254 255 256 257 258 259 260 261 262 263 264 265 266 267 268 269 270 271 272 273 274 275 276 277 278 279 280 281 282 283 284 285 286 287 288 289 290 291 292 293 294 295 296 297 298 299 300 301 302 303 304 305 306 307 308 309 310 311 312 313 314 315 316 317 318 319 320 321 322 323 324 325 326 327 328 329 330 331 332 333 334 335 336 337 338 339 340 341 342 -1
15 66 294 295 296 297 298 299 300 301 302 303 304 305 306 307 308 309 310 311 312 313 314 315 316 317 318 319 320 321 322 323 324 325 326 327 328 329 330 331 332 333 334 335 336 337 338 339 340 341 342 -1
15 67 294 295 296 297 298 299 300 301 302 303 304 305 306 307 308 309 310 311 312 313 314 315 316 317 318 319 320 321 322 323 324 325 326 327 328 329 330 331 332 333 334 335 336 337 338 339 340 341 342 -1
15 68 294 295 296 297 298 299 300 301 302 303 304 305 306 307 308 309 310 311 312 313 314 315 316 317 318 319 320 321 322 323 324 325 326 327 328 329 330 331 332 333 334 335 336 337 338 339 340 341 342 -1
16 49 0 1 2 3 4 5 6 7 8 9 10 11 12 13 14 15 16 17 18 19 20 21 22 23 24 25 26 27 28 29 30 31 32 33 34 35 36 37 38 39 40 41 42 43 44 45 46 47 48 -1
16 50 0 1 2 3 4 5 6 7 8 9 10 11 12 13 14 15 16 17 18 19 20 21 22 23 24 25 26 27 28 29 30 31 32 33 34 35 36 37 38 39 40 41 42 43 44 45 46 47 48 -1
16 51 0 1 2 3 4 5 6 7 8 9 10 11 12 13 14 15 16 17 18 19 20 21 22 23 24 25 26 27 28 29 30 31 32 33 34 35 36 37 38 39 40 41 42 43 44 45 46 47 48 -1
16 52 0 1 2 3 4 5 6 7 8 9 10 11 12 13 14 15 16 17 18 19 20 21 22 23 24 25 26 27 28 29 30 31 32 33 34 35 36 37 38 39 40 41 42 43 44 45 46 47 48 -1
16 53 0 1 2 3 4 5 6 7 8 9 10 11 12 13 14 15 16 17 18 19 20 21 22 23 24 25 26 27 28 29 30 31 32 33 34 35 36 37 38 39 40 41 42 43 44 45 46 47 48 49 50 51 52 53 54 55 56 57 58 59 60 61 62 63 64 65 66 67 68 69 70 71 72 73 74 75 76 77 78 79 80 81 82 83 84 85 86 87 88 89 90 91 92 93 94 95 96 97 -1
16 54 0 1 2 3 4 5 6 7 8 9 10 11 12 13 14 15 16 17 18 19 20 21 22 23 24 25 26 27 28 29 30 31 32 33 34 35 36 37 38 39 40 41 42 43 44 45 46 47 48 49 50 51 52 53 54 55 56 57 58 59 60 61 62 63 64 65 66 67 68 69 70 71 72 73 74 75 76 77 78 79 80 81 82 83 84 85 86 87 88 89 90 91 92 93 94 95 96 97 -1
16 55 49 50 51 52 53 54 55 56 57 58 59 60 61 62 63 64 65 66 67 68 69 70 71 72 73 74 75 76 77 78 79 80 81 82 83 84 85 86 87 88 89 90 91 92 93 94 95 96 97 -1
16 56 49 50 51 52 53 54 55 56 57 58 59 60 61 62 63 64 65 66 67 68 69 70 71 72 73 74 75 76 77 78 79 80 81 82 83 84 85 86 87 88 89 90 91 92 93 94 95 96 97 98 99 100 101 102 103 104 105 106 107 108 109 110 111 112 113 114 115 116 117 118 119 120 121 122 123 124 125 126 127 128 129 130 131 132 133 134 135 136 137 138 139 140 141 142 143 144 145 146 -1
16 57 49 50 51 52 53 54 55 56 57 58 59 60 61 62 63 64 65 66 67 68 69 70 71 72 73 74 75 76 77 78 79 80 81 82 83 84 85 86 87 88 89 90 91 92 93 94 95 96 97 98 99 100 101 102 103 104 105 106 107 108 109 110 111 112 113 114 115 116 117 118 119 120 121 122 123 124 125 126 127 128 129 130 131 132 133 134 135 136 137 138 139 140 141 142 143 144 145 146 -1
16 58 98 99 100 101 102 103 104 105 106 107 108 109 110 111 112 113 114 115 116 117 118 119 120 121 122 123 124 125 126 127 128 129 130 131 132 133 134 135 136 137 138 139 140 141 142 143 144 145 146 147 148 149 150 151 152 153 154 155 156 157 158 159 160 161 162 163 164 165 166 167 168 169 170 171 172 173 174 175 176 177 178 179 180 181 182 183 184 185 186 187 188 189 190 191 192 193 194 195 -1
16 59 98 99 100 101 102 103 104 105 106 107 108 109 110 111 112 113 114 115 116 117 118 119 120 121 122 123 124 125 126 127 128 129 130 131 132 133 134 135 136 137 138 139 140 141 142 143 144 145 146 147 148 149 150 151 152 153 154 155 156 157 158 159 160 161 162 163 164 165 166 167 168 169 170 171 172 173 174 175 176 177 178 179 180 181 182 183 184 185 186 187 188 189 190 191 192 193 194 195 -1
16 60 147 148 149 150 151 152 153 154 155 156 157 158 159 160 161 162 163 164 165 166 167 168 169 170 171 172 173 174 175 176 177 178 179 180 181 182 183 184 185 186 187 188 189 190 191 192 193 194 195 196 197 198 199 200 201 202 203 204 205 206 207 208 209 210 211 212 213 214 215 216 217 218 219 220 221 222 223 224 225 226 227 228 229 230 231 232 233 234 235 236 237 238 239 240 241 242 243 244 -1
16 61 147 148 149 150 151 152 153 154 155 156 157 158 159 160 161 162 163 164 165 166 167 168 169 170 171 172 173 174 175 176 177 178 179 180 181 182 183 184 185 186 187 188 189 190 191 192 193 194 195 196 197 198 199 200 201 202 203 204 205 206 207 208 209 210 211 212 213 214 215 216 217 218 219 220 221 222 223 224 225 226 227 228 229 230 231 232 233 234 235 236 237 238 239 240 241 242 243 244 -1
16 62 196 197 198 199 200 201 202 203 204 205 206 207 208 209 210 211 212 213 214 215 216 217 218 219 220 221 222 223 224 225 226 227 228 229 230 231 232 233 234 235 236 237 238 239 240 241 242 243 244 245 246 247 248 249 250 251 252 253 254 255 256 257 258 259 260 261 262 263 264 265 266 267 268 269 270 271 272 273 274 275 276 277 278 279 280 281 282 283 284 285 286 287 288 289 290 291 292 293 -1
16 63 196 197 198 199 200 201 202 203 204 205 206 207 208 209 210 211 212 213 214 215 216 217 218 219 220 221 222 223 224 225 226 227 228 229 230 231 232 233 234 235 236 237 238 239 240 241 242 243 244 245 246 247 248 249 250 251 252 253 254 255 256 257 258 259 260 261 262 263 264 265 266 267 268 269 270 271 272 273 274 275 276 277 278 279 280 281 282 283 284 285 286 287 288 289 290 291 292 293 -1
16 64 245 246 247 248 249 250 251 252 253 254 255 256 257 258 259 260 261 262 263 264 265 266 267 268 269 270 271 272 273 274 275 276 277 278 279 280 281 282 283 284 285 286 287 288 289 290 291 292 293 -1
16 65 245 246 247 248 249 250 251 252 253 254 255 256 257 258 259 260 261 262 263 264 265 266 267 268 269 270 271 272 273 274 275 276 277 278 279 280 281 282 283 284 285 286 287 288 289 290 291 292 293 294 295 296 297 298 299 300 301 302 303 304 305 306 307 308 309 310 311 312 313 314 315 316 317 318 319 320 321 322 323 324 325 326 327 328 329 330 331 332 333 334 335 336 337 338 339 340 341 342 -1
16 66 245 246 247 248 249 250 251 252 253 254 255 256 257 258 259 260 261 262 263 264 265 266 267 268 269 270 271 272 273 274 275 276 277 278 279 280 281 282 283 284 285 286 287 288 289 290 291 292 293 294 295 296 297 298 299 300 301 302 303 304 305 306 307 308 309 310 311 312 313 314 315 316 317 318 319 320 321 322 323 324 325 326 327 328 329 330 331 332 333 334 335 336 337 338 339 340 341 342 -1
16 67 294 295 296 297 298 299 300 301 302 303 304 305 306 307 308 309 310 311 312 313 314 315 316 317 318 319 320 321 322 323 324 325 326 327 328 329 330 331 332 333 334 335 336 337 338 339 340 341 342 -1
16 68 294 295 296 297 298 299 300 301 302 303 304 305 306 307 308 309 310 311 312 313 314 315 316 317 318 319 320 321 322 323 324 325 326 327 328 329 330 331 332 333 334 335 336 337 338 339 340 341 342 -1
16 69 294 295 296 297 298 299 300 301 302 303 304 305 306 307 308 309 310 311 312 313 314 315 316 317 318 319 320 321 322 323 324 325 326 327 328 329 330 331 332 333 334 335 336 337 338 339 340 341 342 -1
16 70 294 295 296 297 298 299 300 301 302 303 304 305 306 307 308 309 310 311 312 313 314 315 316 317 318 319 320 321 322 323 324 325 326 327 328 329 330 331 332 333 334 335 336 337 338 339 340 341 342 -1
17 48 0 1 2 3 4 5 6 7 8 9 10 11 12 13 14 15 16 17 18 19 20 21 22 23 24 25 26 27 28 29 30 31 32 33 34 35 36 37 38 39 40 41 42 43 44 45 46 47 48 -1
17 49 0 1 2 3 4 5 6 7 8 9 10 11 12 13 14 15 16 17 18 19 20 21 22 23 24 25 26 27 28 29 30 31 32 33 34 35 36 37 38 39 40 41 42 43 44 45 46 47 48 -1
17 50 0 1 2 3 4 5 6 7 8 9 10 11 12 13 14 15 16 17 18 19 20 21 22 23 24 25 26 27 28 29 30 31 32 33 34 35 36 37 38 39 40 41 42 43 44 45 46 47 48 -1
17 51 0 1 2 3 4 5 6 7 8 9 10 11 12 13 14 15 16 17 18 19 20 21 22 23 24 25 26 27 28 29 30 31 32 33 34 35 36 37 38 39 40 41 42 43 44 45 46 47 48 -1
17 52 0 1 2 3 4 5 6 7 8 9 10 11 12 13 14 15 16 17 18 19 20 21 22 23 24 25 26 27 28 29 30 31 32 33 34 35 36 37 38 39 40 41 42 43 44 45 46 47 48 49 50 51 52 53 54 55 56 57 58 59 60 61 62 63 64 65 66 67 68 69 70 71 72 73 74 75 76 77 78 79 80 81 82 83 84 85 86 87 88 89 90 91 92 93 94 95 96 97 -1
17 53 0 1 2 3 4 5 6 7 8 9 10 11 12 13 14 15 16 17 18 19 20 21 22 23 24 25 26 27 28 29 30 31 32 33 34 35 36 37 38 39 40 41 42 43 44 45 46 47 48 49 50 51 52 53 54 55 56 57 58 59 60 61 62 63 64 65 66 67 68 69 70 71 72 73 74 75 76 77 78 79 80 81 82 83 84 85 86 87 88 89 90 91 92 93 94 95 96 97 -1
17 54 49 50 51 52 53 54 55 56 57 58 59 60 61 62 63 64 65 66 67 68 69 70 71 72 73 74 75 76 77 78 79 80 81 82 83 84 85 86 87 88 89 90 91 92 93 94 95 96 97 -1
17 55 49 50 51 52 53 54 55 56 57 58 59 60 61 62 63 64 65 66 67 68 69 70 71 72 73 74 75 76 77 78 79 80 81 82 83 84 85 86 87 88 89 90 91 92 93 94 95 96 97 98 99 100 101 102 103 104 105 106 107 108 109 110 111 112 113 114 115 116 117 118 119 120 121 122 123 124 125 126 127 128 129 130 131 132 133 134 135 136 137 138 139 140 141 142 143 144 145 146 -1
17 56 49 50 51 52 53 54 55 56 57 58 59 60 61 62 63 64 65 66 67 68 69 70 71 72 73 74 75 76 77 78 79 80 81 82 83 84 85 86 87 88 89 90 91 92 93 94 95 96 97 98 99 100 101 102 103 104 105 106 107 108 109 110 111 112 113 114 115 116 117 118 119 120 121 122 123 124 125 126 127 128 129 130 131 132 133 134 135 136 137 138 139 140 141 142 143 144 145 146 -1
17 57 98 99 100 101 102 103 104 105 106 107 108 109 110 111 112 113 114 115 116 117 118 119 120 121 122 123 124 125 126 127 128 129 130 131 132 133 134 135 136 137 138 139 140 141 142 143 144 145 146 -1
17 58 98 99 100 101 102 103 104 105 106 107 108 109 110 111 112 113 114 115 116 117 118 119 120 121 122 123 124 125 126 127 128 129 130 131 132 133 134 135 136 137 138 139 140 141 142 143 144 145 146 147 148 149 150 151 152 153 154 155 156 157 158 159 160 161 162 163 164 165 166 167 168 169 170 171 172 173 174 175 176 177 178 179 180 181 182 183 184 185 186 187 188 189 190 191 192 193 194 195 -1
17 59 98 99 100 101 102 103 104 105 106 107 108 109 110 111 112 113 114 115 116 117 118 119 120 121 122 123 124 125 126 127 128 129 130 131 132 133 134 135 136 137 138 139 140 141 142 143 144 145 146 147 148 149 150 151 152 153 154 155 156 157 158 159 160 161 162 163 164 165 166 167 168 169 170 171 172 173 174 175 176 177 178 179 180 181 182 183 184 185 186 187 188 189 190 191 192 193 194 195 -1
17 60 147 148 149 150 151 152 153 154 155 156 157 158 159 160 161 162 163 164 165 166 167 168 169 170 171 172 173 174 175 176 177 178 179 180 181 182 183 184 185 186 187 188 189 190 191 192 193 194 195 196 197 198 199 200 201 202 203 204 205 206 207 208 209 210 211 212 213 214 215 216 217 218 219 220 221 222 223 224 225 226 227 228 229 230 231 232 233 234 235 236 237 238 239 240 241 242 243 244 -1
17 61 147 148 149 150 151 152 153 154 155 156 157 158 159 160 161 162 163 164 165 166 167 168 169 170 171 172 173 174 175 176 177 178 179 180 181 182 183 184 185 186 187 188 189 190 191 192 193 194 195 196 197 198 199 200 201 202 203 204 205 206 207 208 209 210 211 212 213 214 215 216 217 218 219 220 221 222 223 224 225 226 227 228 229 230 231 232 233 234 235 236 237 238 239 240 241 242 243 244 -1
17 62 196 197 198 199 200 201 202 203 204 205 206 207 208 209 210 211 212 213 214 215 216 217 218 219 220 221 222 223 224 225 226 227 228 229 230 231 232 233 234 235 236 237 238 239 240 241 242 243 244 -1
17 63 196 197 198 199 200 201 202 203 204 205 206 207 208 209 210 211 212 213 214 215 216 217 218 219 220 221 222 223 224 225 226 227 228 229 230 231 232 233 234 235 236 237 238 239 240 241 242 243 244 245 246 247 248 249 250 251 252 253 254 255 256 257 258 259 260 261 262 263 264 265 266 267 268 269 270 271 272 273 274 275 276 277 278 279 280 281 282 283 284 285 286 287 288 289 290 291 292 293 -1
17 64 196 197 198 199 200 201 202 203 204 205 206 207 208 209 210 211 212 213 214 215 216 217 218 219 220 221 222 223 224 225 226 227 228 229 230 231 232 233 234 235 236 237 238 239 240 241 242 243 244 245 246 247 248 249 250 251 252 253 254 255 256 257 258 259 260 261 262 263 264 265 266 267 268 269 270 271 272 273 274 275 276 277 278 279 280 281 282 283 284 285 286 287 288 289 290 291 292 293 -1
17 65 245 246 247 248 249 250 251 252 253 254 255 256 257 258 259 260 261 262 263 264 265 266 267 268 269 270 271 272 273 274 275 276 277 278 279 280 281 282 283 284 285 286 287 288 289 290 291 292 293 -1
17 66 245 246 247 248 249 250 251 252 253 254 255 256 257 258 259 260 261 262 263 264 265 266 267 268 269 270 271 272 273 274 275 276 277 278 279 280 281 282 283 284 285 286 287 288 289 290 291 292 293 294 295 296 297 298 299 300 301 302 303 304 305 306 307 308 309 310 311 312 313 314 315 316 317 318 319 320 321 322 323 324 325 326 327 328 329 330 331 332 333 334 335 336 337 338 339 340 341 342 -1
17 67 245 246 247 248 249 250 251 252 253 254 255 256 257 258 259 260 261 262 263 264 265 266 267 268 269 270 271 272 273 274 275 276 277 278 279 280 281 282 283 284 285 286 287 288 289 290 291 292 293 294 295 296 297 298 299 300 301 302 303 304 305 306 307 308 309 310 311 312 313 314 315 316 317 318 319 320 321 322 323 324 325 326 327 328 329 330 331 332 333 334 335 336 337 338 339 340 341 342 -1
17 68 294 295 296 297 298 299 300 301 302 303 304 305 306 307 308 309 310 311 312 313 314 315 316 317 318 319 320 321 322 323 324 325 326 327 328 329 330 331 332 333 334 335 336 337 338 339 340 341 342 -1
17 69 294 295 296 297 298 299 300 301 302 303 304 305 306 307 308 309 310 311 312 313 314 315 316 317 318 319 320 321 322 323 324 325 326 327 328 329 330 331 332 333 334 335 336 337 338 339 340 341 342 -1
17 70 294 295 296 297 298 299 300 301 302 303 304 305 306 307 308 309 310 311 312 313 314 315 316 317 318 319 320 321 322 323 324 325 326 327 328 329 330 331 332 333 334 335 336 337 338 339 340 341 342 -1
17 71 294 295 296 297 298 299 300 301 302 303 304 305 306 307 308 309 310 311 312 313 314 315 316 317 318 319 320 321 322 323 324 325 326 327 328 329 330 331 332 333 334 335 336 337 338 339 340 341 342 -1
18 46 2 3 4 5 6 -1
18 47 0 1 2 3 4 5 6 7 8 9 10 11 12 13 14 15 16 17 18 19 20 21 22 23 24 25 26 27 28 29 30 31 32 33 34 35 36 37 38 39 40 41 43 44 45 46 47 48 -1
18 48 0 1 2 3 4 5 6 7 8 9 10 11 12 13 14 15 16 17 18 19 20 21 22 23 24 25 26 27 28 29 30 31 32 33 34 35 36 37 38 39 40 41 42 43 44 45 46 47 48 -1
18 49 0 1 2 3 4 5 6 7 8 9 10 11 12 13 14 15 16 17 18 19 20 21 22 23 24 25 26 27 28 29 30 31 32 33 34 35 36 37 38 39 40 41 42 43 44 45 46 47 48 -1
18 50 0 1 2 3 4 5 6 7 8 9 10 11 12 13 14 15 16 17 18 19 20 21 22 23 24 25 26 27 28 29 30 31 32 33 34 35 36 37 38 39 40 41 42 43 44 45 46 47 48 -1
18 51 0 1 2 3 4 5 6 7 8 9 10 11 12 13 14 15 16 17 18 19 20 21 22 23 24 25 26 27 28 29 30 31 32 33 34 35 36 37 38 39 40 41 42 43 44 45 46 47 48 -1
18 52 0 1 2 3 4 5 6 7 8 9 10 11 12 13 14 15 16 17 18 19 20 21 22 23 24 25 26 27 28 29 30 31 32 33 34 35 36 37 38 39 40 41 42 43 44 45 46 47 48 49 50 51 52 53 54 55 56 57 58 59 60 61 62 63 64 65 66 67 68 69 70 71 72 73 74 75 76 77 78 79 80 81 82 83 84 85 86 87 88 89 90 91 92 93 94 95 96 97 -1
18 53 49 50 51 52 53 54 55 56 57 58 59 60 61 62 63 64 65 66 67 68 69 70 71 72 73 74 75 76 77 78 79 80 81 82 83 84 85 86 87 88 89 90 91 92 93 94 95 96 97 -1
18 54 49 50 51 52 53 54 55 56 57 58 59 60 61 62 63 64 65 66 67 68 69 70 71 72 73 74 75 76 77 78 79 80 81 82 83 84 85 86 87 88 89 90 91 92 93 94 95 96 97 -1
18 55 49 50 51 52 53 54 55 56 57 58 59 60 61 62 63 64 65 66 67 68 69 70 71 72 73 74 75 76 77 78 79 80 81 82 83 84 85 86 87 88 89 90 91 92 93 94 95 96 97 98 99 100 101 102 103 104 105 106 107 108 109 110 111 112 113 114 115 116 117 118 119 120 121 122 123 124 125 126 127 128 129 130 131 132 133 134 135 136 137 138 139 140 141 142 143 144 145 146 -1
18 56 49 50 51 52 53 54 55 56 57 58 59 60 61 62 63 64 65 66 67 68 69 70 71 72 73 74 75 76 77 78 79 80 81 82 83 84 85 86 87 88 89 90 91 92 93 94 95 96 97 98 99 100 101 102 103 104 105 106 107 108 109 110 111 112 113 114 115 116 117 118 119 120 121 122 123 124 125 126 127 128 129 130 131 132 133 134 135 136 137 138 139 140 141 142 143 144 145 146 -1
18 57 98 99 100 101 102 103 104 105 106 107 108 109 110 111 112 113 114 115 116 117 118 119 120 121 122 123 124 125 126 127 128 129 130 131 132 133 134 135 136 137 138 139 140 141 142 143 144 145 146 -1
18 58 98 99 100 101 102 103 104 105 106 107 108 109 110 111 112 113 114 115 116 117 118 119 120 121 122 123 124 125 126 127 128 129 130 131 132 133 134 135 136 137 138 139 140 141 142 143 144 145 146 147 148 149 150 151 152 153 154 155 156 157 158 159 160 161 162 163 164 165 166 167 168 169 170 171 172 173 174 175 176 177 178 179 180 181 182 183 184 185 186 187 188 189 190 191 192 193 194 195 -1
18 59 147 148 149 150 151 152 153 154 155 156 157 158 159 160 161 162 163 164 165 166 167 168 169 170 171 172 173 174 175 176 177 178 179 180 181 182 183 184 185 186 187 188 189 190 191 192 193 194 195 -1
18 60 147 148 149 150 151 152 153 154 155 156 157 158 159 160 161 162 163 164 165 166 167 168 169 170 171 172 173 174 175 176 177 178 179 180 181 182 183 184 185 186 187 188 189 190 191 192 193 194 195 -1
18 61 147 148 149 150 151 152 153 154 155 156 157 158 159 160 161 162 163 164 165 166 167 168 169 170 171 172 173 174 175 176 177 178 179 180 181 182 183 184 185 186 187 188 189 190 191 192 193 194 195 196 197 198 199 200 201 202 203 204 205 206 207 208 209 210 211 212 213 214 215 216 217 218 219 220 221 222 223 224 225 226 227 228 229 230 231 232 233 234 235 236 237 238 239 240 241 242 243 244 -1
18 62 196 197 198 199 200 201 202 203 204 205 206 207 208 209 210 211 212 213 214 215 216 217 218 219 220 221 222 223 224 225 226 227 228 229 230 231 232 233 234 235 236 237 238 239 240 241 242 243 244 -1
18 63 196 197 198 199 200 201 202 203 204 205 206 207 208 209 210 211 212 213 214 215 216 217 218 219 220 221 222 223 224 225 226 227 228 229 230 231 232 233 234 235 236 237 238 239 240 241 242 243 244 245 246 247 248 249 250 251 252 253 254 255 256 257 258 259 260 261 262 263 264 265 266 267 268 269 270 271 272 273 274 275 276 277 278 279 280 281 282 283 284 285 286 287 288 289 290 291 292 293 -1
18 64 196 197 198 199 200 201 202 203 204 205 206 207 208 209 210 211 212 213 214 215 216 217 218 219 220 221 222 223 224 225 226 227 228 229 230 231 232 233 234 235 236 237 238 239 240 241 242 243 244 245 246 247 248 249 250 251 252 253 254 255 256 257 258 259 260 261 262 263 264 265 266 267 268 269 270 271 272 273 274 275 276 277 278 279 280 281 282 283 284 285 286 287 288 289 290 291 292 293 -1
18 65 245 246 247 248 249 250 251 252 253 254 255 256 257 258 259 260 261 262 263 264 265 266 267 268 269 270 271 272 273 274 275 276 277 278 279 280 281 282 283 284 285 286 287 288 289 290 291 292 293 -1
18 66 245 246 247 248 249 250 251 252 253 254 255 256 257 258 259 260 261 262 263 264 265 266 267 268 269 270 271 272 273 274 275 276 277 278 279 280 281 282 283 284 285 286 287 288 289 290 291 292 293 -1
18 67 245 246 247 248 249 250 251 252 253 254 255 256 257 258 259 260 261 262 263 264 265 266 267 268 269 270 271 272 273 274 275 276 277 278 279 280 281 282 283 284 285 286 287 288 289 290 291 292 293 294 295 296 297 298 299 300 301 302 303 304 305 306 307 308 309 310 311 312 313 314 315 316 317 318 319 320 321 322 323 324 325 326 327 328 329 330 331 332 333 334 335 336 337 338 339 340 341 342 -1
18 68 294 295 296 297 298 299 300 301 302 303 304 305 306 307 308 309 310 311 312 313 314 315 316 317 318 319 320 321 322 323 324 325 326 327 328 329 330 331 332 333 334 335 336 337 338 339 340 341 342 -1
18 69 294 295 296 297 298 299 300 301 302 303 304 305 306 307 308 309 310 311 312 313 314 315 316 317 318 319 320 321 322 323 324 325 326 327 328 329 330 331 332 333 334 335 336 337 338 339 340 341 342 -1
18 70 294 295 296 297 298 299 300 301 302 303 304 305 306 307 308 309 310 311 312 313 314 315 316 317 318 319 320 321 322 323 324 325 326 327 328 329 330 331 332 333 334 335 336 337 338 339 340 341 342 -1
18 71 294 295 296 297 298 299 300 301 302 303 304 305 306 307 308 309 310 311 312 313 314 315 316 317 318 319 320 321 322 323 324 325 326 327 328 329 330 331 332 333 334 335 336 337 338 339 340 341 342 -1
18 72 294 295 296 297 298 299 301 302 303 304 305 306 307 308 309 310 311 312 313 314 315 316 317 318 319 320 321 322 323 324 325 326 327 328 329 330 331 332 333 334 335 336 337 338 339 340 341 342 -1
18 73 336 337 338 339 340 -1
19 44 5 6 -1
19 45 0 1 2 3 4 5 6 9 10 11 12 13 -1
19 46 0 1 2 3 4 5 6 7 8 9 10 11 12 13 14 15 16 17 18 19 20 21 22 23 24 25 26 27 29 30 31 32 33 34 41 -1
19 47 0 1 2 3 4 5 6 7 8 9 10 11 12 13 14 15 16 17 18 19 20 21 22 23 24 25 26 27 28 29 30 31 32 33 34 35 36 37 38 39 40 41 42 43 44 45 46 47 48 -1
19 48 0 1 2 3 4 5 6 7 8 9 10 11 12 13 14 15 16 17 18 19 20 21 22 23 24 25 26 27 28 29 30 31 32 33 34 35 36 37 38 39 40 41 42 43 44 45 46 47 48 -1
19 49 0 1 2 3 4 5 6 7 8 9 10 11 12 13 14 15 16 17 18 19 20 21 22 23 24 25 26 27 28 29 30 31 32 33 34 35 36 37 38 39 40 41 42 43 44 45 46 47 48 -1
19 50 0 1 2 3 4 5 6 7 8 9 10 11 12 13 14 15 16 17 18 19 20 21 22 23 24 25 26 27 28 29 30 31 32 33 34 35 36 37 38 39 40 41 42 43 44 45 46 47 48 -1
19 51 0 1 2 3 4 5 6 7 8 9 10 11 12 13 14 15 16 17 18 19 20 21 22 23 24 25 26 27 28 29 30 31 32 33 34 35 36 37 38 39 40 41 42 43 44 45 46 47 48 49 50 51 52 53 54 55 56 57 58 59 60 61 62 63 64 65 66 67 68 69 70 71 72 73 74 75 76 77 78 79 80 81 82 83 84 85 86 87 88 89 90 91 92 93 94 95 96 97 -1
19 52 49 50 51 52 53 54 55 56 57 58 59 60 61 62 63 64 65 66 67 68 69 70 71 72 73 74 75 76 77 78 79 80 81 82 83 84 85 86 87 88 89 90 91 92 93 94 95 96 97 -1
19 53 49 50 51 52 53 54 55 56 57 58 59 60 61 62 63 64 65 66 67 68 69 70 71 72 73 74 75 76 77 78 79 80 81 82 83 84 85 86 87 88 89 90 91 92 93 94 95 96 97 -1
19 54 49 50 51 52 53 54 55 56 57 58 59 60 61 62 63 64 65 66 67 68 69 70 71 72 73 74 75 76 77 78 79 80 81 82 83 84 85 86 87 88 89 90 91 92 93 94 95 96 97 -1
19 55 49 50 51 52 53 54 55 56 57 58 59 60 61 62 63 64 65 66 67 68 69 70 71 72 73 74 75 76 77 78 79 80 81 82 83 84 85 86 87 88 89 90 91 92 93 94 95 96 97 98 99 100 101 102 103 104 105 106 107 108 109 110 111 112 113 114 115 116 117 118 119 120 121 122 123 124 125 126 127 128 129 130 131 132 133 134 135 136 137 138 139 140 141 142 143 144 145 146 -1
19 56 98 99 100 101 102 103 104 105 106 107 108 109 110 111 112 113 114 115 116 117 118 119 120 121 122 123 124 125 126 127 128 129 130 131 132 133 134 135 136 137 138 139 140 141 142 143 144 145 146 -1
19 57 98 99 100 101 102 103 104 105 106 107 108 109 110 111 112 113 114 115 116 117 118 119 120 121 122 123 124 125 126 127 128 129 130 131 132 133 134 135 136 137 138 139 140 141 142 143 144 145 146 -1
19 58 98 99 100 101 102 103 104 105 106 107 108 109 110 111 112 113 114 115 116 117 118 119 120 121 122 123 124 125 126 127 128 129 130 131 132 133 134 135 136 137 138 139 140 141 142 143 144 145 146 147 148 149 150 151 152 153 154 155 156 157 158 159 160 161 162 163 164 165 166 167 168 169 170 171 172 173 174 175 176 177 178 179 180 181 182 183 184 185 186 187 188 189 190 191 192 193 194 195 -1
19 59 147 148 149 150 151 152 153 154 155 156 157 158 159 160 161 162 163 164 165 166 167 168 169 170 171 172 173 174 175 176 177 178 179 180 181 182 183 184 185 186 187 188 189 190 191 192 193 194 195 -1
19 60 147 148 149 150 151 152 153 154 155 156 157 158 159 160 161 162 163 164 165 166 167 168 169 170 171 172 173 174 175 176 177 178 179 180 181 182 183 184 185 186 187 188 189 190 191 192 193 194 195 -1
19 61 147 148 149 150 151 152 153 154 155 156 157 158 159 160 161 162 163 164 165 166 167 168 169 170 171 172 173 174 175 176 177 178 179 180 181 182 183 184 185 186 187 188 189 190 191 192 193 194 195 196 197 198 199 200 201 202 203 204 205 206 207 208 209 210 211 212 213 214 215 216 217 218 219 220 221 222 223 224 225 226 227 228 229 230 231 232 233 234 235 236 237 238 239 240 241 242 243 244 -1
19 62 196 197 198 199 200 201 202 203 204 205 206 207 208 209 210 211 212 213 214 215 216 217 218 219 220 221 222 223 224 225 226 227 228 229 230 231 232 233 234 235 236 237 238 239 240 241 242 243 244 -1
19 63 196 197 198 199 200 201 202 203 204 205 206 207 208 209 210 211 212 213 214 215 216 217 218 219 220 221 222 223 224 225 226 227 228 229 230 231 232 233 234 235 236 237 238 239 240 241 242 243 244 -1
19 64 196 197 198 199 200 201 202 203 204 205 206 207 208 209 210 211 212 213 214 215 216 217 218 219 220 221 222 223 224 225 226 227 228 229 230 231 232 233 234 235 236 237 238 239 240 241 242 243 244 245 246 247 248 249 250 251 252 253 254 255 256 257 258 259 260 261 262 263 264 265 266 267 268 269 270 271 272 273 274 275 276 277 278 279 280 281 282 283 284 285 286 287 288 289 290 291 292 293 -1
19 65 245 246 247 248 249 250 251 252 253 254 255 256 257 258 259 260 261 262 263 264 265 266 267 268 269 270 271 272 273 274 275 276 277 278 279 280 281 282 283 284 285 286 287 288 289 290 291 292 293 -1
19 66 245 246 247 248 249 250 251 252 253 254 255 256 257 258 259 260 261 262 263 264 265 266 267 268 269 270 271 272 273 274 275 276 277 278 279 280 281 282 283 284 285 286 287 288 289 290 291 292 293 -1
19 67 245 246 247 248 249 250 251 252 253 254 255 256 257 258 259 260 261 262 263 264 265 266 267 268 269 270 271 272 273 274 275 276 277 278 279 280 281 282 283 284 285 286 287 288 289 290 291 292 293 -1
19 68 245 246 247 248 249 250 251 252 253 254 255 256 257 258 259 260 261 262 263 264 265 266 267 268 269 270 271 272 273 274 275 276 277 278 279 280 281 282 283 284 285 286 287 288 289 290 291 292 293 294 295 296 297 298 299 300 301 302 303 304 305 306 307 308 309 310 311 312 313 314 315 316 317 318 319 320 321 322 323 324 325 326 327 328 329 330 331 332 333 334 335 336 337 338 339 340 341 342 -1
19 69 294 295 296 297 298 299 300 301 302 303 304 305 306 307 308 309 310 311 312 313 314 315 316 317 318 319 320 321 322 323 324 325 326 327 328 329 330 331 332 333 334 335 336 337 338 339 340 341 342 -1
19 70 294 295 296 297 298 299 300 301 302 303 304 305 306 307 308 309 310 311 312 313 314 315 316 317 318 319 320 321 322 323 324 325 326 327 328 329 330 331 332 333 334 335 336 337 338 339 340 341 342 -1
19 71 294 295 296 297 298 299 300 301 302 303 304 305 306 307 308 309 310 311 312 313 314 315 316 317 318 319 320 321 322 323 324 325 326 327 328 329 330 331 332 333 334 335 336 337 338 339 340 341 342 -1
19 72 294 295 296 297 298 299 300 301 302 303 304 305 306 307 308 309 310 311 312 313 314 315 316 317 318 319 320 321 322 323 324 325 326 327 328 329 330 331 332 333 334 335 336 337 338 339 340 341 342 -1
19 73 301 308 309 310 311 312 313 315 316 317 318 319 320 321 322 323 324 325 326 327 328 329 330 331 332 333 334 335 336 337 338 339 340 341 342 -1
19 74 329 330 331 332 333 336 337 338 339 340 341 342 -1
19 75 336 337 -1
20 42 5 6 -1
20 43 1 2 3 4 5 6 13 -1
20 44 0 1 2 3 4 5 6 7 8 9 10 11 12 13 19 20 -1
20 45 0 1 2 3 4 5 6 7 8 9 10 11 12 13 14 15 16 17 18 19 20 22 23 24 25 26 27 34 -1
20 46 0 1 2 3 4 5 6 7 8 9 10 11 12 13 14 15 16 17 18 19 20 21 22 23 24 25 26 27 28 29 30 31 32 33 34 35 36 37 38 39 40 41 42 43 44 45 46 47 48 -1
20 47 0 1 2 3 4 5 6 7 8 9 10 11 12 13 14 15 16 17 18 19 20 21 22 23 24 25 26 27 28 29 30 31 32 33 34 35 36 37 38 39 40 41 42 43 44 45 46 47 48 -1
20 48 0 1 2 3 4 5 6 7 8 9 10 11 12 13 14 15 16 17 18 19 20 21 22 23 24 25 26 27 28 29 30 31 32 33 34 35 36 37 38 39 40 41 42 43 44 45 46 47 48 -1
20 49 0 1 2 3 4 5 6 7 8 9 10 11 12 13 14 15 16 17 18 19 20 21 22 23 24 25 26 27 28 29 30 31 32 33 34 35 36 37 38 39 40 41 42 43 44 45 46 47 48 -1
20 50 0 1 2 3 4 5 6 7 8 9 10 11 12 13 14 15 16 17 18 19 20 21 22 23 24 25 26 27 28 29 30 31 32 33 34 35 36 37 38 39 40 41 42 43 44 45 46 47 48 49 50 51 52 53 54 55 56 57 58 59 60 61 62 63 64 65 66 67 68 69 72 73 74 75 76 -1
20 51 49 50 51 52 53 54 55 56 57 58 59 60 61 62 63 64 65 66 67 68 69 70 71 72 73 74 75 76 77 78 79 80 81 82 83 84 85 86 87 88 89 90 91 92 93 94 95 96 97 -1
20 52 49 50 51 52 53 54 55 56 57 58 59 60 61 62 63 64 65 66 67 68 69 70 71 72 73 74 75 76 77 78 79 80 81 82 83 84 85 86 87 88 89 90 91 92 93 94 95 96 97 -1
20 53 49 50 51 52 53 54 55 56 57 58 59 60 61 62 63 64 65 66 67 68 69 70 71 72 73 74 75 76 77 78 79 80 81 82 83 84 85 86 87 88 89 90 91 92 93 94 95 96 97 -1
20 54 49 50 51 52 53 54 55 56 57 58 59 60 61 62 63 64 65 66 67 68 69 70 71 72 73 74 75 76 77 78 79 80 81 82 83 84 85 86 87 88 89 90 91 92 93 94 95 96 97 98 99 100 101 102 103 104 107 108 109 110 111 -1
20 55 98 99 100 101 102 103 104 105 106 107 108 109 110 111 112 113 114 115 116 117 118 119 120 121 122 123 124 125 126 127 128 129 130 131 132 133 134 135 136 137 138 139 140 141 142 143 144 145 146 -1
20 56 98 99 100 101 102 103 104 105 106 107 108 109 110 111 112 113 114 115 116 117 118 119 120 121 122 123 124 125 126 127 128 129 130 131 132 133 134 135 136 137 138 139 140 141 142 143 144 145 146 -1
20 57 98 99 100 101 102 103 104 105 106 107 108 109 110 111 112 113 114 115 116 117 118 119 120 121 122 123 124 125 126 127 128 129 130 131 132 133 134 135 136 137 138 139 140 141 142 143 144 145 146 -1
20 58 98 99 100 101 102 103 104 105 106 107 108 109 110 111 112 113 114 115 116 117 118 119 120 121 122 123 124 125 126 127 128 129 130 131 132 133 134 135 136 137 138 139 140 141 142 143 144 145 146 147 148 149 150 151 152 153 154 155 156 157 158 159 160 161 162 163 164 165 166 167 168 169 170 171 172 173 174 175 176 177 178 179 180 181 182 183 184 185 186 187 188 189 190 191 192 193 194 195 -1
20 59 147 148 149 150 151 152 153 154 155 156 157 158 159 160 161 162 163 164 165 166 167 168 169 170 171 172 173 174 175 176 177 178 179 180 181 182 183 184 185 186 187 188 189 190 191 192 193 194 195 -1
20 60 147 148 149 150 151 152 153 154 155 156 157 158 159 160 161 162 163 164 165 166 167 168 169 170 171 172 173 174 175 176 177 178 179 180 181 182 183 184 185 186 187 188 189 190 191 192 193 194 195 -1
20 61 147 148 149 150 151 152 153 154 155 156 157 158 159 160 161 162 163 164 165 166 167 168 169 170 171 172 173 174 175 176 177 178 179 180 181 182 183 184 185 186 187 188 189 190 191 192 193 194 195 196 197 198 199 200 201 202 203 204 205 206 207 208 209 210 211 212 213 214 215 216 217 218 219 220 221 222 223 224 225 226 227 228 229 230 231 232 233 234 235 236 237 238 239 240 241 242 243 244 -1
20 62 196 197 198 199 200 201 202 203 204 205 206 207 208 209 210 211 212 213 214 215 216 217 218 219 220 221 222 223 224 225 226 227 228 229 230 231 232 233 234 235 236 237 238 239 240 241 242 243 244 -1
20 63 196 197 198 199 200 201 202 203 204 205 206 207 208 209 210 211 212 213 214 215 216 217 218 219 220 221 222 223 224 225 226 227 228 229 230 231 232 233 234 235 236 237 238 239 240 241 242 243 244 -1
20 64 196 197 198 199 200 201 202 203 204 205 206 207 208 209 210 211 212 213 214 215 216 217 218 219 220 221 222 223 224 225 226 227 228 229 230 231 232 233 234 235 236 237 238 239 240 241 242 243 244 -1
20 65 231 232 233 234 235 238 239 240 241 242 243 244 245 246 247 248 249 250 251 252 253 254 255 256 257 258 259 260 261 262 263 264 265 266 267 268 269 270 271 272 273 274 275 276 277 278 279 280 281 282 283 284 285 286 287 288 289 290 291 292 293 -1
20 66 245 246 247 248 249 250 251 252 253 254 255 256 257 258 259 260 261 262 263 264 265 266 267 268 269 270 271 272 273 274 275 276 277 278 279 280 281 282 283 284 285 286 287 288 289 290 291 292 293 -1
20 67 245 246 247 248 249 250 251 252 253 254 255 256 257 258 259 260 261 262 263 264 265 266 267 268 269 270 271 272 273 274 275 276 277 278 279 280 281 282 283 284 285 286 287 288 289 290 291 292 293 -1
20 68 245 246 247 248 249 250 251 252 253 254 255 256 257 258 259 260 261 262 263 264 265 266 267 268 269 270 271 272 273 274 275 276 277 278 279 280 281 282 283 284 285 286 287 288 289 290 291 292 293 -1
20 69 266 267 268 269 270 273 274 275 276 277 278 279 280 281 282 283 284 285 286 287 288 289 290 291 292 293 294 295 296 297 298 299 300 301 302 303 304 305 306 307 308 309 310 311 312 313 314 315 316 317 318 319 320 321 322 323 324 325 326 327 328 329 330 331 332 333 334 335 336 337 338 339 340 341 342 -1
20 70 294 295 296 297 298 299 300 301 302 303 304 305 306 307 308 309 310 311 312 313 314 315 316 317 318 319 320 321 322 323 324 325 326 327 328 329 330 331 332 333 334 335 336 337 338 339 340 341 342 -1
20 71 294 295 296 297 298 299 300 301 302 303 304 305 306 307 308 309 310 311 312 313 314 315 316 317 318 319 320 321 322 323 324 325 326 327 328 329 330 331 332 333 334 335 336 337 338 339 340 341 342 -1
20 72 294 295 296 297 298 299 300 301 302 303 304 305 306 307 308 309 310 311 312 313 314 315 316 317 318 319 320 321 322 323 324 325 326 327 328 329 330 331 332 333 334 335 336 337 338 339 340 341 342 -1
20 73 294 295 296 297 298 299 300 301 302 303 304 305 306 307 308 309 310 311 312 313 314 315 316 317 318 319 320 321 322 323 324 325 326 327 328 329 330 331 332 333 334 335 336 337 338 339 340 341 342 -1
20 74 308 315 316 317 318 319 320 322 323 324 325 326 327 328 329 330 331 332 333 334 335 336 337 338 339 340 341 342 -1
20 75 322 323 329 330 331 332 333 334 335 336 337 338 339 340 341 342 -1
20 76 329 336 337 338 339 340 341 -1
20 77 336 337 -1
21 40 5 6 -1
21 41 2 3 4 5 6 -1
21 42 0 1 2 3 4 5 6 11 12 13 -1
21 43 0 1 2 3 4 5 6 7 8 9 10 11 12 13 19 20 -1
21 44 0 1 2 3 4 5 6 7 8 9 10 11 12 13 14 15 16 17 18 19 20 25 26 27 -1
21 45 0 1 2 3 4 5 6 7 8 9 10 11 12 13 14 15 16 17 18 19 20 21 22 23 24 25 26 27 28 29 30 31 32 33 34 39 40 41 -1
21 46 0 1 2 3 4 5 6 7 8 9 10 11 12 13 14 15 16 17 18 19 20 21 22 23 24 25 26 27 28 29 30 31 32 33 34 35 36 37 38 39 40 41 42 43 44 45 46 47 48 -1
21 47 0 1 2 3 4 5 6 7 8 9 10 11 12 13 14 15 16 17 18 19 20 21 22 23 24 25 26 27 28 29 30 31 32 33 34 35 36 37 38 39 40 41 42 43 44 45 46 47 48 -1
21 48 0 1 2 3 4 5 6 7 8 9 10 11 12 13 14 15 16 17 18 19 20 21 22 23 24 25 26 27 28 29 30 31 32 33 34 35 36 37 38 39 40 41 42 43 44 45 46 47 48 -1
21 49 14 15 16 17 18 21 22 23 24 25 26 27 28 29 30 31 32 33 34 35 36 37 38 39 40 41 42 43 44 45 46 47 48 49 50 51 52 53 54 55 57 58 59 60 61 62 69 -1
21 50 49 50 51 52 53 54 55 56 57 58 59 60 61 62 63 64 65 66 67 68 69 70 71 72 73 74 75 76 77 78 79 80 81 82 83 84 85 86 87 88 89 90 92 93 94 95 96 97 -1
21 51 49 50 51 52 53 54 55 56 57 58 59 60 61 62 63 64 65 66 67 68 69 70 71 72 73 74 75 76 77 78 79 80 81 82 83 84 85 86 87 88 89 90 91 92 93 94 95 96 97 -1
21 52 49 50 51 52 53 54 55 56 57 58 59 60 61 62 63 64 65 66 67 68 69 70 71 72 73 74 75 76 77 78 79 80 81 82 83 84 85 86 87 88 89 90 91 92 93 94 95 96 97 -1
21 53 49 50 51 52 53 54 55 56 57 58 59 60 61 62 63 64 65 66 67 68 69 70 71 72 73 74 75 76 77 78 79 80 81 82 83 84 85 86 87 88 89 90 91 92 93 94 95 96 97 -1
21 54 63 64 65 66 67 70 71 72 73 74 75 76 77 78 79 80 81 82 83 84 85 86 87 88 89 90 91 92 93 94 95 96 97 98 99 100 101 102 103 104 105 106 107 108 109 110 111 112 113 114 115 116 117 118 119 120 121 122 123 124 125 126 127 128 129 130 131 132 133 134 135 136 137 138 139 140 141 142 143 144 145 146 -1
21 55 98 99 100 101 102 103 104 105 106 107 108 109 110 111 112 113 114 115 116 117 118 119 120 121 122 123 124 125 126 127 128 129 130 131 132 133 134 135 136 137 138 139 140 141 142 143 144 145 146 -1
21 56 98 99 100 101 102 103 104 105 106 107 108 109 110 111 112 113 114 115 116 117 118 119 120 121 122 123 124 125 126 127 128 129 130 131 132 133 134 135 136 137 138 139 140 141 142 143 144 145 146 -1
21 57 98 99 100 101 102 103 104 105 106 107 108 109 110 111 112 113 114 115 116 117 118 119 120 121 122 123 124 125 126 127 128 129 130 131 132 133 134 135 136 137 138 139 140 141 142 143 144 145 146 -1
21 58 140 147 148 149 150 151 152 153 154 155 156 157 158 159 160 161 162 163 164 165 166 167 168 169 170 171 172 173 174 175 176 177 178 179 180 181 182 183 184 185 186 187 188 189 190 191 192 193 194 195 -1
21 59 147 148 149 150 151 152 153 154 155 156 157 158 159 160 161 162 163 164 165 166 167 168 169 170 171 172 173 174 175 176 177 178 179 180 181 182 183 184 185 186 187 188 189 190 191 192 193 194 195 -1
21 60 147 148 149 150 151 152 153 154 155 156 157 158 159 160 161 162 163 164 165 166 167 168 169 170 171 172 173 174 175 176 177 178 179 180 181 182 183 184 185 186 187 188 189 190 191 192 193 194 195 -1
21 61 147 148 149 150 151 152 153 154 155 156 157 158 159 160 161 162 163 164 165 166 167 168 169 170 171 172 173 174 175 176 177 178 179 180 181 182 183 184 185 186 187 188 189 190 191 192 193 194 195 202 -1
21 62 196 197 198 199 200 201 202 203 204 205 206 207 208 209 210 211 212 213 214 215 216 217 218 219 220 221 222 223 224 225 226 227 228 229 230 231 232 233 234 235 236 237 238 239 240 241 242 243 244 -1
21 63 196 197 198 199 200 201 202 203 204 205 206 207 208 209 210 211 212 213 214 215 216 217 218 219 220 221 222 223 224 225 226 227 228 229 230 231 232 233 234 235 236 237 238 239 240 241 242 243 244 -1
21 64 196 197 198 199 200 201 202 203 204 205 206 207 208 209 210 211 212 213 214 215 216 217 218 219 220 221 222 223 224 225 226 227 228 229 230 231 232 233 234 235 236 237 238 239 240 241 242 243 244 -1
21 65 196 197 198 199 200 201 202 203 204 205 206 207 208 209 210 211 212 213 214 215 216 217 218 219 220 221 222 223 224 225 226 227 228 229 230 231 232 233 234 235 236 237 238 239 240 241 242 243 244 245 246 247 248 249 250 251 252 253 254 255 256 257 258 259 260 261 262 263 264 265 266 267 268 269 270 271 272 275 276 277 278 279 -1
21 66 245 246 247 248 249 250 251 252 253 254 255 256 257 258 259 260 261 262 263 264 265 266 267 268 269 270 271 272 273 274 275 276 277 278 279 280 281 282 283 284 285 286 287 288 289 290 291 292 293 -1
21 67 245 246 247 248 249 250 251 252 253 254 255 256 257 258 259 260 261 262 263 264 265 266 267 268 269 270 271 272 273 274 275 276 277 278 279 280 281 282 283 284 285 286 287 288 289 290 291 292 293 -1
21 68 245 246 247 248 249 250 251 252 253 254 255 256 257 258 259 260 261 262 263 264 265 266 267 268 269 270 271 272 273 274 275 276 277 278 279 280 281 282 283 284 285 286 287 288 289 290 291 292 293 -1
21 69 245 246 247 248 249 250 252 253 254 255 256 257 258 259 260 261 262 263 264 265 266 267 268 269 270 271 272 273 274 275 276 277 278 279 280 281 282 283 284 285 286 287 288 289 290 291 292 293 -1
21 70 273 280 281 282 283 284 285 287 288 289 290 291 292 293 294 295 296 297 298 299 300 301 302 303 304 305 306 307 308 309 310 311 312 313 314 315 316 317 318 319 320 321 324 325 326 327 328 -1
21 71 294 295 296 297 298 299 300 301 302 303 304 305 306 307 308 309 310 311 312 313 314 315 316 317 318 319 320 321 322 323 324 325 326 327 328 329 330 331 332 333 334 335 336 337 338 339 340 341 342 -1
21 72 294 295 296 297 298 299 300 301 302 303 304 305 306 307 308 309 310 311 312 313 314 315 316 317 318 319 320 321 322 323 324 325 326 327 328 329 330 331 332 333 334 335 336 337 338 339 340 341 342 -1
21 73 294 295 296 297 298 299 300 301 302 303 304 305 306 307 308 309 310 311 312 313 314 315 316 317 318 319 320 321 322 323 324 325 326 327 328 329 330 331 332 333 334 335 336 337 338 339 340 341 342 -1
21 74 301 302 303 308 309 310 311 312 313 314 315 316 317 318 319 320 321 322 323 324 325 326 327 328 329 330 331 332 333 334 335 336 337 338 339 340 341 342 -1
21 75 315 316 317 322 323 324 325 326 327 328 329 330 331 332 333 334 335 336 337 338 339 340 341 342 -1
21 76 322 323 329 330 331 332 333 334 335 336 337 338 339 340 341 342 -1
21 77 329 330 331 336 337 338 339 340 341 342 -1
21 78 336 337 338 339 340 -1
21 79 336 337 -1
22 37 6 -1
22 38 4 5 6 -1
22 39 2 3 4 5 6 -1
22 40 0 1 2 3 4 5 6 -1
22 41 0 1 2 3 4 5 6 10 11 12 13 -1
22 42 0 1 2 3 4 5 6 7 8 9 10 11 12 13 19 20 -1
22 43 0 1 2 3 4 5 6 7 8 9 10 11 12 13 14 15 16 17 18 19 20 27 -1
22 44 0 1 2 3 4 5 6 7 8 9 10 11 12 13 14 15 16 17 18 19 20 21 22 23 24 25 26 27 32 33 34 -1
22 45 0 1 2 3 4 5 6 7 8 9 10 11 12 13 14 15 16 17 18 19 20 21 22 23 24 25 26 27 28 29 30 31 32 33 34 35 36 37 38 39 40 41 48 -1
22 46 0 1 2 3 4 5 6 7 8 9 10 11 12 13 14 15 16 17 18 19 20 21 22 23 24 25 26 27 28 29 30 31 32 33 34 35 36 37 38 39 40 41 42 43 44 45 46 47 48 -1
22 47 0 1 2 3 7 8 9 10 11 12 13 14 15 16 17 18 19 20 21 22 23 24 25 26 27 28 29 30 31 32 33 34 35 36 37 38 39 40 41 42 43 44 45 46 47 48 55 -1
22 48 14 15 21 22 23 24 25 26 27 28 29 30 31 32 33 34 35 36 37 38 39 40 41 42 43 44 45 46 47 48 49 50 51 52 53 54 55 59 60 61 62 -1
22 49 35 36 37 42 43 44 45 46 47 48 49 50 51 52 53 54 55 56 57 58 59 60 61 62 63 64 65 66 67 68 69 71 72 73 74 75 76 -1
22 50 49 50 51 52 53 54 55 56 57 58 59 60 61 62 63 64 65 66 67 68 69 70 71 72 73 74 75 76 77 78 79 80 81 82 83 84 85 86 87 88 89 90 91 92 93 94 95 96 97 -1
22 51 49 50 51 52 53 54 55 56 57 58 59 60 61 62 63 64 65 66 67 68 69 70 71 72 73 74 75 76 77 78 79 80 81 82 83 84 85 86 87 88 89 90 91 92 93 94 95 96 97 -1
22 52 49 50 51 52 53 54 55 56 57 58 59 60 61 62 63 64 65 66 67 68 69 70 71 72 73 74 75 76 77 78 79 80 81 82 83 84 85 86 87 88 89 90 91 92 93 94 95 96 97 -1
22 53 49 50 51 52 53 54 55 56 57 58 59 60 61 62 63 64 65 66 67 68 69 70 71 72 73 74 75 76 77 78 79 80 81 82 83 84 85 86 87 88 89 90 91 92 93 94 95 96 97 100 101 102 103 104 -1
22 54 98 99 100 101 102 103 104 105 106 107 108 109 110 111 112 113 114 115 116 117 118 119 120 121 122 123 124 125 126 127 128 129 130 131 132 133 134 135 136 137 138 139 140 141 142 143 144 145 146 -1
22 55 98 99 100 101 102 103 104 105 106 107 108 109 110 111 112 113 114 115 116 117 118 119 120 121 122 123 124 125 126 127 128 129 130 131 132 133 134 135 136 137 138 139 140 141 142 143 144 145 146 -1
22 56 98 99 100 101 102 103 104 105 106 107 108 109 110 111 112 113 114 115 116 117 118 119 120 121 122 123 124 125 126 127 128 129 130 131 132 133 134 135 136 137 138 139 140 141 142 143 144 145 146 -1
22 57 98 99 100 101 102 103 104 105 106 107 108 109 110 111 112 113 114 115 116 117 118 119 120 121 122 123 124 125 126 127 128 129 130 131 132 133 134 135 136 137 138 139 140 141 142 143 144 145 146 -1
22 58 147 148 149 150 151 152 153 154 155 156 157 158 159 160 161 162 163 164 165 166 167 168 169 170 171 172 173 174 175 176 177 178 179 180 181 182 183 184 185 186 187 188 189 190 191 192 193 194 195 -1
22 59 147 148 149 150 151 152 153 154 155 156 157 158 159 160 161 162 163 164 165 166 167 168 169 170 171 172 173 174 175 176 177 178 179 180 181 182 183 184 185 186 187 188 189 190 191 192 193 194 195 -1
22 60 147 148 149 150 151 152 153 154 155 156 157 158 159 160 161 162 163 164 165 166 167 168 169 170 171 172 173 174 175 176 177 178 179 180 181 182 183 184 185 186 187 188 189 190 191 192 193 194 195 -1
22 61 147 148 149 150 151 152 153 154 155 156 157 158 159 160 161 162 163 164 165 166 167 168 169 170 171 172 173 174 175 176 177 178 179 180 181 182 183 184 185 186 187 188 189 190 191 192 193 194 195 -1
22 62 196 197 198 199 200 201 202 203 204 205 206 207 208 209 210 211 212 213 214 215 216 217 218 219 220 221 222 223 224 225 226 227 228 229 230 231 232 233 234 235 236 237 238 239 240 241 242 243 244 -1
22 63 196 197 198 199 200 201 202 203 204 205 206 207 208 209 210 211 212 213 214 215 216 217 218 219 220 221 222 223 224 225 226 227 228 229 230 231 232 233 234 235 236 237 238 239 240 241 242 243 244 -1
22 64 196 197 198 199 200 201 202 203 204 205 206 207 208 209 210 211 212 213 214 215 216 217 218 219 220 221 222 223 224 225 226 227 228 229 230 231 232 233 234 235 236 237 238 239 240 241 242 243 244 -1
22 65 196 197 198 199 200 201 202 203 204 205 206 207 208 209 210 211 212 213 214 215 216 217 218 219 220 221 222 223 224 225 226 227 228 229 230 231 232 233 234 235 236 237 238 239 240 241 242 243 244 -1
22 66 238 239 240 241 242 245 246 247 248 249 250 251 252 253 254 255 256 257 258 259 260 261 262 263 264 265 266 267 268 269 270 271 272 273 274 275 276 277 278 279 280 281 282 283 284 285 286 287 288 289 290 291 292 293 -1
22 67 245 246 247 248 249 250 251 252 253 254 255 256 257 258 259 260 261 262 263 264 265 266 267 268 269 270 271 272 273 274 275 276 277 278 279 280 281 282 283 284 285 286 287 288 289 290 291 292 293 -1
22 68 245 246 247 248 249 250 251 252 253 254 255 256 257 258 259 260 261 262 263 264 265 266 267 268 269 270 271 272 273 274 275 276 277 278 279 280 281 282 283 284 285 286 287 288 289 290 291 292 293 -1
22 69 245 246 247 248 249 250 251 252 253 254 255 256 257 258 259 260 261 262 263 264 265 266 267 268 269 270 271 272 273 274 275 276 277 278 279 280 281 282 283 284 285 286 287 288 289 290 291 292 293 -1
22 70 266 267 268 269 270 271 273 274 275 276 277 278 279 280 281 282 283 284 285 286 287 288 289 290 291 292 293 294 295 296 297 298 299 300 305 306 307 -1
22 71 280 281 282 283 287 288 289 290 291 292 293 294 295 296 297 298 299 300 301 302 303 304 305 306 307 308 309 310 311 312 313 314 315 316 317 318 319 320 321 327 328 -1
22 72 287 294 295 296 297 298 299 300 301 302 303 304 305 306 307 308 309 310 311 312 313 314 315 316 317 318 319 320 321 322 323 324 325 326 327 328 329 330 331 332 333 334 335 339 340 341 342 -1
22 73 294 295 296 297 298 299 300 301 302 303 304 305 306 307 308 309 310 311 312 313 314 315 316 317 318 319 320 321 322 323 324 325 326 327 328 329 330 331 332 333 334 335 336 337 338 339 340 341 342 -1
22 74 294 301 302 303 304 305 306 307 308 309 310 311 312 313 314 315 316 317 318 319 320 321 322 323 324 325 326 327 328 329 330 331 332 333 334 335 336 337 338 339 340 341 342 -1
22 75 308 309 310 315 316 317 318 319 320 321 322 323 324 325 326 327 328 329 330 331 332 333 334 335 336 337 338 339 340 341 342 -1
22 76 315 322 323 324 325 326 327 328 329 330 331 332 333 334 335 336 337 338 339 340 341 342 -1
22 77 322 323 329 330 331 332 333 334 335 336 337 338 339 340 341 342 -1
22 78 329 330 331 332 336 337 338 339 340 341 342 -1
22 79 336 337 338 339 340 341 342 -1
22 80 336 337 338 339 340 -1
22 81 336 337 338 -1
22 82 336 -1
23 35 6 -1
23 36 4 5 6 -1
23 37 2 3 4 5 6 -1
23 38 0 1 2 3 4 5 6 -1
23 39 0 1 2 3 4 5 6 13 -1
23 40 0 1 2 3 4 5 6 10 11 12 13 -1
23 41 0 1 2 3 4 5 6 7 8 9 10 11 12 13 20 -1
23 42 0 1 2 3 4 5 6 7 8 9 10 11 12 13 15 16 17 18 19 20 -1
23 43 0 1 2 3 4 5 6 7 8 9 10 11 12 13 14 15 16 17 18 19 20 23 24 25 26 27 -1
23 44 0 1 2 3 4 5 6 7 8 9 10 11 12 13 14 15 16 17 18 19 20 21 22 23 24 25 26 27 29 30 31 32 33 34 -1
23 45 0 1 2 3 4 7 8 9 10 11 12 13 14 15 16 17 18 19 20 21 22 23 24 25 26 27 28 29 30 31 32 33 34 35 36 37 38 39 40 41 46 47 48 -1
23 46 7 8 9 10 11 14 15 16 17 18 19 20 21 22 23 24 25 26 27 28 29 30 31 32 33 34 35 36 37 38 39 40 41 42 43 44 45 46 47 48 53 54 55 -1
23 47 14 15 21 22 23 24 25 26 27 28 29 30 31 32 33 34 35 36 37 38 39 40 41 42 43 44 45 46 47 48 49 50 51 52 53 54 55 60 61 62 -1
23 48 28 29 30 31 35 36 37 38 39 40 41 42 43 44 45 46 47 48 49 50 51 52 53 54 55 56 57 58 59 60 61 62 65 66 67 68 69 -1
23 49 42 43 44 45 49 50 51 52 53 54 55 56 57 58 59 60 61 62 63 64 65 66 67 68 69 70 71 72 73 74 75 76 78 79 80 81 82 83 -1
23 50 49 50 51 52 53 54 55 56 57 58 59 60 61 62 63 64 65 66 67 68 69 70 71 72 73 74 75 76 77 78 79 80 81 82 83 84 85 86 87 88 89 90 91 92 93 94 95 96 97 -1
23 51 49 50 51 52 53 54 55 56 57 58 59 60 61 62 63 64 65 66 67 68 69 70 71 72 73 74 75 76 77 78 79 80 81 82 83 84 85 86 87 88 89 90 91 92 93 94 95 96 97 -1
23 52 49 50 51 52 53 54 55 56 57 58 59 60 61 62 63 64 65 66 67 68 69 70 71 72 73 74 75 76 77 78 79 80 81 82 83 84 85 86 87 88 89 90 91 92 93 94 95 96 97 -1
23 53 77 78 79 80 81 84 85 86 87 88 89 90 91 92 93 94 95 96 97 98 99 100 101 102 103 104 105 106 107 108 109 110 111 115 116 117 118 -1
23 54 98 99 100 101 102 103 104 105 106 107 108 109 110 111 112 113 114 115 116 117 118 119 120 121 122 123 124 125 126 127 128 129 130 131 132 133 134 135 136 137 138 139 140 141 142 143 144 145 146 -1
23 55 98 99 100 101 102 103 104 105 106 107 108 109 110 111 112 113 114 115 116 117 118 119 120 121 122 123 124 125 126 127 128 129 130 131 132 133 134 135 136 137 138 139 140 141 142 143 144 145 146 -1
23 56 98 99 100 101 102 103 104 105 106 107 108 109 110 111 112 113 114 115 116 117 118 119 120 121 122 123 124 125 126 127 128 129 130 131 132 133 134 135 136 137 138 139 140 141 142 143 144 145 146 -1
23 57 98 99 105 106 107 108 109 110 112 113 114 115 116 117 118 119 120 121 122 123 124 125 126 127 128 129 130 131 132 133 134 135 136 137 138 139 140 141 142 143 144 145 146 150 151 152 153 -1
23 58 147 148 149 150 151 152 153 154 155 156 157 158 159 160 161 162 163 164 165 166 167 168 169 170 171 172 173 174 175 176 177 178 179 180 181 182 183 184 185 186 187 188 189 190 191 192 193 194 195 -1
23 59 147 148 149 150 151 152 153 154 155 156 157 158 159 160 161 162 163 164 165 166 167 168 169 170 171 172 173 174 175 176 177 178 179 180 181 182 183 184 185 186 187 188 189 190 191 192 193 194 195 -1
23 60 147 148 149 150 151 152 153 154 155 156 157 158 159 160 161 162 163 164 165 166 167 168 169 170 171 172 173 174 175 176 177 178 179 180 181 182 183 184 185 186 187 188 189 190 191 192 193 194 195 -1
23 61 147 148 149 150 151 152 153 154 155 156 157 158 159 160 161 162 163 164 165 166 167 168 169 170 171 172 173 174 175 176 177 178 179 180 181 182 183 184 185 186 187 188 189 190 191 192 193 194 195 -1
23 62 189 190 191 192 196 197 198 199 200 201 202 203 204 205 206 207 208 209 210 211 212 213 214 215 216 217 218 219 220 221 222 223 224 225 226 227 228 229 230 232 233 234 235 236 237 243 244 -1
23 63 196 197 198 199 200 201 202 203 204 205 206 207 208 209 210 211 212 213 214 215 216 217 218 219 220 221 222 223 224 225 226 227 228 229 230 231 232 233 234 235 236 237 238 239 240 241 242 243 244 -1
23 64 196 197 198 199 200 201 202 203 204 205 206 207 208 209 210 211 212 213 214 215 216 217 218 219 220 221 222 223 224 225 226 227 228 229 230 231 232 233 234 235 236 237 238 239 240 241 242 243 244 -1
23 65 196 197 198 199 200 201 202 203 204 205 206 207 208 209 210 211 212 213 214 215 216 217 218 219 220 221 222 223 224 225 226 227 228 229 230 231 232 233 234 235 236 237 238 239 240 241 242 243 244 -1
23 66 224 225 226 227 231 232 233 234 235 236 237 238 239 240 241 242 243 244 245 246 247 248 249 250 251 252 253 254 255 256 257 258 261 262 263 264 265 -1
23 67 245 246 247 248 249 250 251 252 253 254 255 256 257 258 259 260 261 262 263 264 265 266 267 268 269 270 271 272 273 274 275 276 277 278 279 280 281 282 283 284 285 286 287 288 289 290 291 292 293 -1
23 68 245 246 247 248 249 250 251 252 253 254 255 256 257 258 259 260 261 262 263 264 265 266 267 268 269 270 271 272 273 274 275 276 277 278 279 280 281 282 283 284 285 286 287 288 289 290 291 292 293 -1
23 69 245 246 247 248 249 250 251 252 253 254 255 256 257 258 259 260 261 262 263 264 265 266 267 268 269 270 271 272 273 274 275 276 277 278 279 280 281 282 283 284 285 286 287 288 289 290 291 292 293 -1
23 70 259 260 261 262 263 264 266 267 268 269 270 271 272 273 274 275 276 277 278 279 280 281 282 283 284 285 286 287 288 289 290 291 292 293 297 298 299 300 -1
23 71 273 274 275 276 277 280 281 282 283 284 285 286 287 288 289 290 291 292 293 294 295 296 297 298 299 300 301 302 303 304 305 306 307 311 312 313 314 -1
23 72 280 281 282 287 288 289 290 291 292 293 294 295 296 297 298 299 300 301 302 303 304 305 306 307 308 309 310 311 312 313 314 315 316 317 318 319 320 321 327 328 -1
23 73 287 288 289 294 295 296 297 298 299 300 301 302 303 304 305 306 307 308 309 310 311 312 313 314 315 316 317 318 319 320 321 322 323 324 325 326 327 328 331 332 333 334 335 -1
23 74 294 295 296 301 302 303 304 305 306 307 308 309 310 311 312 313 314 315 316 317 318 319 320 321 322 323 324 325 326 327 328 329 330 331 332 333 334 335 338 339 340 341 342 -1
23 75 308 309 310 311 312 313 315 316 317 318 319 320 321 322 323 324 325 326 327 328 329 330 331 332 333 334 335 336 337 338 339 340 341 342 -1
23 76 315 316 317 318 319 322 323 324 325 326 327 328 329 330 331 332 333 334 335 336 337 338 339 340 341 342 -1
23 77 322 323 324 325 326 327 329 330 331 332 333 334 335 336 337 338 339 340 341 342 -1
23 78 322 329 330 331 332 333 334 335 336 337 338 339 340 341 342 -1
23 79 329 330 331 332 336 337 338 339 340 341 342 -1
23 80 329 336 337 338 339 340 341 342 -1
23 81 336 337 338 339 340 341 342 -1
23 82 336 337 338 339 340 -1
23 83 336 337 338 -1
23 84 336 -1
24 34 4 5 6 -1
24 35 2 3 4 5 6 -1
24 36 0 1 2 3 4 5 6 -1
24 37 0 1 2 3 4 5 6 -1
24 38 0 1 2 3 4 5 6 12 13 -1
24 39 0 1 2 3 4 5 6 9 10 11 12 13 -1
24 40 0 1 2 3 4 5 6 7 8 9 10 11 12 13 20 -1
24 41 0 1 2 3 4 5 6 7 8 9 10 11 12 13 17 18 19 20 -1
24 42 0 1 2 3 4 5 6 7 8 9 10 11 12 13 14 15 16 17 18 19 20 26 27 -1
24 43 0 1 2 3 4 7 8 9 10 11 12 13 14 15 16 17 18 19 20 21 22 23 24 25 26 27 34 -1
24 44 0 7 8 9 10 11 12 13 14 15 16 17 18 19 20 21 22 23 24 25 26 27 28 29 30 31 32 33 34 41 55 -1
24 45 7 8 9 14 15 16 17 18 19 20 21 22 23 24 25 26 27 28 29 30 31 32 33 34 35 36 37 38 39 40 41 45 46 47 48 52 53 54 55 -1
24 46 14 15 16 21 22 23 24 25 26 27 28 29 30 31 32 33 34 35 36 37 38 39 40 41 42 43 44 45 46 47 48 49 50 51 52 53 54 55 61 62 -1
24 47 21 22 28 29 30 31 32 33 34 35 36 37 38 39 40 41 42 43 44 45 46 47 48 49 50 51 52 53 54 55 56 57 58 59 60 61 62 68 69 -1
24 48 35 36 37 38 39 40 42 43 44 45 46 47 48 49 50 51 52 53 54 55 56 57 58 59 60 61 62 63 64 65 66 67 68 69 73 74 75 76 -1
24 49 42 43 44 49 50 51 52 53 54 55 56 57 58 59 60 61 62 63 64 65 66 67 68 69 70 71 72 73 74 75 76 77 78 79 80 81 82 83 88 89 90 -1
24 50 49 50 51 52 53 54 55 56 57 58 59 60 61 62 63 64 65 66 67 68 69 70 71 72 73 74 75 76 77 78 79 80 81 82 83 84 85 86 87 88 89 90 91 92 93 94 95 96 97 -1
24 51 49 50 51 52 53 56 57 58 59 60 61 62 63 64 65 66 67 68 69 70 71 72 73 74 75 76 77 78 79 80 81 82 83 84 85 86 87 88 89 90 91 92 93 94 95 96 97 -1
24 52 63 64 65 70 71 72 73 74 75 76 77 78 79 80 81 82 83 84 85 86 87 88 89 90 91 92 93 94 95 96 97 98 99 100 101 102 103 104 110 111 -1
24 53 84 85 86 87 88 91 92 93 94 95 96 97 98 99 100 101 102 103 104 105 106 107 108 109 110 111 112 113 114 115 116 117 118 122 123 124 125 -1
24 54 98 99 100 101 102 103 104 105 106 107 108 109 110 111 112 113 114 115 116 117 118 119 120 121 122 123 124 125 126 127 128 129 130 131 132 133 134 135 136 137 138 139 141 142 143 144 145 146 -1
24 55 98 99 100 101 102 103 104 105 106 107 108 109 110 111 112 113 114 115 116 117 118 119 120 121 122 123 124 125 126 127 128 129 130 131 132 133 134 135 136 137 138 139 140 141 142 143 144 145 146 -1
24 56 98 99 100 101 102 103 104 105 106 107 108 109 110 111 112 113 114 115 116 117 118 119 120 121 122 123 124 125 126 127 128 129 130 131 132 133 134 135 136 137 138 139 140 141 142 143 144 145 146 -1
24 57 119 120 121 122 123 126 127 128 129 130 131 132 133 134 135 136 137 138 139 140 141 142 143 144 145 146 147 148 149 150 151 152 153 156 157 158 159 160 -1
24 58 140 141 147 148 149 150 151 152 153 154 155 156 157 158 159 160 161 162 163 164 165 166 167 168 169 170 171 172 173 174 175 176 177 178 179 180 181 185 186 187 188 -1
24 59 147 148 149 150 151 152 153 154 155 156 157 158 159 160 161 162 163 164 165 166 167 168 169 170 171 172 173 174 175 176 177 178 179 180 181 182 183 184 185 186 187 188 189 190 191 192 193 194 195 -1
24 60 147 148 149 150 151 152 153 154 155 156 157 158 159 160 161 162 163 164 165 166 167 168 169 170 171 172 173 174 175 176 177 178 179 180 181 182 183 184 185 186 187 188 189 190 191 192 193 194 195 -1
24 61 154 155 156 157 161 162 163 164 165 166 167 168 169 170 171 172 173 174 175 176 177 178 179 180 181 182 183 184 185 186 187 188 189 190 191 192 193 194 195 201 202 -1
24 62 182 183 184 185 186 189 190 191 192 193 194 195 196 197 198 199 200 201 202 203 204 205 206 207 208 209 210 211 212 213 214 215 216 219 220 221 222 223 -1
24 63 196 197 198 199 200 201 202 203 204 205 206 207 208 209 210 211 212 213 214 215 216 217 218 219 220 221 222 223 224 225 226 227 228 229 230 231 232 233 234 235 236 237 238 239 240 241 242 243 244 -1
24 64 196 197 198 199 200 201 202 203 204 205 206 207 208 209 210 211 212 213 214 215 216 217 218 219 220 221 222 223 224 225 226 227 228 229 230 231 232 233 234 235 236 237 238 239 240 241 242 243 244 -1
24 65 196 197 198 199 200 201 203 204 205 206 207 208 209 210 211 212 213 214 215 216 217 218 219 220 221 222 223 224 225 226 227 228 229 230 231 232 233 234 235 236 237 238 239 240 241 242 243 244 -1
24 66 217 218 219 220 224 225 226 227 228 229 230 231 232 233 234 235 236 237 238 239 240 241 242 243 244 245 246 247 248 249 250 251 254 255 256 257 258 -1
24 67 231 232 238 239 240 241 242 243 244 245 246 247 248 249 250 251 252 253 254 255 256 257 258 259 260 261 262 263 264 265 266 267 268 269 270 271 272 277 278 279 -1
24 68 245 246 247 248 249 250 251 252 253 254 255 256 257 258 259 260 261 262 263 264 265 266 267 268 269 270 271 272 273 274 275 276 277 278 279 280 281 282 283 284 285 286 289 290 291 292 293 -1
24 69 245 246 247 248 249 250 251 252 253 254 255 256 257 258 259 260 261 262 263 264 265 266 267 268 269 270 271 272 273 274 275 276 277 278 279 280 281 282 283 284 285 286 287 288 289 290 291 292 293 -1
24 70 252 253 254 259 260 261 262 263 264 265 266 267 268 269 270 271 272 273 274 275 276 277 278 279 280 281 282 283 284 285 286 287 288 289 290 291 292 293 298 299 300 -1
24 71 266 267 268 269 273 274 275 276 277 278 279 280 281 282 283 284 285 286 287 288 289 290 291 292 293 294 295 296 297 298 299 300 302 303 304 305 306 307 -1
24 72 273 274 280 281 282 283 284 285 286 287 288 289 290 291 292 293 294 295 296 297 298 299 300 301 302 303 304 305 306 307 308 309 310 311 312 313 314 320 321 -1
24 73 280 281 287 288 289 290 291 292 293 294 295 296 297 298 299 300 301 302 303 304 305 306 307 308 309 310 311 312 313 314 315 316 317 318 319 320 321 326 327 328 -1
24 74 287 288 289 290 294 295 296 297 301 302 303 304 305 306 307 308 309 310 311 312 313 314 315 316 317 318 319 320 321 322 323 324 325 326 327 328 333 334 335 -1
24 75 287 301 308 309 310 311 312 313 314 315 316 317 318 319 320 321 322 323 324 325 326 327 328 329 330 331 332 333 334 335 342 -1
24 76 308 315 316 317 318 319 320 321 322 323 324 325 326 327 328 329 330 331 332 333 334 335 338 339 340 341 342 -1
24 77 315 316 322 323 324 325 326 327 328 329 330 331 332 333 334 335 336 337 338 339 340 341 342 -1
24 78 322 323 324 325 329 330 331 332 333 334 335 336 337 338 339 340 341 342 -1
24 79 322 329 330 331 332 333 334 335 336 337 338 339 340 341 342 -1
24 80 329 330 331 332 333 336 337 338 339 340 341 342 -1
24 81 329 330 336 337 338 339 340 341 342 -1
24 82 336 337 338 339 340 341 342 -1
24 83 336 337 338 339 340 341 342 -1
24 84 336 337 338 339 340 -1
24 85 336 337 338 -1
25 32 5 6 -1
25 33 2 3 4 5 6 -1
25 34 0 1 2 3 4 5 6 -1
25 35 0 1 2 3 4 5 6 -1
25 36 0 1 2 3 4 5 6 -1
25 37 0 1 2 3 4 5 6 12 13 -1
25 38 0 1 2 3 4 5 6 9 10 11 12 13 -1
25 39 0 1 2 3 4 5 6 7 8 9 10 11 12 13 -1
25 40 0 1 2 3 4 5 6 7 8 9 10 11 12 13 18 19 20 -1
25 41 0 1 2 3 4 7 8 9 10 11 12 13 14 15 16 17 18 19 20 -1
25 42 0 1 7 8 9 10 11 12 13 14 15 16 17 18 19 20 24 25 26 27 -1
25 43 7 8 9 10 11 12 14 15 16 17 18 19 20 21 22 23 24 25 26 27 32 33 34 54 55 -1
25 44 7 8 14 15 16 17 18 19 20 21 22 23 24 25 26 27 28 29 30 31 32 33 34 40 41 51 52 53 54 55 -1
25 45 14 15 16 17 21 22 23 24 25 26 27 28 29 30 31 32 33 34 35 36 37 38 39 40 41 46 47 48 49 50 51 52 53 54 55 61 62 -1
25 46 21 22 23 24 25 28 29 30 31 32 33 34 35 36 37 38 39 40 41 42 43 44 45 46 47 48 49 50 51 52 53 54 55 56 57 58 59 60 61 62 -1
25 47 28 29 30 31 32 35 36 37 38 39 40 41 42 43 44 45 46 47 48 49 50 51 52 53 54 55 56 57 58 59 60 61 62 64 65 66 67 68 69 -1
25 48 35 36 37 38 39 42 43 44 45 46 47 48 49 50 51 52 53 54 55 56 57 58 59 60 61 62 63 64 65 66 67 68 69 70 71 72 73 74 75 76 83 -1
25 49 42 43 44 45 49 50 51 52 53 54 55 56 57 58 59 60 61 62 63 64 65 66 67 68 69 70 71 72 73 74 75 76 77 78 79 80 81 82 83 87 88 89 90 -1
25 50 49 50 51 52 56 57 58 59 60 61 62 63 64 65 66 67 68 69 70 71 72 73 74 75 76 77 78 79 80 81 82 83 84 85 86 87 88 89 90 91 92 93 94 95 96 97 -1
25 51 56 63 64 65 66 67 68 70 71 72 73 74 75 76 77 78 79 80 81 82 83 84 85 86 87 88 89 90 91 92 93 94 95 96 97 99 100 101 102 103 104 -1
25 52 70 71 77 78 79 80 81 82 83 84 85 86 87 88 89 90 91 92 93 94 95 96 97 98 99 100 101 102 103 104 105 106 107 108 109 110 111 117 118 -1
25 53 84 85 86 87 91 92 93 94 95 96 97 98 99 100 101 102 103 104 105 106 107 108 109 110 111 112 113 114 115 116 117 118 120 121 122 123 124 125 132 -1
25 54 98 99 100 101 102 103 104 105 106 107 108 109 110 111 112 113 114 115 116 117 118 119 120 121 122 123 124 125 126 127 128 129 130 131 132 133 134 135 136 137 138 139 144 145 146 -1
25 55 98 99 100 101 102 103 104 105 106 107 108 109 110 111 112 113 114 115 116 117 118 119 120 121 122 123 124 125 126 127 128 129 130 131 132 133 134 135 136 137 138 139 140 141 142 143 144 145 146 -1
25 56 105 106 107 108 109 112 113 114 115 116 117 118 119 120 121 122 123 124 125 126 127 128 129 130 131 132 133 134 135 136 137 138 139 140 141 142 143 144 145 146 152 153 -1
25 57 119 126 127 128 129 130 131 132 133 134 135 136 137 138 139 140 141 142 143 144 145 146 147 148 149 150 151 152 153 154 155 156 157 158 159 160 166 167 -1
25 58 140 141 142 143 144 147 148 149 150 151 152 153 154 155 156 157 158 159 160 161 162 163 164 165 166 167 168 169 170 171 172 173 174 176 177 178 179 180 181 -1
25 59 147 148 149 150 151 152 153 154 155 156 157 158 159 160 161 162 163 164 165 166 167 168 169 170 171 172 173 174 175 176 177 178 179 180 181 182 183 184 185 186 187 188 189 190 191 192 193 194 195 -1
25 60 147 148 149 150 151 152 153 154 155 156 157 158 159 160 161 162 163 164 165 166 167 168 169 170 171 172 173 174 175 176 177 178 179 180 181 182 183 184 185 186 187 188 189 190 191 192 193 194 195 -1
25 61 161 162 163 164 165 166 168 169 170 171 172 173 174 175 176 177 178 179 180 181 182 183 184 185 186 187 188 189 190 191 192 193 194 195 198 199 200 201 202 -1
25 62 175 176 182 183 184 185 186 187 188 189 190 191 192 193 194 195 196 197 198 199 200 201 202 203 204 205 206 207 208 209 210 211 212 213 214 215 216 223 -1
25 63 189 190 196 197 198 199 200 201 202 203 204 205 206 207 208 209 210 211 212 213 214 215 216 217 218 219 220 221 222 223 224 225 226 227 228 229 230 233 234 235 236 237 -1
25 64 196 197 198 199 200 201 202 203 204 205 206 207 208 209 210 211 212 213 214 215 216 217 218 219 220 221 222 223 224 225 226 227 228 229 230 231 232 233 234 235 236 237 238 239 240 241 242 243 244 -1
25 65 196 197 198 203 204 205 206 207 208 209 210 211 212 213 214 215 216 217 218 219 220 221 222 223 224 225 226 227 228 229 230 231 232 233 234 235 236 237 238 239 240 241 242 243 244 -1
25 66 210 217 218 219 220 221 222 224 225 226 227 228 229 230 231 232 233 234 235 236 237 238 239 240 241 242 243 244 245 246 247 248 249 250 251 255 256 257 258 -1
25 67 224 225 231 232 233 234 235 236 237 238 239 240 241 242 243 244 245 246 247 248 249 250 251 252 253 254 255 256 257 258 259 260 261 262 263 264 265 271 272 -1
25 68 238 239 240 241 242 243 245 246 247 248 249 250 251 252 253 254 255 256 257 258 259 260 261 262 263 264 265 266 267 268 269 270 271 272 274 275 276 277 278 279 286 -1
25 69 245 246 247 248 249 250 251 252 253 254 255 256 257 258 259 260 261 262 263 264 265 266 267 268 269 270 271 272 273 274 275 276 277 278 279 280 281 282 283 284 285 286 290 291 292 293 -1
25 70 252 253 254 255 259 260 261 262 263 264 265 266 267 268 269 270 271 272 273 274 275 276 277 278 279 280 281 282 283 284 285 286 287 288 289 290 291 292 293 297 298 299 300 -1
25 71 259 266 267 268 269 270 271 272 273 274 275 276 277 278 279 280 281 282 283 284 285 286 287 288 289 290 291 292 293 294 295 296 297 298 299 300 303 304 305 306 307 -1
25 72 273 274 275 276 277 278 280 281 282 283 284 285 286 287 288 289 290 291 292 293 294 295 296 297 298 299 300 301 302 303 304 305 306 307 310 311 312 313 314 -1
25 73 280 281 282 283 284 285 286 287 288 289 290 291 292 293 294 295 296 297 298 299 300 301 302 303 304 305 306 307 308 309 310 311 312 313 314 317 318 319 320 321 -1
25 74 280 281 287 288 289 290 291 292 293 294 295 296 301 302 303 304 305 306 307 308 309 310 311 312 313 314 315 316 317 318 319 320 321 325 326 327 328 -1
25 75 287 288 289 290 291 301 302 308 309 310 311 312 313 314 315 316 317 318 319 320 321 322 323 324 325 326 327 328 334 335 -1
25 76 287 288 308 309 310 315 316 317 318 319 320 321 322 323 324 325 326 327 328 330 331 332 333 334 335 -1
25 77 315 316 317 318 322 323 324 325 326 327 328 329 330 331 332 333 334 335 341 342 -1
25 78 322 323 324 325 326 327 328 329 330 331 332 333 334 335 338 339 340 341 342 -1
25 79 322 323 324 329 330 331 332 333 334 335 336 337 338 339 340 341 342 -1
25 80 329 330 331 332 333 334 335 336 337 338 339 340 341 342 -1
25 81 329 330 331 332 333 336 337 338 339 340 341 342 -1
25 82 329 330 336 337 338 339 340 341 342 -1
25 83 336 337 338 339 340 341 342 -1
25 84 336 337 338 339 340 341 342 -1
25 85 336 337 338 339 340 341 342 -1
25 86 336 337 338 339 340 -1
25 87 336 337 -1
26 31 2 3 4 5 6 -1
26 32 0 1 2 3 4 5 6 -1
26 33 0 1 2 3 4 5 6 -1
26 34 0 1 2 3 4 5 6 -1
26 35 0 1 2 3 4 5 6 -1
26 36 0 1 2 3 4 5 6 11 12 13 -1
26 37 0 1 2 3 4 5 6 9 10 11 12 13 -1
26 38 0 1 2 3 4 5 7 8 9 10 11 12 13 -1
26 39 0 1 2 3 7 8 9 10 11 12 13 19 20 -1
26 40 0 1 7 8 9 10 11 12 13 16 17 18 19 20 -1
26 41 7 8 9 10 11 12 13 14 15 16 17 18 19 20 27 54 55 -1
26 42 7 8 9 10 11 14 15 16 17 18 19 20 22 23 24 25 26 27 52 53 54 55 -1
26 43 7 14 15 16 17 18 19 20 21 22 23 24 25 26 27 31 32 33 34 49 50 51 52 53 54 55 -1
26 44 14 15 16 17 18 21 22 23 24 25 26 27 28 29 30 31 32 33 34 39 40 41 49 50 51 52 53 54 55 61 62 -1
26 45 21 22 23 24 25 26 27 28 29 30 31 32 33 34 35 36 37 38 39 40 41 46 47 48 49 50 51 52 53 54 55 57 58 59 60 61 62 -1
26 46 21 22 28 29 30 31 32 33 34 35 36 37 38 39 40 41 42 43 44 45 46 47 48 49 50 51 52 53 54 55 56 57 58 59 60 61 62 67 68 69 -1
26 47 28 29 30 31 35 36 37 38 39 40 41 42 43 44 45 46 47 48 49 50 51 52 53 54 55 56 57 58 59 60 61 62 63 64 65 66 67 68 69 75 76 -1
26 48 35 36 37 38 42 43 44 45 46 47 48 49 50 51 52 53 54 55 56 57 58 59 60 61 62 63 64 65 66 67 68 69 70 71 72 73 74 75 76 82 83 -1
26 49 42 43 44 45 46 49 50 56 57 58 59 60 61 62 63 64 65 66 67 68 69 70 71 72 73 74 75 76 77 78 79 80 81 82 83 87 88 89 90 -1
26 50 56 57 63 64 65 66 67 68 69 70 71 72 73 74 75 76 77 78 79 80 81 82 83 84 85 86 87 88 89 90 91 92 93 94 95 96 97 100 101 102 103 104 -1
26 51 63 70 71 72 73 74 75 76 77 78 79 80 81 82 83 84 85 86 87 88 89 90 91 92 93 94 95 96 97 98 99 100 101 102 103 104 108 109 110 111 -1
26 52 77 78 79 80 81 84 85 86 87 88 89 90 91 92 93 94 95 96 97 98 99 100 101 102 103 104 105 106 107 108 109 110 111 114 115 116 117 118 -1
26 53 84 85 86 91 92 93 94 95 96 97 98 99 100 101 102 103 104 105 106 107 108 109 110 111 112 113 114 115 116 117 118 119 120 121 122 123 124 125 131 132 -1
26 54 91 98 99 100 101 102 103 104 105 106 107 108 109 110 111 112 113 114 115 116 117 118 119 120 121 122 123 124 125 126 127 128 129 130 131 132 134 135 136 137 138 139 146 -1
26 55 98 99 100 101 105 106 107 108 109 110 111 112 113 114 115 116 117 118 119 120 121 122 123 124 125 126 127 128 129 130 131 132 133 134 135 136 137 138 139 140 141 142 143 144 145 146 -1
26 56 112 113 114 115 119 120 121 122 123 124 125 126 127 128 129 130 131 132 133 134 135 136 137 138 139 140 141 142 143 144 145 146 147 148 149 150 151 152 153 160 -1
26 57 126 127 128 129 130 133 134 135 136 137 138 139 140 141 142 143 144 145 146 147 148 149 150 151 152 153 154 155 156 157 158 159 160 164 165 166 167 -1
26 58 133 134 140 141 142 143 144 145 146 147 148 149 150 151 152 153 154 155 156 157 158 159 160 161 162 163 164 165 166 167 168 169 170 171 172 173 174 179 180 181 -1
26 59 147 148 149 150 151 152 153 154 155 156 157 158 159 160 161 162 163 164 165 166 167 168 169 170 171 172 173 174 175 176 177 178 179 180 181 182 183 184 185 186 187 188 191 192 193 194 195 -1
26 60 147 148 149 150 151 154 155 156 157 158 159 160 161 162 163 164 165 166 167 168 169 170 171 172 173 174 175 176 177 178 179 180 181 182 183 184 185 186 187 188 189 190 191 192 193 194 195 -1
26 61 161 162 163 168 169 170 171 172 173 174 175 176 177 178 179 180 181 182 183 184 185 186 187 188 189 190 191 192 193 194 195 196 197 198 199 200 201 202 208 209 -1
26 62 175 176 177 178 182 183 184 185 186 187 188 189 190 191 192 193 194 195 196 197 198 199 200 201 202 203 204 205 206 207 208 209 212 213 214 215 216 -1
26 63 182 189 190 191 192 193 194 195 196 197 198 199 200 201 202 203 204 205 206 207 208 209 210 211 212 213 214 215 216 217 218 219 220 221 222 223 227 228 229 230 -1
26 64 196 197 198 199 200 201 202 203 204 205 206 207 208 209 210 211 212 213 214 215 216 217 218 219 220 221 222 223 224 225 226 227 228 229 230 231 232 233 234 235 236 237 241 242 243 244 -1
26 65 196 203 204 205 206 207 208 210 211 212 213 214 215 216 217 218 219 220 221 222 223 224 225 226 227 228 229 230 231 232 233 234 235 236 237 238 239 240 241 242 243 244 251 -1
26 66 210 211 217 218 219 220 221 222 223 224 225 226 227 228 229 230 231 232 233 234 235 236 237 238 239 240 241 242 243 244 245 246 247 248 249 250 251 256 257 258 -1
26 67 224 225 226 227 228 231 232 233 234 235 236 237 238 239 240 241 242 243 244 245 246 247 248 249 250 251 252 253 254 255 256 257 258 261 262 263 264 265 -1
26 68 231 232 233 234 238 239 240 241 242 243 244 245 246 247 248 249 250 251 252 253 254 255 256 257 258 259 260 261 262 263 264 265 266 267 268 269 270 271 272 279 -1
26 69 238 239 240 241 242 245 246 247 248 249 250 251 252 253 254 255 256 257 258 259 260 261 262 263 264 265 266 267 268 269 270 271 272 273 274 275 276 277 278 279 285 286 -1
26 70 252 253 254 255 259 260 261 262 263 264 265 266 267 268 269 270 271 272 273 274 275 276 277 278 279 280 281 282 283 284 285 286 292 293 296 297 298 299 300 -1
26 71 259 260 266 267 268 269 270 271 272 273 274 275 276 277 278 279 280 281 282 283 284 285 286 287 288 289 290 291 292 293 294 295 296 297 298 299 300 304 305 306 307 -1
26 72 266 267 273 274 275 276 277 278 279 280 281 282 283 284 285 286 287 288 289 290 291 292 293 294 295 296 297 298 299 300 301 302 303 304 305 306 307 311 312 313 314 -1
26 73 273 274 275 280 281 282 283 284 285 286 287 288 289 290 291 292 293 294 295 296 297 298 299 300 301 302 303 304 305 306 307 308 309 310 311 312 313 314 320 321 -1
26 74 280 281 282 283 284 285 287 288 289 290 291 292 293 294 295 296 301 302 303 304 305 306 307 308 309 310 311 312 313 314 315 316 317 318 319 320 321 -1
26 75 280 281 287 288 289 290 291 292 293 301 302 303 308 309 310 311 312 313 314 315 316 317 318 319 320 321 324 325 326 327 328 -1
26 76 287 288 289 290 291 292 293 308 309 310 311 315 316 317 318 319 320 321 322 323 324 325 326 327 328 335 -1
26 77 287 288 289 290 315 316 317 318 319 320 322 323 324 325 326 327 328 331 332 333 334 335 -1
26 78 287 288 315 322 323 324 325 326 327 328 329 330 331 332 333 334 335 -1
26 79 322 323 324 325 326 329 330 331 332 333 334 335 341 342 -1
26 80 322 323 329 330 331 332 333 334 335 339 340 341 342 -1
26 81 329 330 331 332 333 334 335 337 338 339 340 341 342 -1
26 82 329 330 331 332 333 336 337 338 339 340 341 342 -1
26 83 329 330 331 336 337 338 339 340 341 342 -1
26 84 336 337 338 339 340 341 342 -1
26 85 336 337 338 339 340 341 342 -1
26 86 336 337 338 339 340 341 342 -1
26 87 336 337 338 339 340 341 342 -1
26 88 336 337 338 339 340 -1
27 28 0 -1
27 29 0 1 -1
27 30 0 1 2 3 4 5 6 -1
27 31 0 1 2 3 4 5 6 -1
27 32 0 1 2 3 4 5 6 -1
27 33 0 1 2 3 4 5 6 -1
27 34 0 1 2 3 4 5 6 -1
27 35 0 1 2 3 4 5 6 12 13 -1
27 36 0 1 2 3 4 5 8 9 10 11 12 13 -1
27 37 0 1 2 3 7 8 9 10 11 12 13 -1
27 38 0 1 7 8 9 10 11 12 13 20 -1
27 39 7 8 9 10 11 12 13 17 18 19 20 55 -1
27 40 7 8 9 10 11 12 13 14 15 16 17 18 19 20 53 54 55 -1
27 41 7 8 9 10 14 15 16 17 18 19 20 25 26 27 51 52 53 54 55 -1
27 42 7 14 15 16 17 18 19 20 21 22 23 24 25 26 27 49 50 51 52 53 54 55 -1
27 43 14 15 16 17 18 19 21 22 23 24 25 26 27 31 32 33 34 49 50 51 52 53 54 55 61 62 -1
27 44 14 15 21 22 23 24 25 26 27 28 29 30 31 32 33 34 40 41 49 50 51 52 53 54 55 58 59 60 61 62 -1
27 45 21 22 23 24 25 28 29 30 31 32 33 34 35 36 37 38 39 40 41 47 48 49 50 51 52 53 54 55 56 57 58 59 60 61 62 68 69 -1
27 46 21 28 29 30 31 32 33 34 35 36 37 38 39 40 41 42 43 44 45 46 47 48 49 50 51 52 53 54 55 56 57 58 59 60 61 62 64 65 66 67 68 69 -1
27 47 28 29 30 35 36 37 38 39 40 41 42 43 44 45 46 47 48 49 50 51 52 53 56 57 58 59 60 61 62 63 64 65 66 67 68 69 73 74 75 76 -1
27 48 35 36 37 38 39 42 43 44 45 46 47 48 49 56 57 58 59 60 61 62 63 64 65 66 67 68 69 70 71 72 73 74 75 76 81 82 83 104 -1
27 49 42 43 44 45 46 47 56 57 58 63 64 65 66 67 68 69 70 71 72 73 74 75 76 77 78 79 80 81 82 83 88 89 90 100 101 102 103 104 -1
27 50 63 64 65 66 70 71 72 73 74 75 76 77 78 79 80 81 82 83 84 85 86 87 88 89 90 93 94 95 96 97 98 99 100 101 102 103 104 110 111 -1
27 51 70 71 72 73 77 78 79 80 81 82 83 84 85 86 87 88 89 90 91 92 93 94 95 96 97 98 99 100 101 102 103 104 105 106 107 108 109 110 111 118 -1
27 52 77 78 79 80 84 85 86 87 88 89 90 91 92 93 94 95 96 97 98 99 100 101 102 103 104 105 106 107 108 109 110 111 112 113 114 115 116 117 118 125 -1
27 53 84 85 86 87 91 92 93 94 95 96 97 98 99 100 101 102 103 104 105 106 107 108 109 110 111 112 113 114 115 116 117 118 119 120 121 122 123 124 125 131 132 -1
27 54 91 92 93 98 99 100 101 102 105 106 107 108 109 110 111 112 113 114 115 116 117 118 119 120 121 122 123 124 125 126 127 128 129 130 131 132 136 137 138 139 -1
27 55 105 106 107 112 113 114 115 116 117 118 119 120 121 122 123 124 125 126 127 128 129 130 131 132 133 134 135 136 137 138 139 140 141 142 143 144 145 146 150 151 152 153 -1
27 56 112 119 120 121 122 123 124 125 126 127 128 129 130 131 132 133 134 135 136 137 138 139 140 141 142 143 144 145 146 147 148 149 150 151 152 153 157 158 159 160 -1
27 57 126 127 128 129 130 133 134 135 136 137 138 139 140 141 142 143 144 145 146 147 148 149 150 151 152 153 154 155 156 157 158 159 160 163 164 165 166 167 -1
27 58 133 134 135 140 141 142 143 144 145 146 147 148 149 150 151 152 153 154 155 156 157 158 159 160 161 162 163 164 165 166 167 168 169 170 171 172 173 174 180 181 -1
27 59 140 141 147 148 149 150 151 152 153 154 155 156 157 158 159 160 161 162 163 164 165 166 167 168 169 170 171 172 173 174 175 176 177 178 179 180 181 184 185 186 187 188 -1
27 60 154 155 156 157 158 161 162 163 164 165 166 167 168 169 170 171 172 173 174 175 176 177 178 179 180 181 182 183 184 185 186 187 188 189 190 191 192 193 194 195 201 202 -1
27 61 161 162 168 169 170 171 172 173 174 175 176 177 178 179 180 181 182 183 184 185 186 187 188 189 190 191 192 193 194 195 196 197 198 199 200 201 202 207 208 209 -1
27 62 175 176 177 178 179 182 183 184 185 186 187 188 189 190 191 192 193 194 195 196 197 198 199 200 201 202 203 204 205 206 207 208 209 212 213 214 215 216 -1
27 63 182 183 184 185 189 190 191 192 193 194 195 196 197 198 199 200 201 202 203 204 205 206 207 208 209 210 211 212 213 214 215 216 217 218 219 220 221 222 223 230 -1
27 64 189 190 191 192 196 197 198 199 200 201 202 203 204 205 206 207 208 209 210 211 212 213 214 215 216 217 218 219 220 221 222 223 224 225 226 227 228 229 230 235 236 237 -1
27 65 203 204 205 206 210 211 212 213 214 215 216 217 218 219 220 221 222 223 224 225 226 227 228 229 230 231 232 233 234 235 236 237 240 241 242 243 244 249 250 251 -1
27 66 210 211 217 218 219 220 221 222 223 224 225 226 227 228 229 230 231 232 233 234 235 236 237 238 239 240 241 242 243 244 245 246 247 248 249 250 251 255 256 257 258 -1
27 67 217 224 225 226 227 228 229 230 231 232 233 234 235 236 237 238 239 240 241 242 243 244 245 246 247 248 249 250 251 252 253 254 255 256 257 258 262 263 264 265 -1
27 68 224 231 232 233 234 235 236 237 238 239 240 241 242 243 244 245 246 247 248 249 250 251 252 253 254 255 256 257 258 259 260 261 262 263 264 265 269 270 271 272 -1
27 69 231 232 238 239 240 241 242 243 244 245 246 247 248 249 252 253 254 255 256 257 258 259 260 261 262 263 264 265 266 267 268 269 270 271 272 276 277 278 279 -1
27 70 238 239 240 241 242 252 253 254 259 260 261 262 263 264 265 266 267 268 269 270 271 272 273 274 275 276 277 278 279 284 285 286 295 296 297 298 299 300 -1
27 71 238 259 260 261 266 267 268 269 270 271 272 273 274 275 276 277 278 279 280 281 282 283 284 285 286 293 294 295 296 297 298 299 300 303 304 305 306 307 -1
27 72 266 267 268 269 273 274 275 276 277 278 279 280 281 282 283 284 285 286 289 290 291 292 293 294 295 296 297 298 299 300 301 302 303 304 305 306 307 312 313 314 -1
27 73 273 274 275 276 277 278 280 281 282 283 284 285 286 287 288 289 290 291 292 293 294 295 296 297 298 299 300 301 302 303 304 305 306 307 308 309 310 311 312 313 314 321 -1
27 74 273 274 280 281 282 283 284 285 286 287 288 289 290 291 292 293 294 295 301 302 303 304 305 306 307 308 309 310 311 312 313 314 317 318 319 320 321 -1
27 75 280 281 282 283 284 287 288 289 290 291 292 293 301 302 308 309 310 311 312 313 314 315 316 317 318 319 320 321 327 328 -1
27 76 280 281 287 288 289 290 291 292 293 308 309 310 311 315 316 317 318 319 320 321 323 324 325 326 327 328 -1
27 77 287 288 289 290 291 292 293 315 316 317 318 319 320 321 322 323 324 325 326 327 328 335 -1
27 78 287 288 289 290 291 315 316 317 322 323 324 325 326 327 328 332 333 334 335 -1
27 79 287 288 289 322 323 324 325 326 327 328 329 330 331 332 333 334 335 -1
27 80 287 322 323 324 325 329 330 331 332 333 334 335 -1
27 81 322 329 330 331 332 333 334 335 341 342 -1
27 82 329 330 331 332 333 334 335 339 340 341 342 -1
27 83 329 330 331 332 333 334 337 338 339 340 341 342 -1
27 84 329 330 336 337 338 339 340 341 342 -1
27 85 336 337 338 339 340 341 342 -1
27 86 336 337 338 339 340 341 342 -1
27 87 336 337 338 339 340 341 342 -1
27 88 336 337 338 339 340 341 342 -1
27 89 336 337 338 339 340 341 342 -1
27 90 341 342 -1
27 91 342 -1
28 22 0 -1
28 23 0 -1
28 24 0 -1
28 25 0 -1
28 26 0 1 -1
28 27 0 1 -1
28 28 0 1 2 3 -1
28 29 0 1 2 3 4 5 6 -1
28 30 0 1 2 3 4 5 6 -1
28 31 0 1 2 3 4 5 6 -1
28 32 0 1 2 3 4 5 6 -1
28 33 0 1 2 3 4 5 6 -1
28 34 0 1 2 3 4 5 6 12 13 -1
28 35 0 1 2 3 4 7 8 9 10 11 12 13 -1
28 36 0 1 7 8 9 10 11 12 13 -1
28 37 7 8 9 10 11 12 13 -1
28 38 7 8 9 10 11 12 13 18 19 20 54 55 -1
28 39 7 8 9 10 11 12 15 16 17 18 19 20 52 53 54 55 -1
28 40 7 8 9 10 14 15 16 17 18 19 20 49 50 51 52 53 54 55 -1
28 41 7 14 15 16 17 18 19 20 24 25 26 27 49 50 51 52 53 54 55 -1
28 42 14 15 16 17 18 19 20 21 22 23 24 25 26 27 49 50 51 52 53 54 55 61 62 -1
28 43 14 15 16 21 22 23 24 25 26 27 30 31 32 33 34 49 50 51 52 53 54 55 58 59 60 61 62 -1
28 44 21 22 23 24 25 26 27 28 29 30 31 32 33 34 40 41 49 50 51 52 53 54 55 56 57 58 59 60 61 62 -1
28 45 21 22 23 24 28 29 30 31 32 33 34 35 36 37 38 39 40 41 49 50 51 52 53 54 55 56 57 58 59 60 61 62 66 67 68 69 -1
28 46 28 29 30 31 32 33 34 35 36 37 38 39 40 41 42 43 44 45 46 47 48 49 50 51 52 56 57 58 59 60 61 62 63 64 65 66 67 68 69 -1
28 47 28 29 30 35 36 37 38 39 40 41 42 43 44 45 46 47 48 56 57 58 59 60 61 62 63 64 65 66 67 68 69 72 73 74 75 76 103 104 -1
28 48 35 36 37 38 39 42 43 44 45 46 47 48 56 57 58 63 64 65 66 67 68 69 70 71 72 73 74 75 76 81 82 83 100 101 102 103 104 -1
28 49 42 43 44 45 46 47 48 63 64 65 66 67 68 70 71 72 73 74 75 76 77 78 79 80 81 82 83 88 89 90 98 99 100 101 102 103 104 111 -1
28 50 42 43 63 70 71 72 73 74 75 76 77 78 79 80 81 82 83 84 85 86 87 88 89 90 95 96 97 98 99 100 101 102 103 104 106 107 108 109 110 111 -1
28 51 70 71 77 78 79 80 81 82 83 84 85 86 87 88 89 90 91 92 93 94 95 96 97 98 99 100 101 102 103 104 105 106 107 108 109 110 111 116 117 118 -1
28 52 77 78 79 80 84 85 86 87 88 89 90 91 92 93 94 95 96 97 98 99 100 101 102 103 104 105 106 107 108 109 110 111 112 113 114 115 116 117 118 124 125 -1
28 53 84 85 86 87 88 91 92 93 94 95 96 97 98 99 100 101 102 103 105 106 107 108 109 110 111 112 113 114 115 116 117 118 119 120 121 122 123 124 125 131 132 -1
28 54 91 92 93 94 95 105 106 107 108 109 110 112 113 114 115 116 117 118 119 120 121 122 123 124 125 126 127 128 129 130 131 132 137 138 139 152 153 -1
28 55 112 113 114 115 116 117 119 120 121 122 123 124 125 126 127 128 129 130 131 132 133 134 135 136 137 138 139 143 144 145 146 147 148 149 150 151 152 153 160 -1
28 56 119 120 121 122 123 126 127 128 129 130 131 132 133 134 135 136 137 138 139 140 141 142 143 144 145 146 147 148 149 150 151 152 153 154 155 156 157 158 159 160 -1
28 57 126 127 128 129 130 133 134 135 136 137 138 139 140 141 142 143 144 145 146 147 148 149 150 151 152 153 154 155 156 157 158 159 160 162 163 164 165 166 167 -1
28 58 133 134 135 136 137 140 141 142 143 144 145 146 147 148 149 150 151 152 153 154 155 156 157 158 159 160 161 162 163 164 165 166 167 168 169 170 171 172 173 174 181 -1
28 59 140 141 142 143 144 147 148 149 150 154 155 156 157 158 159 160 161 162 163 164 165 166 167 168 169 170 171 172 173 174 175 176 177 178 179 180 181 187 188 -1
28 60 154 155 161 162 163 164 165 166 167 168 169 170 171 172 173 174 175 176 177 178 179 180 181 182 183 184 185 186 187 188 192 193 194 195 198 199 200 201 202 -1
28 61 161 168 169 170 171 172 173 174 175 176 177 178 179 180 181 182 183 184 185 186 187 188 189 190 191 192 193 194 195 196 197 198 199 200 201 202 205 206 207 208 209 -1
28 62 175 176 177 178 179 180 182 183 184 185 186 187 188 189 190 191 192 193 194 195 196 197 198 199 200 201 202 203 204 205 206 207 208 209 212 213 214 215 216 -1
28 63 182 183 184 185 186 187 188 189 190 191 192 193 194 195 196 197 198 199 200 201 202 203 204 205 206 207 208 209 210 211 212 213 214 215 216 219 220 221 222 223 -1
28 64 182 189 190 191 192 193 194 195 196 197 198 199 203 204 205 206 207 208 209 210 211 212 213 214 215 216 217 218 219 220 221 222 223 225 226 227 228 229 230 -1
28 65 189 190 203 204 205 210 211 212 213 214 215 216 217 218 219 220 221 222 223 224 225 226 227 228 229 230 232 233 234 235 236 237 247 248 249 250 251 -1
28 66 210 211 217 218 219 220 221 222 223 224 225 226 227 228 229 230 231 232 233 234 235 236 237 239 240 241 242 243 244 245 246 247 248 249 250 251 254 255 256 257 258 -1
28 67 217 218 224 225 226 227 228 229 230 231 232 233 234 235 236 237 238 239 240 241 242 243 244 245 246 247 248 249 250 251 252 253 254 255 256 257 258 262 263 264 265 -1
28 68 224 225 226 231 232 233 234 235 236 237 238 239 240 241 242 243 244 245 246 247 248 249 250 251 252 253 254 255 256 257 258 259 260 261 262 263 264 265 271 272 -1
28 69 231 232 233 234 235 236 238 239 240 241 242 243 244 245 246 247 252 253 254 255 256 257 258 259 260 261 262 263 264 265 266 267 268 269 270 271 272 279 299 300 -1
28 70 231 238 239 240 241 242 243 244 252 253 254 259 260 261 262 263 264 265 266 267 268 269 270 271 272 274 275 276 277 278 279 294 295 296 297 298 299 300 -1
28 71 238 239 240 241 242 259 260 261 266 267 268 269 270 271 272 273 274 275 276 277 278 279 284 285 286 294 295 296 297 298 299 300 303 304 305 306 307 -1
28 72 238 239 266 267 268 269 270 273 274 275 276 277 278 279 280 281 282 283 284 285 286 294 295 296 297 298 299 300 301 302 303 304 305 306 307 312 313 314 -1
28 73 273 274 275 276 277 278 279 280 281 282 283 284 285 286 290 291 292 293 294 295 296 297 298 299 300 301 302 303 304 305 306 307 308 309 310 311 312 313 314 -1
28 74 273 274 275 276 280 281 282 283 284 285 286 287 288 289 290 291 292 293 301 302 303 304 305 306 307 308 309 310 311 312 313 314 318 319 320 321 -1
28 75 280 281 282 283 284 285 286 287 288 289 290 291 292 293 301 302 308 309 310 311 312 313 314 315 316 317 318 319 320 321 -1
28 76 280 281 282 283 284 287 288 289 290 291 292 293 308 309 310 311 312 315 316 317 318 319 320 321 326 327 328 -1
28 77 280 281 287 288 289 290 291 292 293 315 316 317 318 319 320 321 322 323 324 325 326 327 328 -1
28 78 287 288 289 290 291 292 293 315 316 317 318 322 323 324 325 326 327 328 335 -1
28 79 287 288 289 290 291 292 293 322 323 324 325 326 327 328 332 333 334 335 -1
28 80 287 288 289 290 322 323 324 325 326 327 330 331 332 333 334 335 -1
28 81 287 288 322 323 324 329 330 331 332 333 334 335 -1
28 82 329 330 331 332 333 334 335 -1
28 83 329 330 331 332 333 334 335 341 342 -1
28 84 329 330 331 332 333 334 335 338 339 340 341 342 -1
28 85 329 330 336 337 338 339 340 341 342 -1
28 86 336 337 338 339 340 341 342 -1
28 87 336 337 338 339 340 341 342 -1
28 88 336 337 338 339 340 341 342 -1
28 89 336 337 338 339 340 341 342 -1
28 90 336 337 338 339 340 341 342 -1
28 91 339 340 341 342 -1
28 92 341 342 -1
28 93 341 342 -1
28 94 342 -1
28 95 342 -1
28 96 342 -1
28 97 342 -1
29 15 0 -1
29 16 0 -1
29 17 0 -1
29 18 0 -1
29 19 0 -1
29 20 0 -1
29 21 0 -1
29 22 0 -1
29 23 0 1 -1
29 24 0 1 -1
29 25 0 1 -1
29 26 0 1 2 -1
29 27 0 1 2 3 -1
29 28 0 1 2 3 4 -1
29 29 0 1 2 3 4 5 6 -1
29 30 0 1 2 3 4 5 6 -1
29 31 0 1 2 3 4 5 6 -1
29 32 0 1 2 3 4 5 6 -1
29 33 0 1 2 3 4 5 6 -1
29 34 0 1 7 8 9 10 11 12 13 -1
29 35 7 8 9 10 11 12 13 -1
29 36 7 8 9 10 11 12 13 -1
29 37 7 8 9 10 11 12 13 53 54 55 -1
29 38 7 8 9 10 11 12 13 16 17 18 19 20 50 51 52 53 54 55 -1
29 39 7 8 9 14 15 16 17 18 19 20 49 50 51 52 53 54 55 -1
29 40 7 14 15 16 17 18 19 20 27 49 50 51 52 53 54 55 -1
29 41 14 15 16 17 18 19 20 23 24 25 26 27 49 50 51 52 53 54 55 61 62 -1
29 42 14 15 16 17 18 21 22 23 24 25 26 27 49 50 51 52 53 54 55 58 59 60 61 62 -1
29 43 14 21 22 23 24 25 26 27 30 31 32 33 34 49 50 51 52 53 54 55 56 57 58 59 60 61 62 -1
29 44 21 22 23 24 25 26 27 28 29 30 31 32 33 34 41 49 50 51 52 53 56 57 58 59 60 61 62 68 69 -1
29 45 21 22 28 29 30 31 32 33 34 35 36 37 38 39 40 41 49 50 56 57 58 59 60 61 62 64 65 66 67 68 69 -1
29 46 28 29 30 31 32 33 34 35 36 37 38 39 40 41 44 45 46 47 48 56 57 58 59 60 61 62 63 64 65 66 67 68 69 75 76 102 103 104 -1
29 47 28 29 35 36 37 38 39 40 41 42 43 44 45 46 47 48 56 57 58 59 63 64 65 66 67 68 69 71 72 73 74 75 76 99 100 101 102 103 104 -1
29 48 35 36 37 38 39 40 42 43 44 45 46 47 48 63 64 65 66 67 68 69 70 71 72 73 74 75 76 81 82 83 98 99 100 101 102 103 104 111 -1
29 49 35 42 43 44 45 46 47 48 63 64 65 70 71 72 73 74 75 76 77 78 79 80 81 82 83 89 90 98 99 100 101 102 103 104 108 109 110 111 -1
29 50 42 43 44 45 70 71 72 73 74 75 77 78 79 80 81 82 83 84 85 86 87 88 89 90 97 98 99 100 101 102 103 104 105 106 107 108 109 110 111 118 -1
29 51 70 77 78 79 80 81 82 83 84 85 86 87 88 89 90 91 92 93 94 95 96 97 98 99 100 101 102 103 104 105 106 107 108 109 110 111 114 115 116 117 118 -1
29 52 77 78 79 80 84 85 86 87 88 89 90 91 92 93 94 95 96 97 98 99 100 101 102 105 106 107 108 109 110 111 112 113 114 115 116 117 118 123 124 125 -1
29 53 84 85 86 87 88 89 91 92 93 94 95 96 97 98 105 106 107 108 109 110 111 112 113 114 115 116 117 118 119 120 121 122 123 124 125 131 132 152 153 -1
29 54 91 92 93 94 95 96 97 105 106 112 113 114 115 116 117 118 119 120 121 122 123 124 125 126 127 128 129 130 131 132 139 148 149 150 151 152 153 -1
29 55 91 92 112 113 114 119 120 121 122 123 124 125 126 127 128 129 130 131 132 133 134 135 136 137 138 139 146 147 148 149 150 151 152 153 157 158 159 160 -1
29 56 119 120 121 122 126 127 128 129 130 131 132 133 134 135 136 137 138 139 140 141 142 143 144 145 146 147 148 149 150 151 152 153 154 155 156 157 158 159 160 166 167 -1
29 57 126 127 128 129 130 133 134 135 136 137 138 139 140 141 142 143 144 145 146 147 148 149 150 151 152 153 154 155 156 157 158 159 160 161 162 163 164 165 166 167 174 -1
29 58 133 134 135 136 137 138 140 141 142 143 144 145 146 147 148 149 150 151 152 154 155 156 157 158 159 160 161 162 163 164 165 166 167 169 170 171 172 173 174 -1
29 59 133 140 141 142 143 144 145 146 154 155 156 157 158 159 161 162 163 164 165 166 167 168 169 170 171 172 173 174 176 177 178 179 180 181 200 201 202 -1
29 60 140 141 142 161 162 163 164 165 166 168 169 170 171 172 173 174 175 176 177 178 179 180 181 183 184 185 186 187 188 196 197 198 199 200 201 202 209 -1
29 61 168 169 170 171 172 173 175 176 177 178 179 180 181 182 183 184 185 186 187 188 190 191 192 193 194 195 196 197 198 199 200 201 202 204 205 206 207 208 209 -1
29 62 168 175 176 177 178 179 180 181 182 183 184 185 186 187 188 189 190 191 192 193 194 195 196 197 198 199 200 201 202 203 204 205 206 207 208 209 212 213 214 215 216 -1
29 63 175 176 182 183 184 185 186 187 188 189 190 191 192 193 194 195 196 197 198 199 200 201 202 203 204 205 206 207 208 209 210 211 212 213 214 215 216 220 221 222 223 -1
29 64 182 183 184 185 189 190 191 192 193 194 195 196 203 204 205 206 207 208 209 210 211 212 213 214 215 216 217 218 219 220 221 222 223 228 229 230 250 251 -1
29 65 189 190 191 192 193 194 203 210 211 212 213 214 215 216 217 218 219 220 221 222 223 224 225 226 227 228 229 230 236 237 245 246 247 248 249 250 251 -1
29 66 189 190 210 211 217 218 219 220 221 222 223 224 225 226 227 228 229 230 231 232 233 234 235 236 237 244 245 246 247 248 249 250 251 253 254 255 256 257 258 -1
29 67 217 218 219 224 225 226 227 228 229 230 231 232 233 234 235 236 237 240 241 242 243 244 245 246 247 248 249 250 251 252 253 254 255 256 257 258 262 263 264 265 -1
29 68 224 225 226 227 228 231 232 233 234 235 236 237 238 239 240 241 242 243 244 245 246 247 248 249 250 251 252 253 254 255 256 257 258 259 260 261 262 263 264 265 272 -1
29 69 224 231 232 233 234 235 236 237 238 239 240 241 242 243 244 245 252 253 254 255 256 257 258 259 260 261 262 263 264 265 267 268 269 270 271 272 297 298 299 300 -1
29 70 231 232 233 234 238 239 240 241 242 243 244 252 253 259 260 261 262 263 264 265 266 267 268 269 270 271 272 277 278 279 294 295 296 297 298 299 300 307 -1
29 71 231 238 239 240 241 242 243 244 259 260 261 266 267 268 269 270 271 272 273 274 275 276 277 278 279 294 295 296 297 298 299 300 302 303 304 305 306 307 -1
29 72 238 239 240 241 242 243 266 267 268 269 270 271 273 274 275 276 277 278 279 283 284 285 286 294 295 296 297 298 299 300 301 302 303 304 305 306 307 313 314 -1
29 73 238 239 240 266 267 273 274 275 276 277 278 279 280 281 282 283 284 285 286 294 295 296 297 298 301 302 303 304 305 306 307 308 309 310 311 312 313 314 -1
29 74 273 274 275 276 277 278 280 281 282 283 284 285 286 292 293 301 302 303 304 305 306 307 308 309 310 311 312 313 314 320 321 -1
29 75 273 274 280 281 282 283 284 285 286 289 290 291 292 293 301 308 309 310 311 312 313 314 315 316 317 318 319 320 321 -1
29 76 280 281 282 283 284 285 286 287 288 289 290 291 292 293 308 309 310 311 312 315 316 317 318 319 320 321 328 -1
29 77 280 281 282 283 284 287 288 289 290 291 292 293 315 316 317 318 319 320 321 324 325 326 327 328 -1
29 78 280 281 287 288 289 290 291 292 293 315 316 317 318 319 322 323 324 325 326 327 328 -1
29 79 287 288 289 290 291 292 293 315 322 323 324 325 326 327 328 335 -1
29 80 287 288 289 290 291 292 293 322 323 324 325 326 327 328 333 334 335 -1
29 81 287 288 289 290 291 292 322 323 324 325 326 329 330 331 332 333 334 335 -1
29 82 287 288 289 329 330 331 332 333 334 335 -1
29 83 329 330 331 332 333 334 335 -1
29 84 329 330 331 332 333 334 335 -1
29 85 329 330 331 332 333 334 335 341 342 -1
29 86 336 337 338 339 340 341 342 -1
29 87 336 337 338 339 340 341 342 -1
29 88 336 337 338 339 340 341 342 -1
29 89 336 337 338 339 340 341 342 -1
29 90 336 337 338 339 340 341 342 -1
29 91 338 339 340 341 342 -1
29 92 339 340 341 342 -1
29 93 340 341 342 -1
29 94 341 342 -1
29 95 341 342 -1
29 96 341 342 -1
29 97 342 -1
29 98 342 -1
29 99 342 -1
29 100 342 -1
29 101 342 -1
29 102 342 -1
29 103 342 -1
29 104 342 -1
30 12 0 -1
30 13 0 -1
30 14 0 -1
30 15 0 -1
30 16 0 -1
30 17 0 -1
30 18 0 -1
30 19 0 -1
30 20 0 -1
30 21 0 1 -1
30 22 0 1 -1
30 23 0 1 -1
30 24 0 1 2 -1
30 25 0 1 2 -1
30 26 0 1 2 3 -1
30 27 0 1 2 3 4 -1
30 28 0 1 2 3 4 5 6 -1
30 29 0 1 2 3 4 5 6 -1
30 30 0 1 2 3 4 5 6 -1
30 31 0 1 2 3 4 5 6 -1
30 32 3 4 5 6 7 -1
30 33 7 8 9 10 11 12 13 -1
30 34 7 8 9 10 11 12 13 -1
30 35 7 8 9 10 11 12 13 -1
30 36 7 8 9 10 11 12 13 49 50 51 52 53 54 55 -1
30 37 7 8 9 10 11 12 13 18 19 20 49 50 51 52 53 54 55 -1
30 38 7 8 9 14 15 16 17 18 19 20 49 50 51 52 53 54 55 -1
30 39 14 15 16 17 18 19 20 49 50 51 52 53 54 55 -1
30 40 14 15 16 17 18 19 20 26 27 49 50 51 52 53 54 55 62 -1
30 41 14 15 16 17 18 19 22 23 24 25 26 27 49 50 51 52 53 54 55 58 59 60 61 62 -1
30 42 14 15 16 21 22 23 24 25 26 27 49 50 51 52 53 54 56 57 58 59 60 61 62 -1
30 43 21 22 23 24 25 26 27 30 31 32 33 34 49 50 51 56 57 58 59 60 61 62 -1
30 44 21 22 23 24 25 26 28 29 30 31 32 33 34 41 49 56 57 58 59 60 61 62 66 67 68 69 104 -1
30 45 21 28 29 30 31 32 33 34 36 37 38 39 40 41 56 57 58 59 60 61 62 63 64 65 66 67 68 69 102 103 104 -1
30 46 28 29 30 31 32 33 34 35 36 37 38 39 40 41 46 47 48 56 57 58 59 63 64 65 66 67 68 69 74 75 76 99 100 101 102 103 104 -1
30 47 28 29 35 36 37 38 39 40 41 42 43 44 45 46 47 48 56 63 64 65 66 67 68 69 70 71 72 73 74 75 76 98 99 100 101 102 103 104 -1
30 48 35 36 37 38 39 40 41 42 43 44 45 46 47 48 63 64 65 66 67 70 71 72 73 74 75 76 81 82 83 98 99 100 101 102 103 104 109 110 111 -1
30 49 35 36 42 43 44 45 46 47 48 63 70 71 72 73 74 75 76 77 78 79 80 81 82 83 90 98 99 100 101 102 103 104 105 106 107 108 109 110 111 -1
30 50 42 43 44 45 46 47 70 71 72 73 74 77 78 79 80 81 82 83 85 86 87 88 89 90 98 99 100 101 102 103 104 105 106 107 108 109 110 111 116 117 118 -1
30 51 42 70 77 78 79 80 81 82 83 84 85 86 87 88 89 90 93 94 95 96 97 98 99 100 101 102 105 106 107 108 109 110 111 112 113 114 115 116 117 118 -1
30 52 77 78 79 80 84 85 86 87 88 89 90 91 92 93 94 95 96 97 98 105 106 107 108 109 110 111 112 113 114 115 116 117 118 122 123 124 125 152 153 -1
30 53 84 85 86 87 88 89 90 91 92 93 94 95 96 97 105 106 107 108 112 113 114 115 116 117 118 119 120 121 122 123 124 125 132 149 150 151 152 153 -1
30 54 84 85 91 92 93 94 95 96 97 112 113 114 115 116 117 119 120 121 122 123 124 125 126 127 128 129 130 131 132 147 148 149 150 151 152 153 159 160 -1
30 55 91 92 93 94 95 112 119 120 121 122 123 124 125 126 127 128 129 130 131 132 135 136 137 138 139 147 148 149 150 151 152 153 155 156 157 158 159 160 -1
30 56 119 120 121 126 127 128 129 130 131 132 133 134 135 136 137 138 139 143 144 145 146 147 148 149 150 151 152 153 154 155 156 157 158 159 160 165 166 167 -1
30 57 126 127 128 129 130 131 133 134 135 136 137 138 139 140 141 142 143 144 145 146 147 148 149 150 151 152 153 154 155 156 157 158 159 160 161 162 163 164 165 166 167 174 -1
30 58 126 133 134 135 136 137 138 139 140 141 142 143 144 145 146 147 148 154 155 156 157 158 159 160 161 162 163 164 165 166 167 169 170 171 172 173 174 202 -1
30 59 133 134 135 140 141 142 143 144 145 146 154 155 156 161 162 163 164 165 166 167 168 169 170 171 172 173 174 178 179 180 181 197 198 199 200 201 202 -1
30 60 140 141 142 143 144 145 161 162 163 164 168 169 170 171 172 173 174 175 176 177 178 179 180 181 186 187 188 196 197 198 199 200 201 202 207 208 209 -1
30 61 140 168 169 170 171 172 173 175 176 177 178 179 180 181 182 183 184 185 186 187 188 194 195 196 197 198 199 200 201 202 203 204 205 206 207 208 209 216 -1
30 62 168 175 176 177 178 179 180 181 182 183 184 185 186 187 188 189 190 191 192 193 194 195 196 197 198 199 200 201 202 203 204 205 206 207 208 209 211 212 213 214 215 216 -1
30 63 175 176 177 182 183 184 185 186 187 188 189 190 191 192 193 194 195 196 197 198 199 203 204 205 206 207 208 209 210 211 212 213 214 215 216 221 222 223 -1
30 64 182 183 184 185 186 187 189 190 191 192 193 194 195 203 204 205 206 207 210 211 212 213 214 215 216 217 218 219 220 221 222 223 230 247 248 249 250 251 -1
30 65 182 183 189 190 191 192 193 194 195 210 211 212 213 214 215 216 217 218 219 220 221 222 223 225 226 227 228 229 230 245 246 247 248 249 250 251 257 258 -1
30 66 189 190 191 192 193 210 217 218 219 220 221 222 223 224 225 226 227 228 229 230 234 235 236 237 245 246 247 248 249 250 251 252 253 254 255 256 257 258 -1
30 67 189 190 217 218 219 220 224 225 226 227 228 229 230 231 232 233 234 235 236 237 244 245 246 247 248 249 250 251 252 253 254 255 256 257 258 262 263 264 265 -1
30 68 224 225 226 227 228 229 230 231 232 233 234 235 236 237 240 241 242 243 244 245 246 247 248 249 252 253 254 255 256 257 258 259 260 261 262 263 264 265 272 300 -1
30 69 224 225 226 231 232 233 234 235 236 237 238 239 240 241 242 243 244 252 253 254 255 256 257 259 260 261 262 263 264 265 268 269 270 271 272 295 296 297 298 299 300 -1
30 70 231 232 233 234 235 236 237 238 239 240 241 242 243 244 252 259 260 261 262 263 264 265 266 267 268 269 270 271 272 279 294 295 296 297 298 299 300 306 307 -1
30 71 231 232 233 238 239 240 241 242 243 244 259 260 261 266 267 268 269 270 271 272 275 276 277 278 279 294 295 296 297 298 299 300 301 302 303 304 305 306 307 -1
30 72 238 239 240 241 242 243 244 266 267 268 269 270 271 272 273 274 275 276 277 278 279 286 294 295 296 297 298 299 300 301 302 303 304 305 306 307 313 314 -1
30 73 238 239 240 241 242 243 266 267 268 273 274 275 276 277 278 279 283 284 285 286 294 295 296 301 302 303 304 305 306 307 308 309 310 311 312 313 314 -1
30 74 238 239 240 273 274 275 276 277 278 279 280 281 282 283 284 285 286 301 302 303 304 305 306 308 309 310 311 312 313 314 321 -1
30 75 238 273 274 275 276 280 281 282 283 284 285 286 293 301 308 309 310 311 312 313 314 316 317 318 319 320 321 -1
30 76 280 281 282 283 284 285 286 291 292 293 308 309 310 311 312 315 316 317 318 319 320 321 -1
30 77 280 281 282 283 284 285 286 288 289 290 291 292 293 315 316 317 318 319 320 321 326 327 328 -1
30 78 280 281 282 283 284 287 288 289 290 291 292 293 315 316 317 318 319 320 323 324 325 326 327 328 -1
30 79 280 287 288 289 290 291 292 293 315 316 322 323 324 325 326 327 328 -1
30 80 287 288 289 290 291 292 293 322 323 324 325 326 327 328 -1
30 81 287 288 289 290 291 292 293 322 323 324 325 326 327 328 333 334 335 -1
30 82 287 288 289 290 291 292 293 322 323 324 329 330 331 332 333 334 335 -1
30 83 287 288 289 290 291 292 293 329 330 331 332 333 334 335 -1
30 84 329 330 331 332 333 334 335 -1
30 85 329 330 331 332 333 334 335 -1
30 86 329 330 331 332 333 334 335 -1
30 87 335 336 337 338 339 -1
30 88 336 337 338 339 340 341 342 -1
30 89 336 337 338 339 340 341 342 -1
30 90 336 337 338 339 340 341 342 -1
30 91 336 337 338 339 340 341 342 -1
30 92 338 339 340 341 342 -1
30 93 339 340 341 342 -1
30 94 340 341 342 -1
30 95 340 341 342 -1
30 96 341 342 -1
30 97 341 342 -1
30 98 341 342 -1
30 99 342 -1
30 100 342 -1
30 101 342 -1
30 102 342 -1
30 103 342 -1
30 104 342 -1
30 105 342 -1
30 106 342 -1
30 107 342 -1
31 10 0 -1
31 11 0 -1
31 12 0 -1
31 13 0 -1
31 14 0 -1
31 15 0 -1
31 16 0 -1
31 17 0 -1
31 18 0 1 -1
31 19 0 1 -1
31 20 0 1 -1
31 21 0 1 -1
31 22 0 1 -1
31 23 0 1 2 -1
31 24 0 1 2 -1
31 25 0 1 2 3 -1
31 26 0 1 2 3 4 -1
31 27 0 1 2 3 4 5 -1
31 28 1 2 3 4 5 6 -1
31 29 1 2 3 4 5 6 7 -1
31 30 2 3 4 5 6 7 -1
31 31 4 5 6 7 8 -1
31 32 7 8 9 10 11 -1
31 33 7 8 9 10 11 12 13 -1
31 34 7 8 9 10 11 12 13 49 50 -1
31 35 7 8 9 10 11 12 13 49 50 51 52 53 54 55 -1
31 36 7 8 9 10 11 12 13 49 50 51 52 53 54 55 -1
31 37 7 8 9 15 16 17 18 19 20 49 50 51 52 53 54 55 -1
31 38 14 15 16 17 18 19 20 49 50 51 52 53 54 55 -1
31 39 14 15 16 17 18 19 20 49 50 51 52 53 54 55 -1
31 40 14 15 16 17 18 19 20 25 26 27 49 50 51 52 53 54 55 59 60 61 62 -1
31 41 14 15 16 17 21 22 23 24 25 26 27 49 50 51 52 56 57 58 59 60 61 62 -1
31 42 21 22 23 24 25 26 27 49 50 56 57 58 59 60 61 62 -1
31 43 21 22 23 24 25 26 27 30 31 32 33 34 56 57 58 59 60 61 62 68 69 104 -1
31 44 21 22 23 24 25 28 29 30 31 32 33 34 56 57 58 59 60 61 62 64 65 66 67 68 69 101 102 103 104 -1
31 45 28 29 30 31 32 33 34 38 39 40 41 56 57 58 59 63 64 65 66 67 68 69 98 99 100 101 102 103 104 -1
31 46 28 29 30 31 32 33 34 35 36 37 38 39 40 41 48 56 63 64 65 66 67 68 69 74 75 76 98 99 100 101 102 103 104 -1
31 47 28 29 35 36 37 38 39 40 41 43 44 45 46 47 48 63 64 65 66 67 68 69 70 71 72 73 74 75 76 98 99 100 101 102 103 104 109 110 111 -1
31 48 35 36 37 38 39 40 41 42 43 44 45 46 47 48 63 64 65 70 71 72 73 74 75 76 81 82 83 98 99 100 101 102 103 104 106 107 108 109 110 111 -1
31 49 35 36 37 42 43 44 45 46 47 48 70 71 72 73 74 75 76 77 78 79 80 81 82 83 98 99 100 101 102 103 104 105 106 107 108 109 110 111 -1
31 50 42 43 44 45 46 47 48 70 71 72 73 77 78 79 80 81 82 83 87 88 89 90 98 99 100 101 105 106 107 108 109 110 111 115 116 117 118 -1
31 51 42 43 44 77 78 79 80 81 82 83 84 85 86 87 88 89 90 96 97 98 105 106 107 108 109 110 111 112 113 114 115 116 117 118 152 153 -1
31 52 77 78 79 80 84 85 86 87 88 89 90 91 92 93 94 95 96 97 105 106 107 108 109 112 113 114 115 116 117 118 122 123 124 125 149 150 151 152 153 -1
31 53 84 85 86 87 88 89 90 91 92 93 94 95 96 97 105 112 113 114 115 116 117 118 119 120 121 122 123 124 125 132 147 148 149 150 151 152 153 -1
31 54 84 85 86 91 92 93 94 95 96 97 112 113 114 115 119 120 121 122 123 124 125 127 128 129 130 131 132 147 148 149 150 151 152 153 157 158 159 160 -1
31 55 91 92 93 94 95 96 97 119 120 121 122 123 124 125 126 127 128 129 130 131 132 137 138 139 147 148 149 150 151 152 153 154 155 156 157 158 159 160 -1
31 56 91 92 93 119 120 121 126 127 128 129 130 131 132 133 134 135 136 137 138 139 146 147 148 149 150 151 152 153 154 155 156 157 158 159 160 164 165 166 167 -1
31 57 126 127 128 129 130 131 133 134 135 136 137 138 139 140 141 142 143 144 145 146 147 148 149 154 155 156 157 158 159 160 161 162 163 164 165 166 167 174 -1
31 58 126 127 133 134 135 136 137 138 139 140 141 142 143 144 145 146 154 155 156 157 158 161 162 163 164 165 166 167 169 170 171 172 173 174 199 200 201 202 -1
31 59 133 134 135 136 137 140 141 142 143 144 145 146 154 161 162 163 164 165 166 167 168 169 170 171 172 173 174 179 180 181 196 197 198 199 200 201 202 209 -1
31 60 133 140 141 142 143 144 145 146 161 162 163 168 169 170 171 172 173 174 175 176 177 178 179 180 181 188 196 197 198 199 200 201 202 205 206 207 208 209 -1
31 61 140 141 142 143 168 169 170 171 172 173 175 176 177 178 179 180 181 184 185 186 187 188 196 197 198 199 200 201 202 203 204 205 206 207 208 209 215 216 -1
31 62 168 175 176 177 178 179 180 181 182 183 184 185 186 187 188 193 194 195 196 197 198 199 200 201 202 203 204 205 206 207 208 209 211 212 213 214 215 216 -1
31 63 175 176 177 178 182 183 184 185 186 187 188 189 190 191 192 193 194 195 196 203 204 205 206 207 208 209 210 211 212 213 214 215 216 221 222 223 249 250 251 -1
31 64 182 183 184 185 186 187 188 189 190 191 192 193 194 195 203 204 205 210 211 212 213 214 215 216 217 218 219 220 221 222 223 245 246 247 248 249 250 251 -1
31 65 182 183 184 185 189 190 191 192 193 194 195 210 211 212 213 214 215 217 218 219 220 221 222 223 227 228 229 230 245 246 247 248 249 250 251 256 257 258 -1
31 66 189 190 191 192 193 194 195 210 217 218 219 220 221 222 223 224 225 226 227 228 229 230 237 245 246 247 248 249 250 251 252 253 254 255 256 257 258 -1
31 67 189 190 191 192 193 217 218 219 220 224 225 226 227 228 229 230 233 234 235 236 237 245 246 247 248 249 250 251 252 253 254 255 256 257 258 262 263 264 265 -1
31 68 189 190 224 225 226 227 228 229 230 231 232 233 234 235 236 237 244 245 246 252 253 254 255 256 257 258 259 260 261 262 263 264 265 298 299 300 -1
31 69 224 225 226 227 231 232 233 234 235 236 237 241 242 243 244 252 253 254 255 259 260 261 262 263 264 265 269 270 271 272 294 295 296 297 298 299 300 -1
31 70 231 232 233 234 235 236 237 238 239 240 241 242 243 244 259 260 261 262 263 264 265 266 267 268 269 270 271 272 294 295 296 297 298 299 300 305 306 307 -1
31 71 231 232 233 234 235 236 238 239 240 241 242 243 244 259 260 261 266 267 268 269 270 271 272 277 278 279 294 295 296 297 298 299 300 301 302 303 304 305 306 307 -1
31 72 231 232 233 238 239 240 241 242 243 244 266 267 268 269 270 271 272 273 274 275 276 277 278 279 294 295 296 297 298 299 301 302 303 304 305 306 307 313 314 -1
31 73 238 239 240 241 242 243 244 266 267 268 273 274 275 276 277 278 279 286 294 301 302 303 304 305 306 307 308 309 310 311 312 313 314 -1
31 74 238 239 240 241 242 243 244 273 274 275 276 277 278 279 283 284 285 286 301 302 303 304 308 309 310 311 312 313 314 -1
31 75 238 239 240 241 273 274 275 276 277 278 280 281 282 283 284 285 286 308 309 310 311 312 313 314 317 318 319 320 321 -1
31 76 238 273 274 280 281 282 283 284 285 286 308 309 310 311 312 315 316 317 318 319 320 321 -1
31 77 280 281 282 283 284 285 286 292 293 315 316 317 318 319 320 321 -1
31 78 280 281 282 283 284 285 286 290 291 292 293 315 316 317 318 319 320 321 325 326 327 328 -1
31 79 280 281 282 283 287 288 289 290 291 292 293 315 316 317 322 323 324 325 326 327 328 -1
31 80 287 288 289 290 291 292 293 322 323 324 325 326 327 328 -1
31 81 287 288 289 290 291 292 293 322 323 324 325 326 327 328 -1
31 82 287 288 289 290 291 292 293 322 323 324 325 326 327 333 334 335 -1
31 83 287 288 289 290 291 292 293 329 330 331 332 333 334 335 -1
31 84 287 288 289 290 291 292 293 329 330 331 332 333 334 335 -1
31 85 292 293 329 330 331 332 333 334 335 -1
31 86 329 330 331 332 333 334 335 -1
31 87 331 332 333 334 335 -1
31 88 334 335 336 337 338 -1
31 89 335 336 337 338 339 340 -1
31 90 335 336 337 338 339 340 341 -1
31 91 336 337 338 339 340 341 -1
31 92 337 338 339 340 341 342 -1
31 93 338 339 340 341 342 -1
31 94 339 340 341 342 -1
31 95 340 341 342 -1
31 96 340 341 342 -1
31 97 341 342 -1
31 98 341 342 -1
31 99 341 342 -1
31 100 341 342 -1
31 101 341 342 -1
31 102 342 -1
31 103 342 -1
31 104 342 -1
31 105 342 -1
31 106 342 -1
31 107 342 -1
31 108 342 -1
31 109 342 -1
32 9 0 -1
32 10 0 -1
32 11 0 -1
32 12 0 -1
32 13 0 -1
32 14 0 -1
32 15 0 -1
32 16 0 1 -1
32 17 0 1 -1
32 18 0 1 -1
32 19 0 1 -1
32 20 0 1 -1
32 21 0 1 2 -1
32 22 1 2 -1
32 23 1 2 -1
32 24 1 2 3 -1
32 25 1 2 3 -1
32 26 1 2 3 4 7 -1
32 27 2 3 4 5 7 -1
32 28 2 3 4 5 6 7 -1
32 29 3 4 5 6 7 8 -1
32 30 4 5 6 7 8 9 -1
32 31 6 7 8 9 10 49 -1
32 32 7 8 9 10 11 12 13 49 50 -1
32 33 7 8 9 10 11 12 13 49 50 51 -1
32 34 7 8 9 10 11 12 13 49 50 51 52 53 54 55 -1
32 35 7 8 9 10 11 12 13 49 50 51 52 53 54 55 -1
32 36 7 8 9 10 11 12 13 49 50 51 52 53 54 55 -1
32 37 14 15 16 17 18 19 20 49 50 51 52 53 54 55 -1
32 38 14 15 16 17 18 19 20 49 50 51 52 53 54 55 -1
32 39 14 15 16 17 18 19 20 49 50 51 52 53 54 59 60 61 62 -1
32 40 14 15 16 17 18 19 20 24 25 26 27 49 50 51 56 57 58 59 60 61 62 -1
32 41 14 15 21 22 23 24 25 26 27 56 57 58 59 60 61 62 -1
32 42 21 22 23 24 25 26 27 56 57 58 59 60 61 62 103 104 -1
32 43 21 22 23 24 25 26 27 31 32 33 34 56 57 58 59 60 61 62 66 67 68 69 99 100 101 102 103 104 -1
32 44 21 22 23 24 28 29 30 31 32 33 34 56 57 58 59 63 64 65 66 67 68 69 98 99 100 101 102 103 104 -1
32 45 28 29 30 31 32 33 34 39 40 41 56 63 64 65 66 67 68 69 98 99 100 101 102 103 104 -1
32 46 28 29 30 31 32 33 34 35 36 37 38 39 40 41 63 64 65 66 67 68 69 73 74 75 76 98 99 100 101 102 103 104 110 111 -1
32 47 28 29 30 35 36 37 38 39 40 41 45 46 47 48 63 64 65 66 67 70 71 72 73 74 75 76 98 99 100 101 102 103 104 107 108 109 110 111 -1
32 48 35 36 37 38 39 40 41 42 43 44 45 46 47 48 63 70 71 72 73 74 75 76 81 82 83 98 99 100 101 102 103 105 106 107 108 109 110 111 -1
32 49 35 36 37 38 39 42 43 44 45 46 47 48 70 71 72 73 74 75 76 77 78 79 80 81 82 83 98 99 100 105 106 107 108 109 110 111 117 118 -1
32 50 42 43 44 45 46 47 48 70 71 72 77 78 79 80 81 82 83 88 89 90 105 106 107 108 109 110 111 113 114 115 116 117 118 152 153 -1
32 51 42 43 44 45 46 47 77 78 79 80 81 82 83 84 85 86 87 88 89 90 105 106 107 108 109 112 113 114 115 116 117 118 125 149 150 151 152 153 -1
32 52 42 77 78 79 80 84 85 86 87 88 89 90 93 94 95 96 97 105 106 112 113 114 115 116 117 118 121 122 123 124 125 147 148 149 150 151 152 153 -1
32 53 84 85 86 87 88 89 90 91 92 93 94 95 96 97 112 113 114 115 116 117 119 120 121 122 123 124 125 147 148 149 150 151 152 153 158 159 160 -1
32 54 84 85 86 87 88 91 92 93 94 95 96 97 112 113 119 120 121 122 123 124 125 128 129 130 131 132 147 148 149 150 151 152 153 155 156 157 158 159 160 -1
32 55 84 91 92 93 94 95 96 97 119 120 121 122 123 124 125 126 127 128 129 130 131 132 138 139 147 148 149 150 151 152 153 154 155 156 157 158 159 160 166 167 -1
32 56 91 92 93 94 95 119 120 126 127 128 129 130 131 132 134 135 136 137 138 139 147 148 149 150 154 155 156 157 158 159 160 162 163 164 165 166 167 -1
32 57 91 126 127 128 129 130 131 132 133 134 135 136 137 138 139 144 145 146 154 155 156 157 158 159 160 161 162 163 164 165 166 167 174 199 200 201 202 -1
32 58 126 127 133 134 135 136 137 138 139 140 141 142 143 144 145 146 154 155 156 161 162 163 164 165 166 167 169 170 171 172 173 174 196 197 198 199 200 201 202 -1
32 59 133 134 135 136 137 138 139 140 141 142 143 144 145 146 161 162 163 164 165 166 168 169 170 171 172 173 174 180 181 196 197 198 199 200 201 202 207 208 209 -1
32 60 133 134 135 140 141 142 143 144 145 146 161 162 168 169 170 171 172 173 174 176 177 178 179 180 181 196 197 198 199 200 201 202 203 204 205 206 207 208 209 -1
32 61 140 141 142 143 144 145 146 168 169 170 171 172 173 175 176 177 178 179 180 181 186 187 188 196 197 198 199 200 201 202 203 204 205 206 207 208 209 215 216 -1
32 62 140 141 142 143 168 175 176 177 178 179 180 181 182 183 184 185 186 187 188 196 197 198 203 204 205 206 207 208 209 210 211 212 213 214 215 216 251 -1
32 63 175 176 177 178 179 180 182 183 184 185 186 187 188 192 193 194 195 203 204 205 206 207 208 210 211 212 213 214 215 216 222 223 247 248 249 250 251 -1
32 64 175 176 182 183 184 185 186 187 188 189 190 191 192 193 194 195 203 204 210 211 212 213 214 215 216 217 218 219 220 221 222 223 245 246 247 248 249 250 251 258 -1
32 65 182 183 184 185 186 187 189 190 191 192 193 194 195 210 211 212 213 214 217 218 219 220 221 222 223 229 230 245 246 247 248 249 250 251 254 255 256 257 258 -1
32 66 182 183 184 189 190 191 192 193 194 195 217 218 219 220 221 222 223 225 226 227 228 229 230 245 246 247 248 249 250 251 252 253 254 255 256 257 258 -1
32 67 189 190 191 192 193 194 195 217 218 219 220 221 224 225 226 227 228 229 230 236 237 245 246 247 248 249 252 253 254 255 256 257 258 262 263 264 265 300 -1
32 68 189 190 191 192 193 217 224 225 226 227 228 229 230 233 234 235 236 237 252 253 254 255 256 257 258 259 260 261 262 263 264 265 295 296 297 298 299 300 -1
32 69 189 190 224 225 226 227 228 229 231 232 233 234 235 236 237 252 253 254 259 260 261 262 263 264 265 270 271 272 294 295 296 297 298 299 300 -1
32 70 224 225 231 232 233 234 235 236 237 242 243 244 259 260 261 262 263 264 265 266 267 268 269 270 271 272 294 295 296 297 298 299 300 303 304 305 306 307 -1
32 71 231 232 233 234 235 236 237 239 240 241 242 243 244 259 260 261 266 267 268 269 270 271 272 279 294 295 296 297 298 299 300 301 302 303 304 305 306 307 -1
32 72 231 232 233 234 235 238 239 240 241 242 243 244 266 267 268 269 270 271 272 275 276 277 278 279 294 295 296 297 301 302 303 304 305 306 307 312 313 314 -1
32 73 231 232 238 239 240 241 242 243 244 266 267 268 269 273 274 275 276 277 278 279 301 302 303 304 305 306 307 308 309 310 311 312 313 314 -1
32 74 238 239 240 241 242 243 244 273 274 275 276 277 278 279 286 301 302 303 308 309 310 311 312 313 314 -1
32 75 238 239 240 241 242 243 244 273 274 275 276 277 278 279 283 284 285 286 308 309 310 311 312 313 314 318 319 320 321 -1
32 76 238 239 240 241 242 243 273 274 275 276 280 281 282 283 284 285 286 308 309 310 311 315 316 317 318 319 320 321 -1
32 77 238 239 280 281 282 283 284 285 286 315 316 317 318 319 320 321 -1
32 78 280 281 282 283 284 285 286 315 316 317 318 319 320 321 327 328 -1
32 79 280 281 282 283 284 285 286 291 292 293 315 316 317 318 322 323 324 325 326 327 328 -1
32 80 280 281 282 283 288 289 290 291 292 293 322 323 324 325 326 327 328 -1
32 81 287 288 289 290 291 292 293 322 323 324 325 326 327 328 -1
32 82 287 288 289 290 291 292 293 322 323 324 325 326 327 328 -1
32 83 287 288 289 290 291 292 293 329 330 331 332 333 334 335 -1
32 84 287 288 289 290 291 292 293 329 330 331 332 333 334 335 -1
32 85 287 288 289 290 291 292 293 329 330 331 332 333 334 335 -1
32 86 291 292 293 329 330 331 332 333 334 335 -1
32 87 292 293 329 330 331 332 333 334 335 -1
32 88 293 332 333 334 335 336 -1
32 89 333 334 335 336 337 338 -1
32 90 334 335 336 337 338 339 -1
32 91 335 336 337 338 339 340 -1
32 92 335 337 338 339 340 -1
32 93 335 338 339 340 341 -1
32 94 339 340 341 -1
32 95 339 340 341 -1
32 96 340 341 -1
32 97 340 341 -1
32 98 340 341 342 -1
32 99 341 342 -1
32 100 341 342 -1
32 101 341 342 -1
32 102 341 342 -1
32 103 341 342 -1
32 104 342 -1
32 105 342 -1
32 106 342 -1
32 107 342 -1
32 108 342 -1
32 109 342 -1
32 110 342 -1
33 8 0 -1
33 9 0 -1
33 10 0 -1
33 11 0 -1
33 12 0 -1
33 13 0 -1
33 14 0 1 -1
33 15 0 1 -1
33 16 1 -1
33 17 1 -1
33 18 1 -1
33 19 1 -1
33 20 1 2 -1
33 21 1 2 7 -1
33 22 1 2 7 -1
33 23 1 2 3 7 -1
33 24 2 3 7 -1
33 25 2 3 4 7 -1
33 26 2 3 4 7 -1
33 27 3 4 5 6 7 8 -1
33 28 3 4 5 6 7 8 49 -1
33 29 4 5 6 7 8 9 49 -1
33 30 5 6 7 8 9 10 49 -1
33 31 6 7 8 9 10 11 49 50 -1
33 32 7 8 9 10 11 12 13 49 50 51 -1
33 33 7 8 9 10 11 12 13 49 50 51 52 53 -1
33 34 7 8 9 10 11 12 13 49 50 51 52 53 54 55 -1
33 35 10 11 12 13 14 49 50 51 52 53 54 55 -1
33 36 14 15 16 17 18 19 20 49 50 51 52 53 54 55 -1
33 37 14 15 16 17 18 19 20 49 50 51 52 53 54 55 -1
33 38 14 15 16 17 18 19 20 49 50 51 52 53 54 55 56 -1
33 39 14 15 16 17 18 19 20 56 57 58 59 60 61 62 -1
33 40 14 15 16 17 18 23 24 25 26 27 56 57 58 59 60 61 62 -1
33 41 21 22 23 24 25 26 27 56 57 58 59 60 61 62 103 104 -1
33 42 21 22 23 24 25 26 27 56 57 58 59 60 61 62 69 98 99 100 101 102 103 104 -1
33 43 21 22 23 24 25 26 27 31 32 33 34 56 57 58 59 60 64 65 66 67 68 69 98 99 100 101 102 103 104 -1
33 44 21 22 23 28 29 30 31 32 33 34 56 63 64 65 66 67 68 69 98 99 100 101 102 103 104 -1
33 45 28 29 30 31 32 33 34 40 41 63 64 65 66 67 68 69 98 99 100 101 102 103 104 111 -1
33 46 28 29 30 31 32 33 34 35 36 37 38 39 40 41 63 64 65 66 67 68 69 72 73 74 75 76 98 99 100 101 102 103 104 107 108 109 110 111 -1
33 47 28 29 30 35 36 37 38 39 40 41 48 63 64 65 70 71 72 73 74 75 76 98 99 100 101 102 105 106 107 108 109 110 111 -1
33 48 35 36 37 38 39 40 41 43 44 45 46 47 48 70 71 72 73 74 75 76 82 83 98 99 100 105 106 107 108 109 110 111 -1
33 49 35 36 37 38 39 40 42 43 44 45 46 47 48 70 71 72 73 74 75 76 78 79 80 81 82 83 105 106 107 108 109 110 111 116 117 118 152 153 -1
33 50 35 42 43 44 45 46 47 48 70 71 72 77 78 79 80 81 82 83 90 105 106 107 108 109 110 112 113 114 115 116 117 118 148 149 150 151 152 153 -1
33 51 42 43 44 45 46 47 48 77 78 79 80 81 82 83 85 86 87 88 89 90 105 106 107 112 113 114 115 116 117 118 125 147 148 149 150 151 152 153 -1
33 52 42 43 44 77 78 79 80 81 84 85 86 87 88 89 90 96 97 112 113 114 115 116 117 118 121 122 123 124 125 147 148 149 150 151 152 153 160 -1
33 53 77 84 85 86 87 88 89 90 91 92 93 94 95 96 97 112 113 114 115 116 119 120 121 122 123 124 125 147 148 149 150 151 152 153 156 157 158 159 160 -1
33 54 84 85 86 87 88 89 90 91 92 93 94 95 96 97 112 119 120 121 122 123 124 125 129 130 131 132 147 148 149 150 151 152 153 154 155 156 157 158 159 160 -1
33 55 84 85 91 92 93 94 95 96 97 119 120 121 122 123 124 126 127 128 129 130 131 132 147 148 149 150 154 155 156 157 158 159 160 165 166 167 -1
33 56 91 92 93 94 95 96 97 119 120 126 127 128 129 130 131 132 136 137 138 139 154 155 156 157 158 159 160 161 162 163 164 165 166 167 200 201 202 -1
33 57 91 92 93 94 126 127 128 129 130 131 132 133 134 135 136 137 138 139 154 155 156 157 158 161 162 163 164 165 166 167 174 196 197 198 199 200 201 202 -1
33 58 126 127 128 133 134 135 136 137 138 139 142 143 144 145 146 154 161 162 163 164 165 166 167 169 170 171 172 173 174 196 197 198 199 200 201 202 209 -1
33 59 133 134 135 136 137 138 139 140 141 142 143 144 145 146 161 162 163 164 165 168 169 170 171 172 173 174 181 196 197 198 199 200 201 202 205 206 207 208 209 -1
33 60 133 134 135 136 137 140 141 142 143 144 145 146 161 168 169 170 171 172 173 174 177 178 179 180 181 196 197 198 199 200 201 202 203 204 205 206 207 208 209 -1
33 61 133 140 141 142 143 144 145 146 168 169 170 171 172 173 175 176 177 178 179 180 181 188 196 197 198 199 200 203 204 205 206 207 208 209 214 215 216 -1
33 62 140 141 142 143 144 145 146 168 175 176 177 178 179 180 181 184 185 186 187 188 203 204 205 206 207 208 209 210 211 212 213 214 215 216 248 249 250 251 -1
33 63 140 141 142 175 176 177 178 179 180 181 182 183 184 185 186 187 188 203 204 205 206 210 211 212 213 214 215 216 222 223 245 246 247 248 249 250 251 -1
33 64 175 176 177 182 183 184 185 186 187 188 192 193 194 195 210 211 212 213 214 215 216 218 219 220 221 222 223 245 246 247 248 249 250 251 257 258 -1
33 65 182 183 184 185 186 187 188 189 190 191 192 193 194 195 210 211 212 213 217 218 219 220 221 222 223 230 245 246 247 248 249 250 251 252 253 254 255 256 257 258 -1
33 66 182 183 184 185 186 189 190 191 192 193 194 195 217 218 219 220 221 222 223 226 227 228 229 230 245 246 247 248 249 250 251 252 253 254 255 256 257 258 265 -1
33 67 182 189 190 191 192 193 194 195 217 218 219 220 221 224 225 226 227 228 229 230 245 246 252 253 254 255 256 257 258 261 262 263 264 265 298 299 300 -1
33 68 189 190 191 192 193 194 195 217 224 225 226 227 228 229 230 235 236 237 252 253 254 255 256 257 259 260 261 262 263 264 265 294 295 296 297 298 299 300 -1
33 69 189 190 191 192 193 194 224 225 226 227 228 229 230 232 233 234 235 236 237 252 259 260 261 262 263 264 265 270 271 272 294 295 296 297 298 299 300 307 -1
33 70 189 190 224 225 226 231 232 233 234 235 236 237 259 260 261 262 263 264 266 267 268 269 270 271 272 294 295 296 297 298 299 300 302 303 304 305 306 307 -1
33 71 231 232 233 234 235 236 237 242 243 244 259 260 266 267 268 269 270 271 272 294 295 296 297 298 299 301 302 303 304 305 306 307 -1
33 72 231 232 233 234 235 236 237 240 241 242 243 244 266 267 268 269 270 271 272 277 278 279 294 301 302 303 304 305 306 307 312 313 314 -1
33 73 231 232 233 234 235 238 239 240 241 242 243 244 266 267 268 269 270 273 274 275 276 277 278 279 301 302 303 304 305 306 307 308 309 310 311 312 313 314 -1
33 74 231 238 239 240 241 242 243 244 273 274 275 276 277 278 279 301 302 308 309 310 311 312 313 314 -1
33 75 238 239 240 241 242 243 244 273 274 275 276 277 278 279 286 308 309 310 311 312 313 314 319 320 321 -1
33 76 238 239 240 241 242 243 244 273 274 275 276 277 278 282 283 284 285 286 308 309 310 311 315 316 317 318 319 320 321 -1
33 77 238 239 240 241 242 243 244 273 280 281 282 283 284 285 286 315 316 317 318 319 320 321 -1
33 78 238 239 280 281 282 283 284 285 286 315 316 317 318 319 320 321 -1
33 79 280 281 282 283 284 285 286 315 316 317 318 319 324 325 326 327 328 -1
33 80 280 281 282 283 284 285 286 322 323 324 325 326 327 328 -1
33 81 286 287 288 289 290 291 292 293 322 323 324 325 326 327 328 -1
33 82 287 288 289 290 291 292 293 322 323 324 325 326 327 328 -1
33 83 287 288 289 290 291 292 293 322 323 324 325 326 327 328 -1
33 84 287 288 289 290 291 292 293 328 329 330 331 332 -1
33 85 287 288 289 290 291 292 293 329 330 331 332 333 334 335 -1
33 86 289 290 291 292 293 329 330 331 332 333 334 335 -1
33 87 291 292 293 329 330 331 332 333 334 335 -1
33 88 292 293 331 332 333 334 335 336 -1
33 89 293 332 333 334 335 336 337 -1
33 90 293 333 334 335 336 337 338 -1
33 91 293 334 335 336 337 338 339 -1
33 92 334 335 336 337 338 339 -1
33 93 335 338 339 340 -1
33 94 335 338 339 340 -1
33 95 335 339 340 -1
33 96 335 339 340 341 -1
33 97 335 340 341 -1
33 98 335 340 341 -1
33 99 340 341 -1
33 100 341 -1
33 101 341 -1
33 102 341 -1
33 103 341 -1
33 104 341 342 -1
33 105 341 342 -1
33 106 342 -1
33 107 342 -1
33 108 342 -1
33 109 342 -1
33 110 342 -1
33 111 342 -1
34 9 0 -1
34 10 0 -1
34 11 0 -1
34 12 0 1 -1
34 13 1 -1
34 14 1 -1
34 15 1 -1
34 16 1 -1
34 17 1 7 -1
34 18 1 7 -1
34 19 1 2 7 -1
34 20 1 2 7 -1
34 21 2 7 -1
34 22 2 3 7 -1
34 23 2 3 7 -1
34 24 2 3 7 -1
34 25 2 3 4 7 8 49 -1
34 26 3 4 5 7 8 49 -1
34 27 3 4 5 6 7 8 49 -1
34 28 4 5 6 7 8 9 49 -1
34 29 5 6 7 8 9 10 49 50 -1
34 30 6 7 8 9 10 49 50 -1
34 31 7 8 9 10 11 12 49 50 51 -1
34 32 7 8 9 10 11 12 13 49 50 51 52 -1
34 33 8 9 10 11 12 13 49 50 51 52 53 54 -1
34 34 10 11 12 13 14 49 50 51 52 53 54 55 -1
34 35 12 13 14 15 16 49 50 51 52 53 54 55 -1
34 36 14 15 16 17 18 19 20 49 50 51 52 53 54 55 -1
34 37 14 15 16 17 18 19 20 53 54 55 56 57 -1
34 38 14 15 16 17 18 19 20 56 57 58 59 60 61 62 -1
34 39 14 15 16 17 18 19 20 56 57 58 59 60 61 62 -1
34 40 21 22 23 24 25 26 27 56 57 58 59 60 61 62 98 99 -1
34 41 21 22 23 24 25 26 27 56 57 58 59 60 61 62 98 99 100 101 102 103 104 -1
34 42 21 22 23 24 25 26 27 56 57 58 59 60 61 67 68 69 98 99 100 101 102 103 104 -1
34 43 21 22 23 24 25 26 27 31 32 33 34 56 63 64 65 66 67 68 69 98 99 100 101 102 103 104 -1
34 44 21 28 29 30 31 32 33 34 63 64 65 66 67 68 69 98 99 100 101 102 103 104 -1
34 45 28 29 30 31 32 33 34 63 64 65 66 67 68 69 98 99 100 101 102 103 104 108 109 110 111 -1
34 46 28 29 30 31 32 33 34 37 38 39 40 41 63 64 65 66 67 68 72 73 74 75 76 98 99 100 101 102 105 106 107 108 109 110 111 -1
34 47 28 29 30 35 36 37 38 39 40 41 63 70 71 72 73 74 75 76 98 99 105 106 107 108 109 110 111 -1
34 48 35 36 37 38 39 40 41 45 46 47 48 70 71 72 73 74 75 76 82 83 105 106 107 108 109 110 111 118 152 153 -1
34 49 35 36 37 38 39 40 41 42 43 44 45 46 47 48 70 71 72 73 74 75 76 78 79 80 81 82 83 105 106 107 108 109 110 111 114 115 116 117 118 147 148 149 150 151 152 153 -1
34 50 35 36 37 42 43 44 45 46 47 48 70 71 77 78 79 80 81 82 83 105 106 107 112 113 114 115 116 117 118 147 148 149 150 151 152 153 -1
34 51 42 43 44 45 46 47 48 77 78 79 80 81 82 83 87 88 89 90 112 113 114 115 116 117 118 125 147 148 149 150 151 152 153 -1
34 52 42 43 44 45 46 47 77 78 79 80 81 82 84 85 86 87 88 89 90 112 113 114 115 116 117 118 121 122 123 124 125 147 148 149 150 151 152 153 157 158 159 160 -1
34 53 42 77 84 85 86 87 88 89 90 94 95 96 97 112 113 114 119 120 121 122 123 124 125 147 148 149 150 151 152 153 154 155 156 157 158 159 160 -1
34 54 84 85 86 87 88 89 90 91 92 93 94 95 96 97 119 120 121 122 123 124 125 130 131 132 147 148 149 150 154 155 156 157 158 159 160 -1
34 55 84 85 86 87 91 92 93 94 95 96 97 119 120 121 122 123 124 126 127 128 129 130 131 132 147 154 155 156 157 158 159 160 164 165 166 167 200 201 202 -1
34 56 91 92 93 94 95 96 97 119 120 126 127 128 129 130 131 132 138 139 154 155 156 157 158 159 161 162 163 164 165 166 167 196 197 198 199 200 201 202 -1
34 57 91 92 93 94 95 96 97 126 127 128 129 130 131 132 134 135 136 137 138 139 154 155 161 162 163 164 165 166 167 174 196 197 198 199 200 201 202 -1
34 58 91 92 93 126 127 128 129 133 134 135 136 137 138 139 146 161 162 163 164 165 166 167 170 171 172 173 174 196 197 198 199 200 201 202 207 208 209 -1
34 59 133 134 135 136 137 138 139 142 143 144 145 146 161 162 163 164 168 169 170 171 172 173 174 196 197 198 199 200 201 202 203 204 205 206 207 208 209 -1
34 60 133 134 135 136 137 138 139 140 141 142 143 144 145 146 168 169 170 171 172 173 174 178 179 180 181 196 197 198 199 200 203 204 205 206 207 208 209 -1
34 61 133 134 135 140 141 142 143 144 145 146 168 169 170 171 172 175 176 177 178 179 180 181 196 203 204 205 206 207 208 209 213 214 215 216 249 250 251 -1
34 62 140 141 142 143 144 145 146 168 175 176 177 178 179 180 181 187 188 203 204 205 206 207 208 210 211 212 213 214 215 216 245 246 247 248 249 250 251 -1
34 63 140 141 142 143 144 145 146 175 176 177 178 179 180 181 183 184 185 186 187 188 203 204 210 211 212 213 214 215 216 222 223 245 246 247 248 249 250 251 -1
34 64 140 141 142 175 176 177 178 182 183 184 185 186 187 188 195 210 211 212 213 214 215 216 218 219 220 221 222 223 245 246 247 248 249 250 251 255 256 257 258 -1
34 65 182 183 184 185 186 187 188 192 193 194 195 210 211 212 217 218 219 220 221 222 223 245 246 247 248 249 250 251 252 253 254 255 256 257 258 -1
34 66 182 183 184 185 186 187 188 189 190 191 192 193 194 195 217 218 219 220 221 222 223 228 229 230 245 246 247 248 252 253 254 255 256 257 258 265 300 -1
34 67 182 183 184 185 189 190 191 192 193 194 195 217 218 219 220 221 224 225 226 227 228 229 230 252 253 254 255 256 257 258 260 261 262 263 264 265 295 296 297 298 299 300 -1
34 68 189 190 191 192 193 194 195 217 224 225 226 227 228 229 230 252 253 254 255 259 260 261 262 263 264 265 294 295 296 297 298 299 300 -1
34 69 189 190 191 192 193 194 195 224 225 226 227 228 229 230 235 236 237 259 260 261 262 263 264 265 271 272 294 295 296 297 298 299 300 305 306 307 -1
34 70 189 190 191 192 193 194 195 224 225 226 227 228 231 232 233 234 235 236 237 259 260 261 262 263 264 266 267 268 269 270 271 272 294 295 296 297 298 299 300 301 302 303 304 305 306 307 -1
34 71 189 190 224 231 232 233 234 235 236 237 259 260 266 267 268 269 270 271 272 294 295 296 297 301 302 303 304 305 306 307 -1
34 72 231 232 233 234 235 236 237 243 244 266 267 268 269 270 271 272 279 301 302 303 304 305 306 307 312 313 314 -1
34 73 231 232 233 234 235 236 237 240 241 242 243 244 266 267 268 269 270 274 275 276 277 278 279 301 302 303 304 305 308 309 310 311 312 313 314 -1
34 74 231 232 233 234 238 239 240 241 242 243 244 273 274 275 276 277 278 279 308 309 310 311 312 313 314 -1
34 75 238 239 240 241 242 243 244 273 274 275 276 277 278 279 308 309 310 311 312 313 314 321 -1
34 76 238 239 240 241 242 243 244 273 274 275 276 277 278 279 286 308 309 310 311 315 316 317 318 319 320 321 -1
34 77 238 239 240 241 242 243 244 273 274 275 281 282 283 284 285 286 315 316 317 318 319 320 321 -1
34 78 238 239 240 241 242 243 244 280 281 282 283 284 285 286 315 316 317 318 319 320 321 -1
34 79 243 244 280 281 282 283 284 285 286 315 316 317 318 319 320 321 -1
34 80 280 281 282 283 284 285 286 322 323 324 325 326 327 328 -1
34 81 280 281 282 283 284 285 286 322 323 324 325 326 327 328 -1
34 82 285 286 287 288 289 322 323 324 325 326 327 328 -1
34 83 287 288 289 290 291 292 293 322 323 324 325 326 327 328 -1
34 84 287 288 289 290 291 292 293 326 327 328 329 330 -1
34 85 287 288 289 290 291 292 293 328 329 330 331 332 -1
34 86 288 289 290 291 292 293 329 330 331 332 333 334 -1
34 87 290 291 292 293 329 330 331 332 333 334 335 -1
34 88 291 292 293 330 331 332 333 334 335 -1
34 89 292 293 332 333 334 335 336 -1
34 90 292 293 332 333 334 335 336 337 -1
34 91 293 333 334 335 336 337 338 -1
34 92 293 334 335 336 337 338 339 -1
34 93 293 334 335 337 338 339 -1
34 94 293 334 335 338 339 340 -1
34 95 335 339 340 -1
34 96 335 339 340 -1
34 97 335 339 340 -1
34 98 335 340 -1
34 99 335 340 341 -1
34 100 335 340 341 -1
34 101 335 341 -1
34 102 335 341 -1
34 103 341 -1
34 104 341 -1
34 105 341 -1
34 106 341 -1
34 107 341 342 -1
34 108 342 -1
34 109 342 -1
34 110 342 -1
35 10 0 -1
35 11 1 -1
35 12 1 -1
35 13 1 -1
35 14 1 -1
35 15 1 7 -1
35 16 1 7 -1
35 17 1 2 7 -1
35 18 1 2 7 -1
35 19 2 7 -1
35 20 2 7 -1
35 21 2 3 7 -1
35 22 2 3 7 8 49 -1
35 23 2 3 7 8 49 -1
35 24 3 4 7 8 49 -1
35 25 3 4 7 8 49 -1
35 26 3 4 5 7 8 49 -1
35 27 4 5 6 7 8 9 49 50 -1
35 28 4 5 6 7 8 9 49 50 -1
35 29 5 6 7 8 9 10 49 50 51 -1
35 30 6 8 9 10 11 49 50 51 -1
35 31 8 9 10 11 12 14 49 50 51 52 -1
35 32 9 10 11 12 13 14 49 50 51 52 53 -1
35 33 10 11 12 13 14 15 49 50 51 52 53 54 55 -1
35 34 11 12 13 14 15 16 49 50 51 52 53 54 55 -1
35 35 13 14 15 16 17 18 51 52 53 54 55 56 -1
35 36 14 15 16 17 18 19 20 53 54 55 56 57 -1
35 37 14 15 16 17 18 19 20 56 57 58 59 60 -1
35 38 14 15 16 17 18 19 20 56 57 58 59 60 61 62 98 -1
35 39 17 18 19 20 56 57 58 59 60 61 62 98 99 100 -1
35 40 21 22 23 24 25 26 27 56 57 58 59 60 61 62 98 99 100 101 102 103 104 -1
35 41 21 22 23 24 25 26 27 56 57 58 59 60 61 62 98 99 100 101 102 103 104 -1
35 42 21 22 23 24 25 26 27 63 64 65 66 67 68 69 98 99 100 101 102 103 104 -1
35 43 21 22 23 24 25 26 27 32 33 34 63 64 65 66 67 68 69 98 99 100 101 102 103 104 -1
35 44 28 29 30 31 32 33 34 63 64 65 66 67 68 69 98 99 100 101 102 103 104 111 -1
35 45 28 29 30 31 32 33 34 63 64 65 66 67 68 69 76 98 99 100 101 105 106 107 108 109 110 111 -1
35 46 28 29 30 31 32 33 34 38 39 40 41 63 64 65 70 71 72 73 74 75 76 105 106 107 108 109 110 111 -1
35 47 28 29 30 31 35 36 37 38 39 40 41 70 71 72 73 74 75 76 105 106 107 108 109 110 111 152 153 -1
35 48 35 36 37 38 39 40 41 48 70 71 72 73 74 75 76 83 105 106 107 108 109 110 111 117 118 147 148 149 150 151 152 153 -1
35 49 35 36 37 38 39 40 41 43 44 45 46 47 48 70 71 72 73 74 75 79 80 81 82 83 105 106 107 108 112 113 114 115 116 117 118 147 148 149 150 151 152 153 -1
35 50 35 36 37 38 39 42 43 44 45 46 47 48 70 77 78 79 80 81 82 83 105 112 113 114 115 116 117 118 147 148 149 150 151 152 153 -1
35 51 42 43 44 45 46 47 48 77 78 79 80 81 82 83 89 90 112 113 114 115 116 117 118 125 147 148 149 150 151 152 153 159 160 -1
35 52 42 43 44 45 46 47 48 77 78 79 80 81 82 83 84 85 86 87 88 89 90 112 113 114 115 116 117 120 121 122 123 124 125 147 148 149 150 151 152 153 154 155 156 157 158 159 160 -1
35 53 42 43 44 45 77 78 84 85 86 87 88 89 90 97 112 113 119 120 121 122 123 124 125 147 148 149 150 154 155 156 157 158 159 160 -1
35 54 84 85 86 87 88 89 90 93 94 95 96 97 119 120 121 122 123 124 125 131 132 154 155 156 157 158 159 160 167 201 202 -1
35 55 84 85 86 87 88 89 90 91 92 93 94 95 96 97 119 120 121 122 123 124 127 128 129 130 131 132 154 155 156 157 158 159 160 163 164 165 166 167 196 197 198 199 200 201 202 -1
35 56 84 91 92 93 94 95 96 97 119 126 127 128 129 130 131 132 154 155 156 157 161 162 163 164 165 166 167 196 197 198 199 200 201 202 -1
35 57 91 92 93 94 95 96 97 126 127 128 129 130 131 132 136 137 138 139 161 162 163 164 165 166 167 174 196 197 198 199 200 201 202 209 -1
35 58 91 92 93 94 95 96 126 127 128 129 130 133 134 135 136 137 138 139 161 162 163 164 165 166 167 169 170 171 172 173 174 196 197 198 199 200 201 202 205 206 207 208 209 -1
35 59 91 126 133 134 135 136 137 138 139 145 146 161 162 163 168 169 170 171 172 173 174 196 197 198 199 200 201 203 204 205 206 207 208 209 -1
35 60 133 134 135 136 137 138 139 141 142 143 144 145 146 168 169 170 171 172 173 174 179 180 181 196 197 203 204 205 206 207 208 209 216 251 -1
35 61 133 134 135 136 137 140 141 142 143 144 145 146 168 169 170 171 172 173 175 176 177 178 179 180 181 203 204 205 206 207 208 209 212 213 214 215 216 246 247 248 249 250 251 -1
35 62 133 140 141 142 143 144 145 146 168 175 176 177 178 179 180 181 203 204 205 206 210 211 212 213 214 215 216 245 246 247 248 249 250 251 -1
35 63 140 141 142 143 144 145 146 175 176 177 178 179 180 181 185 186 187 188 210 211 212 213 214 215 216 223 245 246 247 248 249 250 251 258 -1
35 64 140 141 142 143 144 145 146 175 176 177 178 179 182 183 184 185 186 187 188 210 211 212 213 214 215 218 219 220 221 222 223 245 246 247 248 249 250 251 252 253 254 255 256 257 258 -1
35 65 140 141 175 182 183 184 185 186 187 188 210 211 217 218 219 220 221 222 223 245 246 247 248 249 252 253 254 255 256 257 258 -1
35 66 182 183 184 185 186 187 188 192 193 194 195 217 218 219 220 221 222 223 229 230 245 252 253 254 255 256 257 258 264 265 297 298 299 300 -1
35 67 182 183 184 185 186 187 188 189 190 191 192 193 194 195 217 218 219 220 221 222 225 226 227 228 229 230 252 253 254 255 256 257 258 259 260 261 262 263 264 265 294 295 296 297 298 299 300 -1
35 68 182 183 189 190 191 192 193 194 195 217 224 225 226 227 228 229 230 252 253 259 260 261 262 263 264 265 294 295 296 297 298 299 300 -1
35 69 189 190 191 192 193 194 195 224 225 226 227 228 229 230 237 259 260 261 262 263 264 265 272 294 295 296 297 298 299 300 303 304 305 306 307 -1
35 70 189 190 191 192 193 194 195 224 225 226 227 228 229 230 234 235 236 237 259 260 261 262 263 267 268 269 270 271 272 294 295 296 297 298 299 301 302 303 304 305 306 307 -1
35 71 189 190 191 192 193 194 195 224 225 231 232 233 234 235 236 237 259 266 267 268 269 270 271 272 294 301 302 303 304 305 306 307 -1
35 72 189 190 231 232 233 234 235 236 237 266 267 268 269 270 271 272 301 302 303 304 305 306 307 311 312 313 314 -1
35 73 231 232 233 234 235 236 237 266 267 268 269 270 271 272 277 278 279 301 302 303 304 308 309 310 311 312 313 314 -1
35 74 231 232 233 234 235 236 237 241 242 243 244 266 273 274 275 276 277 278 279 308 309 310 311 312 313 314 -1
35 75 231 238 239 240 241 242 243 244 273 274 275 276 277 278 279 308 309 310 311 312 313 314 -1
35 76 238 239 240 241 242 243 244 273 274 275 276 277 278 279 308 309 310 315 316 317 318 319 320 321 -1
35 77 238 239 240 241 242 243 244 273 274 275 276 277 278 279 315 316 317 318 319 320 321 -1
35 78 238 239 240 241 242 243 244 280 281 282 283 284 285 286 315 316 317 318 319 320 321 -1
35 79 238 239 240 241 242 243 244 280 281 282 283 284 285 286 315 316 317 318 319 320 321 -1
35 80 242 243 244 280 281 282 283 284 285 286 322 323 324 325 -1
35 81 244 280 281 282 283 284 285 286 322 323 324 325 326 327 328 -1
35 82 282 283 284 285 286 322 323 324 325 326 327 328 -1
35 83 285 286 287 288 289 322 323 324 325 326 327 328 -1
35 84 286 287 288 289 290 291 324 325 326 327 328 329 -1
35 85 287 288 289 290 291 292 293 326 327 328 329 330 331 -1
35 86 287 288 289 290 291 292 293 327 328 329 330 331 332 -1
35 87 289 290 291 292 293 328 329 330 331 332 333 -1
35 88 290 291 292 293 328 330 331 332 333 334 -1
35 89 291 292 293 331 332 333 334 336 -1
35 90 291 292 293 332 333 334 335 336 337 -1
35 91 292 293 333 334 335 336 337 338 -1
35 92 292 293 333 334 335 336 337 338 -1
35 93 293 334 335 337 338 339 -1
35 94 293 334 335 338 339 -1
35 95 293 334 335 338 339 -1
35 96 293 334 335 339 340 -1
35 97 293 334 335 339 340 -1
35 98 335 339 340 -1
35 99 335 340 -1
35 100 335 340 -1
35 101 335 340 341 -1
35 102 335 340 341 -1
35 103 335 341 -1
35 104 335 341 -1
35 105 341 -1
35 106 341 -1
35 107 341 -1
35 108 341 -1
35 109 342 -1
36 11 1 -1
36 12 1 -1
36 13 1 7 -1
36 14 1 7 -1
36 15 1 7 -1
36 16 1 2 7 -1
36 17 2 7 -1
36 18 2 7 -1
36 19 2 7 49 -1
36 20 2 7 8 49 -1
36 21 2 3 7 8 49 -1
36 22 2 3 7 8 49 -1
36 23 3 7 8 49 -1
36 24 3 4 7 8 49 -1
36 25 3 4 7 8 9 49 50 -1
36 26 4 5 8 9 49 50 -1
36 27 4 5 6 8 9 49 50 -1
36 28 5 6 8 9 10 49 50 51 -1
36 29 5 6 8 9 10 14 49 50 51 -1
36 30 6 9 10 11 14 49 50 51 52 -1
36 31 9 10 11 12 14 49 50 51 52 53 -1
36 32 10 11 12 13 14 15 50 51 52 53 54 -1
36 33 11 12 13 14 15 16 51 52 53 54 55 56 -1
36 34 12 13 14 15 16 17 51 52 53 54 55 56 -1
36 35 13 14 15 16 17 18 53 54 55 56 57 -1
36 36 14 15 16 17 18 19 20 54 55 56 57 58 59 98 -1
36 37 14 15 16 17 18 19 20 56 57 58 59 60 61 98 99 -1
36 38 16 17 18 19 20 56 57 58 59 60 61 62 98 99 100 -1
36 39 19 20 21 22 23 56 57 58 59 60 61 62 98 99 100 101 102 103 -1
36 40 21 22 23 24 25 26 27 56 57 58 59 60 61 62 98 99 100 101 102 103 104 -1
36 41 21 22 23 24 25 26 27 61 62 63 64 98 99 100 101 102 103 104 -1
36 42 21 22 23 24 25 26 27 63 64 65 66 67 68 69 98 99 100 101 102 103 104 -1
36 43 21 22 23 24 25 26 27 32 33 34 63 64 65 66 67 68 69 98 99 100 101 102 103 104 -1
36 44 28 29 30 31 32 33 34 63 64 65 66 67 68 69 98 99 105 106 107 108 109 110 111 -1
36 45 28 29 30 31 32 33 34 63 64 65 66 67 68 69 105 106 107 108 109 110 111 -1
36 46 28 29 30 31 32 33 34 40 41 70 71 72 73 74 75 76 105 106 107 108 109 110 111 -1
36 47 28 29 30 31 32 35 36 37 38 39 40 41 70 71 72 73 74 75 76 105 106 107 108 109 110 111 147 148 149 150 151 152 153 -1
36 48 35 36 37 38 39 40 41 70 71 72 73 74 75 76 105 106 107 108 109 110 115 116 117 118 147 148 149 150 151 152 153 -1
36 49 35 36 37 38 39 40 41 46 47 48 70 71 72 73 74 75 76 79 80 81 82 83 105 112 113 114 115 116 117 118 147 148 149 150 151 152 153 -1
36 50 35 36 37 38 39 40 41 42 43 44 45 46 47 48 77 78 79 80 81 82 83 112 113 114 115 116 117 118 147 148 149 150 151 152 153 -1
36 51 42 43 44 45 46 47 48 77 78 79 80 81 82 83 112 113 114 115 116 117 118 125 147 148 149 150 151 152 153 155 156 157 158 159 160 -1
36 52 42 43 44 45 46 47 48 77 78 79 80 81 82 83 86 87 88 89 90 112 113 114 115 120 121 122 123 124 125 147 148 149 154 155 156 157 158 159 160 -1
36 53 42 43 44 45 46 47 48 77 78 84 85 86 87 88 89 90 119 120 121 122 123 124 125 154 155 156 157 158 159 160 202 -1
36 54 42 84 85 86 87 88 89 90 96 97 119 120 121 122 123 124 125 132 154 155 156 157 158 159 160 166 167 196 197 198 199 200 201 202 -1
36 55 84 85 86 87 88 89 90 91 92 93 94 95 96 97 119 120 121 122 123 124 127 128 129 130 131 132 154 155 156 157 158 161 162 163 164 165 166 167 196 197 198 199 200 201 202 -1
36 56 84 85 86 91 92 93 94 95 96 97 119 126 127 128 129 130 131 132 154 161 162 163 164 165 166 167 196 197 198 199 200 201 202 -1
36 57 91 92 93 94 95 96 97 126 127 128 129 130 131 132 138 139 161 162 163 164 165 166 167 174 196 197 198 199 200 201 202 207 208 209 -1
36 58 91 92 93 94 95 96 97 126 127 128 129 130 131 132 134 135 136 137 138 139 161 162 163 164 165 169 170 171 172 173 174 196 197 198 199 200 201 202 203 204 205 206 207 208 209 -1
36 59 91 92 93 94 95 126 127 133 134 135 136 137 138 139 161 168 169 170 171 172 173 174 196 197 198 203 204 205 206 207 208 209 -1
36 60 133 134 135 136 137 138 139 144 145 146 168 169 170 171 172 173 174 181 203 204 205 206 207 208 209 215 216 247 248 249 250 251 -1
36 61 133 134 135 136 137 138 139 140 141 142 143 144 145 146 168 169 170 171 172 173 177 178 179 180 181 203 204 205 206 207 208 210 211 212 213 214 215 216 245 246 247 248 249 250 251 -1
36 62 133 134 135 140 141 142 143 144 145 146 168 175 176 177 178 179 180 181 203 204 210 211 212 213 214 215 216 245 246 247 248 249 250 251 -1
36 63 140 141 142 143 144 145 146 175 176 177 178 179 180 181 188 210 211 212 213 214 215 216 223 245 246 247 248 249 250 251 256 257 258 -1
36 64 140 141 142 143 144 145 146 175 176 177 178 179 180 181 184 185 186 187 188 210 211 212 213 214 215 218 219 220 221 222 223 245 246 247 248 249 250 251 252 253 254 255 256 257 258 -1
36 65 140 141 142 143 144 145 146 175 176 182 183 184 185 186 187 188 210 217 218 219 220 221 222 223 245 246 252 253 254 255 256 257 258 300 -1
36 66 140 182 183 184 185 186 187 188 217 218 219 220 221 222 223 252 253 254 255 256 257 258 264 265 294 295 296 297 298 299 300 -1
36 67 182 183 184 185 186 187 188 193 194 195 217 218 219 220 221 222 227 228 229 230 252 253 254 255 256 259 260 261 262 263 264 265 294 295 296 297 298 299 300 -1
36 68 182 183 184 185 186 187 189 190 191 192 193 194 195 217 224 225 226 227 228 229 230 259 260 261 262 263 264 265 294 295 296 297 298 299 300 -1
36 69 189 190 191 192 193 194 195 224 225 226 227 228 229 230 259 260 261 262 263 264 265 294 295 296 297 298 299 300 301 302 303 304 305 306 307 -1
36 70 189 190 191 192 193 194 195 224 225 226 227 228 229 230 237 259 260 261 262 263 266 267 268 269 270 271 272 294 295 296 301 302 303 304 305 306 307 -1
36 71 189 190 191 192 193 194 195 224 225 226 227 232 233 234 235 236 237 266 267 268 269 270 271 272 301 302 303 304 305 306 307 -1
36 72 189 190 191 192 193 194 195 231 232 233 234 235 236 237 266 267 268 269 270 271 272 301 302 303 304 305 306 307 310 311 312 313 314 -1
36 73 231 232 233 234 235 236 237 266 267 268 269 270 271 272 301 302 308 309 310 311 312 313 314 -1
36 74 231 232 233 234 235 236 237 273 274 275 276 277 278 279 308 309 310 311 312 313 314 -1
36 75 231 232 233 234 235 236 237 243 244 273 274 275 276 277 278 279 308 309 310 311 312 313 314 -1
36 76 238 239 240 241 242 243 244 273 274 275 276 277 278 279 308 309 310 315 316 317 318 319 320 321 -1
36 77 238 239 240 241 242 243 244 273 274 275 276 277 278 279 315 316 317 318 319 320 321 -1
36 78 238 239 240 241 242 243 244 278 279 280 281 315 316 317 318 319 320 321 -1
36 79 238 239 240 241 242 243 244 280 281 282 283 284 285 286 315 316 317 318 319 320 321 -1
36 80 239 240 241 242 243 244 280 281 282 283 284 285 286 319 320 321 322 323 -1
36 81 242 243 244 280 281 282 283 284 285 286 322 323 324 325 326 -1
36 82 243 244 281 282 283 284 285 286 322 323 324 325 326 327 328 -1
36 83 244 283 284 285 286 287 288 322 323 324 325 326 327 328 -1
36 84 285 286 287 288 289 324 325 326 327 328 329 -1
36 85 286 287 288 289 290 291 325 326 327 328 329 330 -1
36 86 286 287 288 289 290 291 326 327 328 329 330 331 -1
36 87 288 289 290 291 292 327 328 329 330 331 332 -1
36 88 289 290 291 292 293 328 330 331 332 333 -1
36 89 290 291 292 293 328 331 332 333 336 -1
36 90 291 292 293 328 332 333 334 336 337 -1
36 91 291 292 293 332 333 334 336 337 -1
36 92 292 293 333 334 336 337 338 -1
36 93 292 293 333 334 337 338 -1
36 94 292 293 333 334 335 338 339 -1
36 95 293 334 335 338 339 -1
36 96 293 334 335 339 -1
36 97 293 334 335 339 340 -1
36 98 293 334 335 339 340 -1
36 99 293 334 335 340 -1
36 100 293 335 340 -1
36 101 335 340 -1
36 102 335 340 -1
36 103 335 340 341 -1
36 104 335 341 -1
36 105 335 341 -1
36 106 335 341 -1
36 107 341 -1
36 108 341 -1
37 11 1 -1
37 12 1 7 -1
37 13 1 7 -1
37 14 1 7 -1
37 15 2 7 -1
37 16 2 7 -1
37 17 2 7 49 -1
37 18 2 7 49 -1
37 19 2 7 8 49 -1
37 20 2 3 7 8 49 -1
37 21 3 7 8 49 -1
37 22 3 8 49 -1
37 23 3 4 8 49 -1
37 24 3 4 8 9 49 50 -1
37 25 4 5 8 9 14 49 50 -1
37 26 4 5 8 9 14 49 50 -1
37 27 4 5 6 8 9 10 14 49 50 51 -1
37 28 5 6 9 10 14 49 50 51 -1
37 29 6 9 10 11 14 50 51 52 -1
37 30 6 10 11 12 14 15 50 51 52 -1
37 31 10 11 12 13 14 15 50 51 52 53 56 -1
37 32 11 12 13 14 15 16 51 52 53 54 56 -1
37 33 12 13 14 15 16 52 53 54 55 56 57 -1
37 34 12 13 14 15 16 17 53 54 55 56 57 98 -1
37 35 14 15 16 17 18 19 54 55 56 57 58 98 -1
37 36 15 16 17 18 19 20 55 56 57 58 59 98 99 -1
37 37 16 17 18 19 20 21 56 57 58 59 60 61 62 98 99 100 -1
37 38 18 19 20 21 22 56 57 58 59 60 61 62 98 99 100 101 102 -1
37 39 20 21 22 23 24 56 57 58 59 60 61 62 98 99 100 101 102 103 104 -1
37 40 21 22 23 24 25 26 27 59 60 61 62 63 98 99 100 101 102 103 104 -1
37 41 21 22 23 24 25 26 27 62 63 64 65 66 67 98 99 100 101 102 103 104 -1
37 42 21 22 23 24 25 26 27 63 64 65 66 67 68 69 98 99 100 101 102 103 104 -1
37 43 25 26 27 28 29 63 64 65 66 67 68 69 105 106 107 108 -1
37 44 28 29 30 31 32 33 34 63 64 65 66 67 68 69 105 106 107 108 109 110 111 -1
37 45 28 29 30 31 32 33 34 63 64 65 66 67 68 69 105 106 107 108 109 110 111 147 -1
37 46 28 29 30 31 32 33 34 70 71 72 73 74 75 76 105 106 107 108 109 110 111 147 148 149 150 151 152 153 -1
37 47 28 29 30 31 32 33 34 35 36 37 38 39 40 41 70 71 72 73 74 75 76 105 106 107 108 109 110 111 147 148 149 150 151 152 153 -1
37 48 35 36 37 38 39 40 41 70 71 72 73 74 75 76 105 106 112 113 114 115 116 117 118 147 148 149 150 151 152 153 -1
37 49 35 36 37 38 39 40 41 70 71 72 73 74 75 76 80 81 82 83 112 113 114 115 116 117 118 147 148 149 150 151 152 153 -1
37 50 35 36 37 38 39 40 41 43 44 45 46 47 48 77 78 79 80 81 82 83 112 113 114 115 116 117 118 147 148 149 150 151 152 153 158 159 160 -1
37 51 42 43 44 45 46 47 48 77 78 79 80 81 82 83 112 113 114 115 116 117 118 125 147 148 149 154 155 156 157 158 159 160 -1
37 52 42 43 44 45 46 47 48 77 78 79 80 81 82 83 88 89 90 112 113 119 120 121 122 123 124 125 154 155 156 157 158 159 160 -1
37 53 42 43 44 45 46 47 48 77 78 79 84 85 86 87 88 89 90 119 120 121 122 123 124 125 154 155 156 157 158 159 160 196 197 198 199 200 201 202 -1
37 54 42 43 44 45 46 47 84 85 86 87 88 89 90 119 120 121 122 123 124 125 154 155 156 157 158 159 160 164 165 166 167 196 197 198 199 200 201 202 -1
37 55 84 85 86 87 88 89 90 95 96 97 119 120 121 122 123 124 128 129 130 131 132 154 155 161 162 163 164 165 166 167 196 197 198 199 200 201 202 -1
37 56 84 85 86 87 88 89 90 91 92 93 94 95 96 97 126 127 128 129 130 131 132 161 162 163 164 165 166 167 196 197 198 199 200 201 202 -1
37 57 91 92 93 94 95 96 97 126 127 128 129 130 131 132 161 162 163 164 165 166 167 174 196 197 198 199 200 201 202 203 204 205 206 207 208 209 -1
37 58 91 92 93 94 95 96 97 126 127 128 129 130 131 132 136 137 138 139 161 162 163 164 169 170 171 172 173 174 196 197 198 203 204 205 206 207 208 209 -1
37 59 91 92 93 94 95 96 97 126 127 128 133 134 135 136 137 138 139 168 169 170 171 172 173 174 203 204 205 206 207 208 209 249 250 251 -1
37 60 91 92 93 133 134 135 136 137 138 139 168 169 170 171 172 173 174 203 204 205 206 207 208 209 214 215 216 245 246 247 248 249 250 251 -1
37 61 133 134 135 136 137 138 139 144 145 146 168 169 170 171 172 173 178 179 180 181 203 204 205 206 210 211 212 213 214 215 216 245 246 247 248 249 250 251 -1
37 62 133 134 135 136 137 138 139 140 141 142 143 144 145 146 168 175 176 177 178 179 180 181 210 211 212 213 214 215 216 245 246 247 248 249 250 251 -1
37 63 140 141 142 143 144 145 146 175 176 177 178 179 180 181 210 211 212 213 214 215 216 245 246 247 248 249 250 251 252 253 254 255 256 257 258 -1
37 64 140 141 142 143 144 145 146 175 176 177 178 179 180 181 187 188 210 211 212 213 214 218 219 220 221 222 223 245 246 247 252 253 254 255 256 257 258 -1
37 65 140 141 142 143 144 145 146 175 176 177 178 182 183 184 185 186 187 188 217 218 219 220 221 222 223 252 253 254 255 256 257 258 295 296 297 298 299 300 -1
37 66 140 141 142 143 144 145 146 182 183 184 185 186 187 188 217 218 219 220 221 222 223 252 253 254 255 256 257 258 263 264 265 294 295 296 297 298 299 300 -1
37 67 182 183 184 185 186 187 188 217 218 219 220 221 222 223 229 230 252 253 254 259 260 261 262 263 264 265 294 295 296 297 298 299 300 -1
37 68 182 183 184 185 186 187 188 193 194 195 217 224 225 226 227 228 229 230 259 260 261 262 263 264 265 294 295 296 297 298 299 300 -1
37 69 182 183 184 189 190 191 192 193 194 195 224 225 226 227 228 229 230 259 260 261 262 263 264 265 294 295 296 297 298 299 301 302 303 304 305 306 307 -1
37 70 189 190 191 192 193 194 195 224 225 226 227 228 229 230 259 260 261 262 266 267 268 269 270 271 272 301 302 303 304 305 306 307 -1
37 71 189 190 191 192 193 194 195 224 225 226 227 228 229 230 236 237 266 267 268 269 270 271 272 301 302 303 304 305 306 307 -1
37 72 189 190 191 192 193 194 195 231 232 233 234 235 236 237 266 267 268 269 270 271 272 301 302 303 304 305 306 307 308 309 310 311 312 313 314 -1
37 73 189 190 191 192 193 194 195 231 232 233 234 235 236 237 266 267 268 269 270 271 272 308 309 310 311 312 313 314 -1
37 74 195 231 232 233 234 235 236 237 273 274 275 276 277 278 279 308 309 310 311 312 313 314 -1
37 75 231 232 233 234 235 236 237 273 274 275 276 277 278 279 308 309 310 311 312 313 314 -1
37 76 234 235 236 237 273 274 275 276 277 278 279 313 314 315 316 317 -1
37 77 238 239 240 241 242 243 244 273 274 275 276 277 278 279 315 316 317 318 319 320 321 -1
37 78 238 239 240 241 242 243 244 275 276 277 278 279 280 315 316 317 318 319 320 321 -1
37 79 238 239 240 241 242 243 244 279 280 281 282 283 315 316 317 318 319 320 321 -1
37 80 238 239 240 241 242 243 244 280 281 282 283 284 285 286 318 319 320 321 322 -1
37 81 240 241 242 243 244 280 281 282 283 284 285 286 320 321 322 323 324 -1
37 82 242 243 244 280 281 282 283 284 285 286 321 322 323 324 325 326 -1
37 83 243 244 283 284 285 286 287 322 323 324 325 326 327 -1
37 84 244 284 285 286 287 288 323 324 325 326 327 328 -1
37 85 244 285 286 287 288 289 325 326 327 328 329 330 -1
37 86 285 286 287 288 289 290 326 327 328 329 330 -1
37 87 286 288 289 290 291 326 327 328 329 330 331 -1
37 88 286 289 290 291 292 327 328 329 330 331 332 -1
37 89 290 291 292 327 328 330 331 332 336 -1
37 90 290 291 292 328 331 332 333 336 -1
37 91 291 292 293 328 332 333 336 337 -1
37 92 291 292 293 328 332 333 334 336 337 338 -1
37 93 292 293 328 333 334 337 338 -1
37 94 292 293 328 333 334 337 338 -1
37 95 292 293 333 334 338 339 -1
37 96 293 334 338 339 -1
37 97 293 334 339 -1
37 98 293 334 335 339 -1
37 99 293 334 335 339 340 -1
37 100 293 334 335 340 -1
37 101 293 335 340 -1
37 102 293 335 340 -1
37 103 335 340 -1
37 104 335 340 -1
37 105 335 341 -1
37 106 335 341 -1
37 107 335 341 -1
37 108 341 -1
38 12 1 7 -1
38 13 1 7 -1
38 14 2 7 -1
38 15 2 7 -1
38 16 2 7 49 -1
38 17 2 7 8 49 -1
38 18 2 8 49 -1
38 19 2 3 8 49 -1
38 20 3 8 49 -1
38 21 3 8 49 -1
38 22 3 8 14 49 50 -1
38 23 3 4 8 9 14 49 50 -1
38 24 4 8 9 14 49 50 -1
38 25 4 5 8 9 14 50 -1
38 26 4 5 9 10 14 50 51 -1
38 27 5 6 9 10 14 50 51 -1
38 28 5 6 9 10 14 15 50 51 56 -1
38 29 6 10 11 14 15 50 51 52 56 -1
38 30 6 10 11 12 14 15 51 52 56 -1
38 31 11 12 13 14 15 16 51 52 53 56 -1
38 32 11 12 13 14 15 16 52 53 54 56 57 98 -1
38 33 12 13 14 15 16 17 52 53 54 55 56 57 98 -1
38 34 13 14 15 16 17 18 53 54 55 56 57 58 98 -1
38 35 15 16 17 18 19 54 55 56 57 58 59 98 99 -1
38 36 16 17 18 19 20 21 55 56 57 58 59 60 98 99 100 -1
38 37 17 18 19 20 21 22 56 57 58 59 60 61 62 98 99 100 101 -1
38 38 18 19 20 21 22 23 57 58 59 60 61 62 98 99 100 101 102 -1
38 39 20 21 22 23 24 25 59 60 61 62 63 98 99 100 101 102 103 104 -1
38 40 21 22 23 24 25 26 27 61 62 63 64 65 98 99 100 101 102 103 104 -1
38 41 21 22 23 24 25 26 27 63 64 65 66 67 68 99 100 101 102 103 104 105 -1
38 42 23 24 25 26 27 63 64 65 66 67 68 69 102 103 104 105 106 107 -1
38 43 26 27 28 29 30 63 64 65 66 67 68 69 105 106 107 108 109 110 -1
38 44 28 29 30 31 32 33 34 63 64 65 66 67 68 69 105 106 107 108 109 110 111 147 148 -1
38 45 28 29 30 31 32 33 34 68 69 70 71 72 105 106 107 108 109 110 111 147 148 149 150 151 152 -1
38 46 28 29 30 31 32 33 34 70 71 72 73 74 75 76 105 106 107 108 109 110 111 147 148 149 150 151 152 153 -1
38 47 31 32 33 34 35 36 37 38 39 40 41 70 71 72 73 74 75 76 105 106 107 108 109 110 111 112 147 148 149 150 151 152 153 -1
38 48 35 36 37 38 39 40 41 70 71 72 73 74 75 76 112 113 114 115 116 117 118 147 148 149 150 151 152 153 -1
38 49 35 36 37 38 39 40 41 70 71 72 73 74 75 76 81 82 83 112 113 114 115 116 117 118 147 148 149 150 151 152 153 -1
38 50 35 36 37 38 39 40 41 47 48 77 78 79 80 81 82 83 112 113 114 115 116 117 118 147 148 149 154 155 156 157 158 159 160 -1
38 51 39 40 41 42 43 44 45 46 47 48 77 78 79 80 81 82 83 112 113 114 115 116 117 118 154 155 156 157 158 159 160 -1
38 52 42 43 44 45 46 47 48 77 78 79 80 81 82 83 119 120 121 122 123 124 125 154 155 156 157 158 159 160 196 197 198 199 200 201 202 -1
38 53 42 43 44 45 46 47 48 77 78 79 80 81 84 85 86 87 88 89 90 119 120 121 122 123 124 125 154 155 156 157 158 159 160 196 197 198 199 200 201 202 -1
38 54 42 43 44 45 46 47 48 84 85 86 87 88 89 90 119 120 121 122 123 124 125 154 155 156 157 161 162 163 164 165 166 167 196 197 198 199 200 201 202 -1
38 55 84 85 86 87 88 89 90 119 120 121 122 123 124 125 129 130 131 132 161 162 163 164 165 166 167 196 197 198 199 200 201 202 -1
38 56 84 85 86 87 88 89 90 93 94 95 96 97 126 127 128 129 130 131 132 161 162 163 164 165 166 167 196 197 198 199 200 201 202 208 209 -1
38 57 91 92 93 94 95 96 97 126 127 128 129 130 131 132 161 162 163 164 165 166 167 196 197 198 199 203 204 205 206 207 208 209 -1
38 58 91 92 93 94 95 96 97 126 127 128 129 130 131 132 139 161 162 163 168 169 170 171 172 173 174 203 204 205 206 207 208 209 -1
38 59 91 92 93 94 95 96 97 126 127 128 129 133 134 135 136 137 138 139 168 169 170 171 172 173 174 203 204 205 206 207 208 209 245 246 247 248 249 250 251 -1
38 60 91 92 93 94 95 96 97 133 134 135 136 137 138 139 168 169 170 171 172 173 174 203 204 205 206 207 208 209 213 214 215 216 245 246 247 248 249 250 251 -1
38 61 133 134 135 136 137 138 139 168 169 170 171 172 173 174 179 180 181 203 210 211 212 213 214 215 216 245 246 247 248 249 250 251 -1
38 62 133 134 135 136 137 138 139 143 144 145 146 175 176 177 178 179 180 181 210 211 212 213 214 215 216 245 246 247 248 249 250 251 -1
38 63 133 134 140 141 142 143 144 145 146 175 176 177 178 179 180 181 210 211 212 213 214 215 216 245 246 247 248 249 252 253 254 255 256 257 258 -1
38 64 140 141 142 143 144 145 146 175 176 177 178 179 180 181 210 211 212 213 217 218 219 220 221 222 223 252 253 254 255 256 257 258 -1
38 65 140 141 142 143 144 145 146 175 176 177 178 179 180 181 185 186 187 188 217 218 219 220 221 222 223 252 253 254 255 256 257 258 294 295 296 297 298 299 300 -1
38 66 140 141 142 143 144 145 146 182 183 184 185 186 187 188 217 218 219 220 221 222 223 252 253 254 255 256 257 258 261 262 263 264 265 294 295 296 297 298 299 300 -1
38 67 140 141 142 143 144 145 146 182 183 184 185 186 187 188 217 218 219 220 221 222 223 259 260 261 262 263 264 265 294 295 296 297 298 299 300 -1
38 68 182 183 184 185 186 187 188 224 225 226 227 228 229 230 259 260 261 262 263 264 265 294 295 296 297 298 299 300 301 302 303 -1
38 69 182 183 184 185 186 187 188 193 194 195 224 225 226 227 228 229 230 259 260 261 262 263 264 265 294 295 301 302 303 304 305 306 307 -1
38 70 189 190 191 192 193 194 195 224 225 226 227 228 229 230 259 260 261 266 267 268 269 270 271 272 301 302 303 304 305 306 307 -1
38 71 189 190 191 192 193 194 195 224 225 226 227 228 229 230 266 267 268 269 270 271 272 301 302 303 304 305 306 307 -1
38 72 189 190 191 192 193 194 195 230 231 232 233 234 235 236 237 266 267 268 269 270 271 272 301 302 303 304 305 306 307 308 309 310 311 -1
38 73 189 190 191 192 193 194 195 231 232 233 234 235 236 237 266 267 268 269 270 271 272 308 309 310 311 312 313 314 -1
38 74 190 191 192 193 194 195 231 232 233 234 235 236 237 270 271 272 273 274 308 309 310 311 312 313 314 -1
38 75 194 195 231 232 233 234 235 236 237 273 274 275 276 277 278 279 308 309 310 311 312 313 314 -1
38 76 232 233 234 235 236 237 273 274 275 276 277 278 279 312 313 314 315 316 -1
38 77 235 236 237 238 239 240 273 274 275 276 277 278 279 315 316 317 318 319 -1
38 78 237 238 239 240 241 242 243 274 275 276 277 278 279 315 316 317 318 319 320 321 -1
38 79 238 239 240 241 242 243 244 277 278 279 280 281 315 316 317 318 319 320 321 -1
38 80 238 239 240 241 242 243 244 279 280 281 282 283 317 318 319 320 321 322 -1
38 81 240 241 242 243 244 280 281 282 283 284 285 319 320 321 322 323 324 -1
38 82 241 242 243 244 280 281 282 283 284 285 286 320 321 322 323 324 325 -1
38 83 242 243 244 282 283 284 285 286 287 321 322 323 324 325 326 -1
38 84 243 244 283 284 285 286 287 288 323 324 325 326 327 -1
38 85 244 284 285 286 287 288 289 324 325 326 327 328 329 -1
38 86 244 285 286 287 288 289 290 325 326 327 328 329 330 -1
38 87 244 285 286 288 289 290 326 327 328 329 330 331 -1
38 88 286 289 290 291 326 327 328 329 330 331 -1
38 89 286 290 291 327 328 330 331 332 336 -1
38 90 286 290 291 292 327 328 331 332 336 -1
38 91 286 291 292 327 328 332 333 336 337 -1
38 92 291 292 328 332 333 336 337 -1
38 93 291 292 328 332 333 337 338 -1
38 94 292 328 333 334 337 338 -1
38 95 292 293 328 333 334 338 -1
38 96 292 293 328 333 334 338 339 -1
38 97 292 293 328 334 339 -1
38 98 293 334 339 -1
38 99 293 334 339 -1
38 100 293 334 339 340 -1
38 101 293 334 340 -1
38 102 293 334 335 340 -1
38 103 293 335 340 -1
38 104 335 340 -1
38 105 335 340 -1
38 106 335 341 -1
38 107 335 341 -1
39 12 7 -1
39 13 2 7 -1
39 14 2 7 -1
39 15 2 7 49 -1
39 16 2 8 49 -1
39 17 2 8 49 -1
39 18 2 3 8 49 -1
39 19 3 8 49 -1
39 20 3 8 14 49 -1
39 21 3 8 14 49 50 -1
39 22 3 4 8 9 14 49 50 -1
39 23 4 9 14 50 -1
39 24 4 9 14 50 -1
39 25 4 5 9 14 50 51 -1
39 26 4 5 9 10 14 15 50 51 56 -1
39 27 5 6 9 10 14 15 50 51 56 -1
39 28 5 6 10 11 14 15 51 52 56 -1
39 29 6 10 11 14 15 51 52 56 -1
39 30 6 10 11 12 14 15 16 51 52 53 56 57 98 -1
39 31 11 12 13 14 15 16 52 53 56 57 98 -1
39 32 11 12 13 15 16 17 52 53 54 56 57 98 -1
39 33 12 13 15 16 17 53 54 55 56 57 58 98 99 -1
39 34 13 16 17 18 21 53 54 55 56 57 58 98 99 -1
39 35 16 17 18 19 21 54 55 56 57 58 59 98 99 100 -1
39 36 17 18 19 20 21 22 55 57 58 59 60 98 99 100 -1
39 37 18 19 20 21 22 23 58 59 60 61 62 63 98 99 100 101 -1
39 38 19 20 21 22 23 24 59 60 61 62 63 98 99 100 101 102 103 -1
39 39 20 21 22 23 24 25 60 61 62 63 64 99 100 101 102 103 104 -1
39 40 21 22 23 24 25 26 27 61 62 63 64 65 66 100 101 102 103 104 105 -1
39 41 22 23 24 25 26 27 63 64 65 66 67 68 102 103 104 105 106 -1
39 42 24 25 26 27 28 63 64 65 66 67 68 69 104 105 106 107 108 147 -1
39 43 26 27 28 29 30 31 63 64 65 66 67 68 69 105 106 107 108 109 110 111 147 148 -1
39 44 28 29 30 31 32 33 34 66 67 68 69 70 105 106 107 108 109 110 111 147 148 149 150 -1
39 45 28 29 30 31 32 33 34 69 70 71 72 73 105 106 107 108 109 110 111 147 148 149 150 151 152 153 -1
39 46 28 29 30 31 32 33 34 70 71 72 73 74 75 76 105 106 107 108 109 110 111 112 147 148 149 150 151 152 153 -1
39 47 32 33 34 35 36 70 71 72 73 74 75 76 112 113 114 115 147 148 149 150 151 152 153 -1
39 48 35 36 37 38 39 40 41 70 71 72 73 74 75 76 112 113 114 115 116 117 118 147 148 149 150 151 152 153 -1
39 49 35 36 37 38 39 40 41 74 75 76 77 112 113 114 115 116 117 118 153 154 155 156 157 -1
39 50 35 36 37 38 39 40 41 77 78 79 80 81 82 83 112 113 114 115 116 117 118 154 155 156 157 158 159 160 -1
39 51 37 38 39 40 41 42 43 44 45 46 47 48 77 78 79 80 81 82 83 112 113 114 115 116 117 118 154 155 156 157 158 159 160 196 197 -1
39 52 42 43 44 45 46 47 48 77 78 79 80 81 82 83 119 120 121 122 123 124 125 154 155 156 157 158 159 160 196 197 198 199 200 201 202 -1
39 53 42 43 44 45 46 47 48 77 78 79 80 81 82 83 86 87 88 89 90 119 120 121 122 123 124 125 154 155 156 157 158 159 160 196 197 198 199 200 201 202 -1
39 54 42 43 44 45 46 47 48 84 85 86 87 88 89 90 119 120 121 122 123 124 125 161 162 163 164 165 166 167 196 197 198 199 200 201 202 -1
39 55 43 44 45 46 47 48 84 85 86 87 88 89 90 119 120 121 122 123 124 125 132 161 162 163 164 165 166 167 196 197 198 199 200 201 202 -1
39 56 84 85 86 87 88 89 90 126 127 128 129 130 131 132 161 162 163 164 165 166 167 196 197 198 199 200 203 204 205 206 207 208 209 -1
39 57 84 85 86 87 88 89 90 91 92 93 94 95 96 97 126 127 128 129 130 131 132 161 162 163 164 165 166 167 203 204 205 206 207 208 209 -1
39 58 91 92 93 94 95 96 97 126 127 128 129 130 131 132 168 169 170 171 172 173 174 203 204 205 206 207 208 209 245 246 247 248 249 250 251 -1
39 59 91 92 93 94 95 96 97 126 127 128 129 130 131 132 136 137 138 139 168 169 170 171 172 173 174 203 204 205 206 207 208 209 245 246 247 248 249 250 251 -1
39 60 91 92 93 94 95 96 97 133 134 135 136 137 138 139 168 169 170 171 172 173 174 203 204 205 206 210 211 212 213 214 215 216 245 246 247 248 249 250 251 -1
39 61 91 92 93 94 95 96 97 133 134 135 136 137 138 139 168 169 170 171 172 173 174 210 211 212 213 214 215 216 245 246 247 248 249 250 251 -1
39 62 133 134 135 136 137 138 139 175 176 177 178 179 180 181 210 211 212 213 214 215 216 245 246 247 248 249 250 251 252 253 254 255 256 257 258 -1
39 63 133 134 135 136 137 138 139 142 143 144 145 146 175 176 177 178 179 180 181 210 211 212 213 214 215 216 252 253 254 255 256 257 258 -1
39 64 140 141 142 143 144 145 146 175 176 177 178 179 180 181 210 217 218 219 220 221 222 223 252 253 254 255 256 257 258 294 295 296 297 298 299 -1
39 65 140 141 142 143 144 145 146 175 176 177 178 179 180 181 217 218 219 220 221 222 223 252 253 254 255 256 257 258 294 295 296 297 298 299 300 -1
39 66 140 141 142 143 144 145 146 182 183 184 185 186 187 188 217 218 219 220 221 222 223 252 253 254 255 256 259 260 261 262 263 264 265 294 295 296 297 298 299 300 -1
39 67 140 141 142 143 144 145 146 182 183 184 185 186 187 188 217 218 219 220 221 222 223 259 260 261 262 263 264 265 294 295 296 297 298 299 300 -1
39 68 145 146 182 183 184 185 186 187 188 224 225 226 227 228 229 230 259 260 261 262 263 264 265 294 295 296 297 298 299 300 301 302 303 304 305 -1
39 69 182 183 184 185 186 187 188 224 225 226 227 228 229 230 259 260 261 262 263 264 265 301 302 303 304 305 306 307 -1
39 70 185 186 187 188 189 224 225 226 227 228 229 230 265 266 267 268 301 302 303 304 305 306 307 -1
39 71 189 190 191 192 193 194 195 224 225 226 227 228 229 230 266 267 268 269 270 271 272 301 302 303 304 305 306 307 -1
39 72 189 190 191 192 193 194 195 227 228 229 230 266 267 268 269 270 271 272 306 307 308 309 310 -1
39 73 189 190 191 192 193 194 195 230 231 232 233 234 235 236 237 266 267 268 269 270 271 272 308 309 310 311 312 313 314 -1
39 74 189 190 191 192 193 194 195 231 232 233 234 235 236 237 269 270 271 272 273 308 309 310 311 312 313 314 -1
39 75 192 193 194 195 231 232 233 234 235 236 237 272 273 274 275 276 308 309 310 311 312 313 314 -1
39 76 194 195 231 232 233 234 235 236 237 273 274 275 276 277 278 279 311 312 313 314 315 316 -1
39 77 195 234 235 236 237 238 273 274 275 276 277 278 279 314 315 316 317 318 -1
39 78 236 237 238 239 240 274 275 276 277 278 279 315 316 317 318 319 320 -1
39 79 237 238 239 240 241 242 276 277 278 279 280 281 315 316 317 318 319 320 321 -1
39 80 238 239 240 241 242 243 278 279 280 281 282 317 318 319 320 321 322 -1
39 81 239 240 241 242 243 244 279 280 281 282 283 318 319 320 321 322 323 -1
39 82 241 242 243 244 279 280 281 282 283 284 319 320 321 322 323 324 -1
39 83 242 243 244 282 283 284 285 287 320 321 322 323 324 325 -1
39 84 242 243 244 283 284 285 286 287 288 321 323 324 325 326 -1
39 85 243 244 284 285 286 287 288 289 321 324 325 326 329 -1
39 86 243 244 284 285 286 287 288 289 325 326 327 329 330 -1
39 87 244 285 286 288 289 290 325 326 327 329 330 331 -1
39 88 244 285 286 289 290 326 327 328 329 330 331 -1
39 89 244 285 286 289 290 291 326 327 328 330 331 332 336 -1
39 90 286 290 291 327 328 331 332 336 -1
39 91 286 290 291 327 328 331 332 336 337 -1
39 92 286 291 292 327 328 332 333 336 337 -1
39 93 286 291 292 327 328 332 333 337 338 -1
39 94 291 292 328 333 337 338 -1
39 95 292 328 333 338 -1
39 96 292 328 333 338 -1
39 97 292 293 328 333 334 338 339 -1
39 98 292 293 328 334 339 -1
39 99 293 328 334 339 -1
39 100 293 334 339 -1
39 101 293 334 339 340 -1
39 102 293 334 340 -1
39 103 293 334 340 -1
39 104 293 335 340 -1
39 105 335 340 -1
39 106 335 340 -1
39 107 335 -1
40 13 2 -1
40 14 2 49 -1
40 15 2 8 49 -1
40 16 2 8 49 -1
40 17 3 8 49 -1
40 18 3 8 14 49 -1
40 19 3 8 14 49 50 -1
40 20 3 8 9 14 50 -1
40 21 3 9 14 50 -1
40 22 3 4 9 14 50 -1
40 23 4 9 14 50 -1
40 24 4 9 14 15 50 51 56 -1
40 25 4 5 9 10 14 15 50 51 56 -1
40 26 5 9 10 14 15 51 56 -1
40 27 5 6 10 14 15 51 56 -1
40 28 5 6 10 11 14 15 51 52 56 98 -1
40 29 6 10 11 15 16 51 52 56 57 98 -1
40 30 6 11 12 15 16 52 53 56 57 98 -1
40 31 11 12 13 15 16 21 52 53 56 57 98 -1
40 32 12 13 15 16 17 21 53 54 56 57 58 98 99 -1
40 33 12 13 16 17 21 53 54 55 56 57 58 98 99 -1
40 34 13 16 17 18 21 54 55 57 58 59 98 99 100 -1
40 35 17 18 19 21 22 54 55 57 58 59 60 63 98 99 100 -1
40 36 17 18 19 20 21 22 55 58 59 60 63 98 99 100 101 -1
40 37 18 19 20 21 22 23 59 60 61 62 63 64 99 100 101 102 -1
40 38 19 20 21 22 23 24 59 60 61 62 63 64 99 100 101 102 103 105 -1
40 39 20 21 22 23 24 25 60 61 62 63 64 65 100 101 102 103 104 105 -1
40 40 22 23 24 25 26 27 61 62 63 64 65 66 101 102 103 104 105 106 -1
40 41 23 24 25 26 27 28 63 64 65 66 67 68 103 104 105 106 107 147 -1
40 42 25 26 27 28 29 63 64 65 66 67 68 69 104 105 106 107 108 147 148 -1
40 43 26 27 28 29 30 31 65 66 67 68 69 70 105 106 107 108 109 110 111 147 148 149 -1
40 44 28 29 30 31 32 33 34 67 68 69 70 71 105 106 107 108 109 110 111 147 148 149 150 151 -1
40 45 28 29 30 31 32 33 34 69 70 71 72 73 74 106 107 108 109 110 111 112 147 148 149 150 151 152 153 -1
40 46 29 30 31 32 33 34 70 71 72 73 74 75 76 109 110 111 112 113 147 148 149 150 151 152 153 -1
40 47 32 33 34 35 36 70 71 72 73 74 75 76 112 113 114 115 116 147 148 149 150 151 152 153 -1
40 48 35 36 37 38 39 40 41 70 71 72 73 74 75 76 112 113 114 115 116 117 118 150 151 152 153 154 155 -1
40 49 35 36 37 38 39 40 41 75 76 77 78 79 112 113 114 115 116 117 118 154 155 156 157 158 -1
40 50 35 36 37 38 39 40 41 77 78 79 80 81 82 83 112 113 114 115 116 117 118 154 155 156 157 158 159 160 196 197 -1
40 51 37 38 39 40 41 77 78 79 80 81 82 83 117 118 119 120 121 154 155 156 157 158 159 160 196 197 198 199 200 -1
40 52 41 42 43 44 45 46 47 48 77 78 79 80 81 82 83 119 120 121 122 123 124 125 154 155 156 157 158 159 160 196 197 198 199 200 201 202 -1
40 53 42 43 44 45 46 47 48 79 80 81 82 83 119 120 121 122 123 124 125 158 159 160 161 162 196 197 198 199 200 201 202 -1
40 54 42 43 44 45 46 47 48 84 85 86 87 88 89 90 119 120 121 122 123 124 125 161 162 163 164 165 166 167 196 197 198 199 200 201 202 -1
40 55 42 43 44 45 46 47 48 84 85 86 87 88 89 90 120 121 122 123 124 125 161 162 163 164 165 166 167 196 197 198 199 200 201 202 203 204 -1
40 56 48 84 85 86 87 88 89 90 126 127 128 129 130 131 132 161 162 163 164 165 166 167 203 204 205 206 207 208 209 -1
40 57 84 85 86 87 88 89 90 97 126 127 128 129 130 131 132 161 162 163 164 165 166 167 203 204 205 206 207 208 209 245 246 -1
40 58 91 92 93 94 95 96 97 126 127 128 129 130 131 132 168 169 170 171 172 173 174 203 204 205 206 207 208 209 245 246 247 248 249 250 251 -1
40 59 91 92 93 94 95 96 97 126 127 128 129 130 131 132 168 169 170 171 172 173 174 203 204 205 206 207 208 209 245 246 247 248 249 250 251 -1
40 60 91 92 93 94 95 96 97 133 134 135 136 137 138 139 168 169 170 171 172 173 174 210 211 212 213 214 215 216 245 246 247 248 249 250 251 -1
40 61 91 92 93 94 95 96 97 133 134 135 136 137 138 139 168 169 170 171 172 173 174 210 211 212 213 214 215 216 245 246 247 248 249 250 251 -1
40 62 96 97 133 134 135 136 137 138 139 175 176 177 178 179 180 181 210 211 212 213 214 215 216 245 252 253 254 255 256 257 258 -1
40 63 133 134 135 136 137 138 139 175 176 177 178 179 180 181 210 211 212 213 214 215 216 252 253 254 255 256 257 258 294 -1
40 64 138 139 140 141 142 143 144 145 146 175 176 177 178 179 180 181 217 218 219 220 221 222 252 253 254 255 256 257 258 294 295 296 297 298 299 300 -1
40 65 140 141 142 143 144 145 146 175 176 177 178 179 180 181 217 218 219 220 221 222 223 252 253 254 255 256 257 258 294 295 296 297 298 299 300 -1
40 66 140 141 142 143 144 145 146 180 181 182 183 184 217 218 219 220 221 222 223 259 260 261 262 263 294 295 296 297 298 299 300 -1
40 67 140 141 142 143 144 145 146 182 183 184 185 186 187 188 217 218 219 220 221 222 223 259 260 261 262 263 264 265 294 295 296 297 298 299 300 301 -1
40 68 142 143 144 145 146 182 183 184 185 186 187 188 221 222 223 224 225 259 260 261 262 263 264 265 301 302 303 304 305 -1
40 69 145 146 182 183 184 185 186 187 188 224 225 226 227 228 229 230 259 260 261 262 263 264 265 301 302 303 304 305 306 307 -1
40 70 184 185 186 187 188 224 225 226 227 228 229 230 263 264 265 266 267 301 302 303 304 305 306 307 -1
40 71 187 188 189 190 191 192 224 225 226 227 228 229 230 266 267 268 269 270 271 272 301 302 303 304 305 306 307 -1
40 72 189 190 191 192 193 194 195 226 227 228 229 230 266 267 268 269 270 271 272 306 307 308 309 310 -1
40 73 189 190 191 192 193 194 195 229 230 231 232 233 266 267 268 269 270 271 272 308 309 310 311 312 313 -1
40 74 189 190 191 192 193 194 195 230 231 232 233 234 235 236 268 269 270 271 272 273 308 309 310 311 312 313 314 -1
40 75 191 192 193 194 195 231 232 233 234 235 236 237 271 272 273 274 275 308 309 310 311 312 313 314 -1
40 76 193 194 195 231 232 233 234 235 236 237 272 273 274 275 276 277 311 312 313 314 315 316 -1
40 77 194 195 234 235 236 237 238 273 274 275 276 277 278 279 313 314 315 316 317 -1
40 78 195 235 236 237 238 239 274 275 276 277 278 279 314 315 316 317 318 319 -1
40 79 236 237 238 239 240 241 276 277 278 279 280 281 315 316 317 318 319 320 -1
40 80 237 238 239 240 241 242 277 278 279 280 281 282 317 318 319 320 321 322 -1
40 81 237 239 240 241 242 243 278 279 280 281 282 283 318 319 320 321 322 323 -1
40 82 240 241 242 243 278 279 280 281 282 283 319 320 321 322 323 324 -1
40 83 241 242 243 244 279 282 283 284 287 320 321 322 323 324 325 -1
40 84 242 243 244 279 282 283 284 285 287 288 320 321 323 324 325 -1
40 85 242 243 244 283 284 285 287 288 321 324 325 326 329 -1
40 86 243 244 284 285 286 287 288 289 321 325 326 329 330 -1
40 87 243 244 284 285 286 288 289 321 325 326 327 329 330 -1
40 88 244 285 286 289 290 321 326 327 329 330 331 -1
40 89 244 285 286 289 290 326 327 330 331 336 -1
40 90 244 285 286 290 291 326 327 331 332 336 -1
40 91 244 286 290 291 327 328 331 332 336 337 -1
40 92 286 291 327 328 332 336 337 -1
40 93 286 291 327 328 332 333 337 -1
40 94 286 291 292 327 328 332 333 337 338 -1
40 95 286 291 292 327 328 333 338 -1
40 96 292 328 333 338 -1
40 97 292 328 333 338 339 -1
40 98 292 328 333 339 -1
40 99 292 328 333 334 339 -1
40 100 292 293 328 334 339 -1
40 101 293 328 334 339 -1
40 102 293 334 339 -1
40 103 293 334 340 -1
40 104 293 334 340 -1
40 105 293 340 -1
40 106 340 -1
41 14 2 49 -1
41 15 2 8 49 -1
41 16 3 8 49 -1
41 17 3 8 14 49 -1
41 18 3 8 14 49 50 -1
41 19 3 8 9 14 50 -1
41 20 3 9 14 50 -1
41 21 3 4 9 14 50 -1
41 22 4 9 14 50 56 -1
41 23 4 9 14 15 50 51 56 -1
41 24 4 5 9 10 14 15 50 51 56 -1
41 25 4 5 10 14 15 51 56 -1
41 26 5 10 15 51 56 -1
41 27 5 6 10 11 15 51 52 56 57 98 -1
41 28 5 6 10 11 15 16 21 51 52 56 57 98 -1
41 29 6 11 15 16 21 52 56 57 98 -1
41 30 6 11 12 15 16 21 52 53 56 57 98 -1
41 31 11 12 13 16 17 21 52 53 54 57 58 98 99 -1
41 32 12 13 16 17 21 53 54 57 58 98 99 -1
41 33 12 13 16 17 18 21 22 53 54 55 57 58 59 63 98 99 -1
41 34 13 17 18 21 22 54 55 58 59 63 98 99 100 -1
41 35 17 18 19 21 22 54 55 58 59 60 63 99 100 -1
41 36 18 19 20 21 22 23 55 59 60 61 63 64 99 100 101 -1
41 37 19 20 21 22 23 59 60 61 62 63 64 100 101 102 105 -1
41 38 19 20 22 23 24 60 61 62 63 64 65 100 101 102 103 105 -1
41 39 20 22 23 24 25 28 61 62 63 64 65 66 101 102 103 104 105 106 147 -1
41 40 23 24 25 26 27 28 62 63 64 65 66 67 102 103 104 105 106 107 147 -1
41 41 24 25 26 27 28 29 64 65 66 67 68 103 104 105 106 107 108 147 148 -1
41 42 25 26 27 28 29 30 65 66 67 68 69 70 104 105 106 107 108 109 147 148 149 -1
41 43 26 27 28 29 30 31 66 67 68 69 70 71 105 106 107 108 109 110 111 147 148 149 150 -1
41 44 28 29 30 31 32 33 67 68 69 70 71 72 106 107 108 109 110 111 112 147 148 149 150 151 -1
41 45 28 29 30 31 32 33 34 69 70 71 72 73 74 108 109 110 111 112 113 147 148 149 150 151 152 153 -1
41 46 30 31 32 33 34 35 70 71 72 73 74 75 76 110 111 112 113 114 147 148 149 150 151 152 153 -1
41 47 32 33 34 35 36 37 70 71 72 73 74 75 76 112 113 114 115 116 150 151 152 153 154 155 -1
41 48 34 35 36 37 38 39 40 72 73 74 75 76 77 112 113 114 115 116 117 118 152 153 154 155 156 -1
41 49 35 36 37 38 39 40 41 75 76 77 78 79 112 113 114 115 116 117 118 154 155 156 157 158 159 196 -1
41 50 35 36 37 38 39 40 41 77 78 79 80 81 82 83 114 115 116 117 118 119 154 155 156 157 158 159 160 196 197 198 -1
41 51 37 38 39 40 41 77 78 79 80 81 82 83 117 118 119 120 121 154 155 156 157 158 159 160 196 197 198 199 200 201 -1
41 52 40 41 42 43 44 45 46 47 48 77 78 79 80 81 82 83 119 120 121 122 123 124 125 155 156 157 158 159 160 161 196 197 198 199 200 201 202 -1
41 53 42 43 44 45 46 47 48 80 81 82 83 84 119 120 121 122 123 124 125 160 161 162 163 164 196 197 198 199 200 201 202 -1
41 54 42 43 44 45 46 47 48 83 84 85 86 87 88 89 90 119 120 121 122 123 124 125 161 162 163 164 165 166 167 196 197 198 199 200 201 202 203 -1
41 55 42 43 44 45 46 47 48 84 85 86 87 88 89 90 122 123 124 125 126 161 162 163 164 165 166 167 202 203 204 205 206 -1
41 56 46 47 48 84 85 86 87 88 89 90 126 127 128 129 130 131 132 161 162 163 164 165 166 167 203 204 205 206 207 208 209 245 -1
41 57 84 85 86 87 88 89 90 126 127 128 129 130 131 132 164 165 166 167 168 203 204 205 206 207 208 209 245 246 247 248 -1
41 58 89 90 91 92 93 94 95 96 97 126 127 128 129 130 131 132 168 169 170 171 172 173 174 203 204 205 206 207 208 209 245 246 247 248 249 250 251 -1
41 59 91 92 93 94 95 96 97 126 127 128 129 130 131 132 168 169 170 171 172 173 174 205 206 207 208 209 210 211 245 246 247 248 249 250 251 -1
41 60 91 92 93 94 95 96 97 131 132 133 134 135 136 137 168 169 170 171 172 173 174 210 211 212 213 214 215 216 245 246 247 248 249 250 251 -1
41 61 91 92 93 94 95 96 97 133 134 135 136 137 138 139 168 169 170 171 172 173 174 210 211 212 213 214 215 216 245 246 247 248 249 250 251 252 253 -1
41 62 94 95 96 97 133 134 135 136 137 138 139 174 175 176 177 178 210 211 212 213 214 215 216 252 253 254 255 256 257 258 -1
41 63 97 133 134 135 136 137 138 139 175 176 177 178 179 180 181 210 211 212 213 214 215 216 252 253 254 255 256 257 258 294 295 296 -1
41 64 136 137 138 139 140 175 176 177 178 179 180 181 216 217 218 219 220 252 253 254 255 256 257 258 294 295 296 297 298 299 300 -1
41 65 139 140 141 142 143 144 145 146 175 176 177 178 179 180 181 217 218 219 220 221 222 223 252 253 254 255 256 257 258 259 294 295 296 297 298 299 300 -1
41 66 140 141 142 143 144 145 146 178 179 180 181 182 217 218 219 220 221 222 223 258 259 260 261 262 294 295 296 297 298 299 300 -1
41 67 140 141 142 143 144 145 146 181 182 183 184 185 186 187 217 218 219 220 221 222 223 259 260 261 262 263 264 265 294 295 296 297 298 299 300 301 302 -1
41 68 141 142 143 144 145 146 182 183 184 185 186 187 188 221 222 223 224 225 259 260 261 262 263 264 265 301 302 303 304 305 -1
41 69 144 145 146 182 183 184 185 186 187 188 223 224 225 226 227 228 259 260 261 262 263 264 265 301 302 303 304 305 306 307 -1
41 70 146 183 184 185 186 187 188 224 225 226 227 228 229 230 263 264 265 266 267 301 302 303 304 305 306 307 -1
41 71 186 187 188 189 190 224 225 226 227 228 229 230 265 266 267 268 269 270 302 303 304 305 306 307 308 -1
41 72 187 188 189 190 191 192 226 227 228 229 230 266 267 268 269 270 271 272 305 306 307 308 309 310 -1
41 73 189 190 191 192 193 194 195 228 229 230 231 232 266 267 268 269 270 271 272 307 308 309 310 311 312 -1
41 74 189 190 191 192 193 194 195 229 230 231 232 233 234 268 269 270 271 272 273 308 309 310 311 312 313 314 -1
41 75 191 192 193 194 195 230 231 232 233 234 235 236 270 271 272 273 274 275 309 310 311 312 313 314 -1
41 76 192 193 194 195 231 232 233 234 235 236 237 271 272 273 274 275 276 311 312 313 314 315 316 -1
41 77 193 194 195 233 234 235 236 237 238 272 273 274 275 276 277 312 313 314 315 316 317 -1
41 78 194 195 234 235 236 237 238 239 274 275 276 277 278 313 314 315 316 317 318 -1
41 79 195 235 236 237 238 239 240 275 276 277 278 279 280 314 315 316 317 318 319 -1
41 80 195 236 237 238 239 240 241 276 277 278 279 280 281 314 317 318 319 320 322 -1
41 81 237 239 240 241 242 277 278 279 280 281 282 318 319 320 322 323 -1
41 82 237 240 241 242 278 279 280 281 282 283 319 320 321 322 323 -1
41 83 241 242 243 278 279 281 282 283 287 319 320 321 322 323 324 -1
41 84 242 243 279 282 283 284 287 288 320 321 323 324 325 -1
41 85 242 243 244 279 283 284 287 288 320 321 324 325 329 -1
41 86 243 244 279 283 284 285 287 288 289 320 321 324 325 326 329 330 -1
41 87 243 244 284 285 288 289 321 325 326 329 330 -1
41 88 243 244 284 285 288 289 290 321 325 326 329 330 331 -1
41 89 244 285 286 289 290 321 326 327 330 331 336 -1
41 90 244 285 286 290 321 326 327 331 336 -1
41 91 244 285 286 290 291 321 326 327 331 332 336 337 -1
41 92 244 285 286 290 291 327 331 332 336 337 -1
41 93 286 291 327 332 337 -1
41 94 286 291 327 328 332 337 338 -1
41 95 286 291 292 327 328 332 333 337 338 -1
41 96 286 291 292 327 328 333 338 -1
41 97 286 292 328 333 338 -1
41 98 292 328 333 338 339 -1
41 99 292 328 333 339 -1
41 100 292 328 333 334 339 -1
41 101 292 293 328 334 339 -1
41 102 293 328 334 339 -1
41 103 293 334 339 -1
41 104 293 334 340 -1
41 105 293 340 -1
42 15 8 49 -1
42 16 3 8 14 49 -1
42 17 3 8 14 50 -1
42 18 3 9 14 50 -1
42 19 3 9 14 50 -1
42 20 3 9 14 50 56 -1
42 21 4 9 14 15 50 56 -1
42 22 4 9 14 15 50 56 -1
42 23 4 9 10 15 51 56 -1
42 24 4 5 10 15 51 56 -1
42 25 5 10 15 51 56 98 -1
42 26 5 10 15 21 51 56 57 98 -1
42 27 5 6 10 11 15 16 21 51 52 56 57 98 -1
42 28 6 11 15 16 21 52 56 57 98 -1
42 29 6 11 12 16 21 52 53 57 98 -1
42 30 6 11 12 16 17 21 52 53 57 58 98 99 -1
42 31 12 13 16 17 21 22 53 54 57 58 63 98 99 -1
42 32 12 13 16 17 21 22 53 54 57 58 63 98 99 -1
42 33 12 13 17 18 21 22 54 55 58 59 63 99 100 -1
42 34 13 17 18 21 22 54 55 58 59 63 99 100 -1
42 35 18 19 21 22 23 55 58 59 60 63 64 99 100 101 105 -1
42 36 18 19 20 21 22 23 55 59 60 61 63 64 100 101 105 -1
42 37 19 20 22 23 24 60 61 63 64 65 100 101 102 105 -1
42 38 19 20 22 23 24 28 60 61 62 63 64 65 101 102 103 105 106 147 -1
42 39 20 23 24 25 28 61 62 63 64 65 66 101 102 103 104 105 106 147 -1
42 40 24 25 26 28 29 62 64 65 66 67 102 103 104 105 106 107 147 148 -1
42 41 25 26 27 28 29 62 65 66 67 68 70 103 104 105 106 107 108 147 148 -1
42 42 25 26 27 28 29 30 66 67 68 69 70 71 104 106 107 108 109 147 148 149 -1
42 43 26 27 28 29 30 31 67 68 69 70 71 106 107 108 109 110 112 147 148 149 150 -1
42 44 27 28 29 30 31 32 33 68 69 70 71 72 108 109 110 111 112 147 148 149 150 151 -1
42 45 30 31 32 33 34 35 69 70 71 72 73 74 109 110 111 112 113 148 149 150 151 152 153 -1
42 46 31 32 33 34 35 36 70 71 72 73 74 75 76 110 111 112 113 114 115 149 150 151 152 153 154 -1
42 47 32 33 34 35 36 37 71 72 73 74 75 76 111 112 113 114 115 116 151 152 153 154 155 -1
42 48 34 35 36 37 38 39 73 74 75 76 77 78 112 113 114 115 116 117 118 152 153 154 155 156 157 196 -1
42 49 35 36 37 38 39 40 41 75 76 77 78 79 113 114 115 116 117 118 154 155 156 157 158 159 196 197 198 -1
42 50 36 37 38 39 40 41 76 77 78 79 80 81 82 115 116 117 118 119 120 154 155 156 157 158 159 160 196 197 198 199 -1
42 51 38 39 40 41 42 77 78 79 80 81 82 83 117 118 119 120 121 122 155 156 157 158 159 160 196 197 198 199 200 201 -1
42 52 40 41 42 43 44 45 78 79 80 81 82 83 119 120 121 122 123 124 125 157 158 159 160 161 162 196 197 198 199 200 201 202 -1
42 53 42 43 44 45 46 47 48 80 81 82 83 84 119 120 121 122 123 124 125 160 161 162 163 164 196 197 198 199 200 201 202 -1
42 54 42 43 44 45 46 47 48 82 83 84 85 86 87 120 121 122 123 124 125 161 162 163 164 165 166 167 199 200 201 202 203 204 -1
42 55 43 44 45 46 47 48 84 85 86 87 88 89 90 123 124 125 126 127 161 162 163 164 165 166 167 202 203 204 205 206 245 -1
42 56 45 46 47 48 84 85 86 87 88 89 90 125 126 127 128 129 130 161 162 163 164 165 166 167 203 204 205 206 207 208 209 245 246 -1
42 57 48 85 86 87 88 89 90 126 127 128 129 130 131 132 165 166 167 168 169 203 204 205 206 207 208 209 245 246 247 248 249 -1
42 58 88 89 90 91 92 126 127 128 129 130 131 132 168 169 170 171 172 203 204 205 206 207 208 209 245 246 247 248 249 250 251 -1
42 59 90 91 92 93 94 95 96 97 127 128 129 130 131 132 168 169 170 171 172 173 174 207 208 209 210 211 212 245 246 247 248 249 250 251 -1
42 60 91 92 93 94 95 96 97 130 131 132 133 134 135 168 169 170 171 172 173 174 210 211 212 213 214 215 245 246 247 248 249 250 251 252 -1
42 61 91 92 93 94 95 96 97 133 134 135 136 137 138 139 170 171 172 173 174 210 211 212 213 214 215 216 250 251 252 253 254 -1
42 62 93 94 95 96 97 133 134 135 136 137 138 139 173 174 175 176 177 210 211 212 213 214 215 216 252 253 254 255 256 257 294 -1
42 63 96 97 133 134 135 136 137 138 139 175 176 177 178 179 180 181 212 213 214 215 216 217 252 253 254 255 256 257 258 294 295 296 297 -1
42 64 97 136 137 138 139 140 175 176 177 178 179 180 181 215 216 217 218 219 252 253 254 255 256 257 258 294 295 296 297 298 299 -1
42 65 138 139 140 141 142 143 175 176 177 178 179 180 181 217 218 219 220 221 222 255 256 257 258 259 260 294 295 296 297 298 299 300 -1
42 66 140 141 142 143 144 145 146 178 179 180 181 182 217 218 219 220 221 222 223 258 259 260 261 262 294 295 296 297 298 299 300 -1
42 67 140 141 142 143 144 145 146 180 181 182 183 184 185 217 218 219 220 221 222 223 259 260 261 262 263 264 297 298 299 300 301 302 -1
42 68 141 142 143 144 145 146 182 183 184 185 186 187 220 221 222 223 224 225 259 260 261 262 263 264 265 300 301 302 303 304 -1
42 69 143 144 145 146 182 183 184 185 186 187 188 222 223 224 225 226 227 260 261 262 263 264 265 266 301 302 303 304 305 306 -1
42 70 144 145 146 183 184 185 186 187 188 224 225 226 227 228 229 263 264 265 266 267 301 302 303 304 305 306 307 -1
42 71 146 185 186 187 188 189 190 224 225 226 227 228 229 230 264 265 266 267 268 269 303 304 305 306 307 308 -1
42 72 187 188 189 190 191 226 227 228 229 230 231 266 267 268 269 270 271 305 306 307 308 309 310 -1
42 73 188 189 190 191 192 193 227 228 229 230 231 232 266 267 268 269 270 271 272 306 307 308 309 310 311 -1
42 74 189 190 191 192 193 194 229 230 231 232 233 268 269 270 271 272 273 307 308 309 310 311 312 -1
42 75 191 192 193 194 195 230 231 232 233 234 270 271 272 273 274 309 310 311 312 313 314 315 -1
42 76 192 193 194 195 230 232 233 234 235 236 271 272 273 274 275 311 312 313 314 315 316 -1
42 77 193 194 195 233 234 235 236 238 271 272 273 274 275 276 312 313 314 315 316 317 -1
42 78 194 195 234 235 236 237 238 239 272 274 275 276 277 280 313 314 315 316 317 -1
42 79 194 195 235 236 237 238 239 240 275 276 277 278 280 313 314 316 317 318 -1
42 80 195 236 237 238 239 240 241 276 277 278 279 280 281 314 317 318 319 322 -1
42 81 195 236 237 239 240 241 277 278 279 280 281 282 314 318 319 320 322 323 -1
42 82 237 240 241 242 277 278 279 281 282 318 319 320 322 323 -1
42 83 237 241 242 278 279 281 282 283 287 319 320 321 322 323 324 -1
42 84 237 241 242 243 278 279 282 283 284 287 319 320 321 323 324 -1
42 85 242 243 279 283 284 287 288 320 321 324 325 329 -1
42 86 242 243 279 283 284 287 288 320 321 324 325 329 330 -1
42 87 243 244 279 284 285 288 289 320 321 325 326 329 330 -1
42 88 243 244 279 284 285 288 289 320 321 325 326 329 330 -1
42 89 243 244 284 285 289 290 321 325 326 330 331 336 -1
42 90 244 285 289 290 321 326 330 331 336 -1
42 91 244 285 286 290 321 326 327 331 336 -1
42 92 244 285 286 290 291 321 326 327 331 332 336 337 -1
42 93 244 285 286 291 321 327 332 337 -1
42 94 244 286 291 327 332 337 -1
42 95 286 291 327 332 337 338 -1
42 96 286 291 327 332 333 338 -1
42 97 286 292 327 328 333 338 -1
42 98 286 292 327 328 333 338 -1
42 99 286 292 328 333 339 -1
42 100 292 328 333 339 -1
42 101 292 328 333 339 -1
42 102 292 328 334 339 -1
42 103 293 328 334 339 -1
42 104 293 334 -1
43 16 3 14 -1
43 17 3 14 50 -1
43 18 3 9 14 50 -1
43 19 3 9 14 50 56 -1
43 20 4 9 14 15 50 56 -1
43 21 4 9 15 50 56 -1
43 22 4 9 15 51 56 -1
43 23 4 10 15 51 56 -1
43 24 4 5 10 15 21 51 56 98 -1
43 25 5 10 15 21 51 56 57 98 -1
43 26 5 10 11 15 16 21 51 52 56 57 98 -1
43 27 5 6 10 11 16 21 52 57 98 -1
43 28 6 11 16 21 52 57 98 -1
43 29 6 11 12 16 21 52 53 57 58 63 98 99 -1
43 30 6 11 12 16 17 21 22 52 53 57 58 63 98 99 -1
43 31 12 13 16 17 21 22 53 54 58 63 99 -1
43 32 12 13 17 21 22 53 54 58 59 63 99 100 -1
43 33 13 17 18 21 22 54 55 58 59 63 99 100 105 -1
43 34 13 17 18 22 23 54 55 58 59 63 64 99 100 105 -1
43 35 18 19 22 23 55 59 60 63 64 100 101 105 -1
43 36 18 19 20 22 23 24 28 55 59 60 61 63 64 100 101 105 -1
43 37 19 20 23 24 28 60 61 63 64 65 101 102 105 106 147 -1
43 38 19 20 23 24 25 28 60 61 62 64 65 101 102 103 105 106 147 -1
43 39 20 24 25 28 29 61 62 64 65 66 70 102 103 104 105 106 107 147 148 -1
43 40 24 25 26 28 29 62 65 66 67 70 102 103 104 105 106 107 147 148 -1
43 41 25 26 27 28 29 30 62 65 66 67 68 70 71 103 104 106 107 108 147 148 149 -1
43 42 26 27 28 29 30 31 66 67 68 69 70 71 104 107 108 109 112 147 148 149 150 -1
43 43 26 27 28 29 30 31 67 68 69 70 71 72 107 108 109 110 112 147 148 149 150 -1
43 44 27 29 30 31 32 33 35 68 69 70 71 72 73 108 109 110 111 112 113 148 149 150 151 154 -1
43 45 30 31 32 33 34 35 69 70 71 72 73 74 109 110 111 112 113 114 149 150 151 152 153 154 -1
43 46 31 32 33 34 35 36 71 72 73 74 75 110 111 112 113 114 115 150 151 152 153 154 155 -1
43 47 32 33 34 35 36 37 72 73 74 75 76 77 111 112 113 114 115 116 151 152 153 154 155 156 196 -1
43 48 34 35 36 37 38 39 74 75 76 77 78 113 114 115 116 117 118 152 153 154 155 156 157 196 197 -1
43 49 35 36 37 38 39 40 75 76 77 78 79 114 115 116 117 118 119 154 155 156 157 158 159 196 197 198 -1
43 50 37 38 39 40 41 76 77 78 79 80 81 116 117 118 119 120 155 156 157 158 159 160 196 197 198 199 200 -1
43 51 38 39 40 41 42 43 77 78 79 80 81 82 83 117 118 119 120 121 122 156 157 158 159 160 161 196 197 198 199 200 201 -1
43 52 39 40 41 42 43 44 79 80 81 82 83 119 120 121 122 123 124 158 159 160 161 162 163 196 197 198 199 200 201 202 -1
43 53 41 42 43 44 45 46 47 80 81 82 83 84 85 119 120 121 122 123 124 125 160 161 162 163 164 198 199 200 201 202 203 -1
43 54 42 43 44 45 46 47 48 82 83 84 85 86 87 121 122 123 124 125 126 161 162 163 164 165 166 200 201 202 203 204 205 -1
43 55 43 44 45 46 47 48 83 84 85 86 87 88 89 123 124 125 126 127 161 162 163 164 165 166 167 202 203 204 205 206 207 245 246 -1
43 56 45 46 47 48 84 85 86 87 88 89 90 124 125 126 127 128 129 163 164 165 166 167 168 203 204 205 206 207 208 209 245 246 247 -1
43 57 47 48 86 87 88 89 90 126 127 128 129 130 131 132 165 166 167 168 169 170 203 204 205 206 207 208 209 245 246 247 248 249 -1
43 58 48 88 89 90 91 92 126 127 128 129 130 131 132 167 168 169 170 171 172 205 206 207 208 209 210 245 246 247 248 249 250 251 -1
43 59 89 90 91 92 93 94 128 129 130 131 132 133 168 169 170 171 172 173 174 208 209 210 211 212 245 246 247 248 249 250 251 -1
43 60 91 92 93 94 95 96 97 130 131 132 133 134 168 169 170 171 172 173 174 209 210 211 212 213 214 248 249 250 251 252 253 -1
43 61 91 92 93 94 95 96 97 132 133 134 135 136 137 170 171 172 173 174 175 210 211 212 213 214 215 216 250 251 252 253 254 294 -1
43 62 93 94 95 96 97 133 134 135 136 137 138 139 172 173 174 175 176 177 210 211 212 213 214 215 216 252 253 254 255 256 294 295 -1
43 63 95 96 97 133 134 135 136 137 138 139 174 175 176 177 178 179 213 214 215 216 217 218 252 253 254 255 256 257 258 294 295 296 297 -1
43 64 96 97 135 136 137 138 139 140 175 176 177 178 179 180 181 215 216 217 218 219 253 254 255 256 257 258 259 294 295 296 297 298 299 -1
43 65 137 138 139 140 141 142 176 177 178 179 180 181 216 217 218 219 220 221 255 256 257 258 259 260 294 295 296 297 298 299 300 -1
43 66 139 140 141 142 143 144 178 179 180 181 182 217 218 219 220 221 222 223 257 258 259 260 261 262 295 296 297 298 299 300 301 -1
43 67 140 141 142 143 144 145 146 179 180 181 182 183 184 218 219 220 221 222 223 259 260 261 262 263 298 299 300 301 302 303 -1
43 68 141 142 143 144 145 146 181 182 183 184 185 186 220 221 222 223 224 225 259 260 261 262 263 264 265 299 300 301 302 303 304 -1
43 69 142 143 144 145 146 182 183 184 185 186 187 222 223 224 225 226 261 262 263 264 265 266 301 302 303 304 305 -1
43 70 144 145 146 183 184 185 186 187 188 223 224 225 226 227 228 263 264 265 266 267 302 303 304 305 306 307 -1
43 71 145 146 185 186 187 188 189 190 224 225 226 227 228 229 264 265 266 267 268 303 304 305 306 307 308 -1
43 72 146 186 187 188 189 190 191 226 227 228 229 230 231 265 266 267 268 269 270 305 306 307 308 309 310 -1
43 73 187 188 189 190 191 192 227 228 229 230 231 232 267 268 269 270 271 306 307 308 309 310 311 -1
43 74 188 189 190 191 192 193 228 229 230 231 232 233 268 269 270 271 272 273 307 308 309 310 311 312 -1
43 75 188 191 192 193 194 229 230 231 232 233 234 269 270 271 272 273 274 307 309 310 311 312 313 315 -1
43 76 192 193 194 195 230 232 233 234 235 270 271 272 273 274 275 311 312 313 314 315 316 -1
43 77 192 193 194 195 230 233 234 235 238 271 272 273 274 275 276 311 312 313 314 315 316 -1
43 78 193 194 195 234 235 236 238 239 271 272 274 275 276 277 280 312 313 314 315 316 317 -1
43 79 194 195 235 236 237 238 239 240 272 275 276 277 280 313 314 316 317 318 -1
43 80 194 195 235 236 237 238 239 240 272 276 277 278 280 281 313 314 317 318 322 -1
43 81 195 236 237 239 240 241 277 278 280 281 282 314 317 318 319 322 323 -1
43 82 195 236 237 240 241 277 278 279 281 282 314 318 319 322 323 -1
43 83 237 241 242 278 279 281 282 283 287 314 318 319 320 322 323 324 -1
43 84 237 241 242 278 279 282 283 287 319 320 323 324 -1
43 85 237 242 243 278 279 283 284 287 288 319 320 324 325 329 -1
43 86 237 242 243 279 283 284 287 288 320 321 324 325 329 -1
43 87 242 243 279 283 284 288 289 320 321 325 329 330 -1
43 88 243 279 284 288 289 320 321 325 326 329 330 -1
43 89 243 244 279 284 285 289 290 320 321 325 326 330 331 336 -1
43 90 243 244 279 284 285 289 290 321 326 330 331 336 -1
43 91 244 285 290 321 326 331 336 -1
43 92 244 285 290 321 326 331 332 336 337 -1
43 93 244 285 286 290 291 321 326 327 331 332 337 -1
43 94 244 285 286 291 321 327 332 337 -1
43 95 244 286 291 321 327 332 337 338 -1
43 96 286 291 327 332 338 -1
43 97 286 291 327 333 338 -1
43 98 286 292 327 333 338 -1
43 99 286 292 327 328 333 338 -1
43 100 286 292 328 333 339 -1
43 101 292 328 333 339 -1
43 102 292 328 339 -1
43 103 328 339 -1
44 17 3 9 14 50 -1
44 18 3 9 14 50 -1
44 19 4 9 15 50 56 -1
44 20 4 9 15 50 56 -1
44 21 4 9 15 51 56 -1
44 22 4 10 15 21 51 56 -1
44 23 4 10 15 21 51 56 98 -1
44 24 5 10 15 21 51 56 57 98 -1
44 25 5 10 15 16 21 51 52 57 98 -1
44 26 5 10 11 16 21 52 57 98 -1
44 27 5 6 11 16 21 52 57 63 98 -1
44 28 6 11 16 21 22 52 57 58 63 98 99 -1
44 29 6 11 12 16 17 21 22 52 53 57 58 63 98 99 -1
44 30 6 12 16 17 21 22 53 58 63 99 -1
44 31 12 13 17 21 22 53 54 58 63 99 -1
44 32 12 13 17 18 22 53 54 58 59 63 64 99 100 105 -1
44 33 13 17 18 22 23 28 54 55 58 59 63 64 99 100 105 -1
44 34 13 18 19 22 23 28 54 55 59 60 63 64 100 101 105 -1
44 35 18 19 22 23 28 55 59 60 63 64 100 101 105 147 -1
44 36 19 20 23 24 28 55 60 61 64 65 101 102 105 106 147 -1
44 37 19 20 23 24 28 60 61 64 65 70 101 102 105 106 147 -1
44 38 20 24 25 28 29 60 61 62 64 65 66 70 101 102 103 105 106 107 147 148 -1
44 39 20 24 25 28 29 61 62 65 66 70 102 103 104 106 107 147 148 -1
44 40 25 26 28 29 30 62 65 66 67 70 71 103 104 106 107 108 147 148 -1
44 41 25 26 27 28 29 30 62 66 67 68 70 71 103 104 107 108 112 147 148 149 -1
44 42 26 27 29 30 31 66 67 68 69 70 71 72 104 107 108 109 112 148 149 150 -1
44 43 26 27 29 30 31 32 35 67 68 69 70 71 72 108 109 110 112 113 148 149 150 151 154 -1
44 44 27 30 31 32 35 68 69 70 71 72 73 109 110 111 112 113 149 150 151 154 -1
44 45 31 32 33 34 35 36 69 71 72 73 74 77 109 110 111 112 113 114 150 151 152 154 155 -1
44 46 32 33 34 35 36 37 69 72 73 74 75 77 110 111 112 113 114 115 151 152 153 154 155 196 -1
44 47 33 34 35 36 37 73 74 75 76 77 78 111 113 114 115 116 151 152 153 154 155 156 196 197 -1
44 48 33 34 35 36 37 38 74 75 76 77 78 79 114 115 116 117 119 152 153 154 155 156 157 196 197 198 -1
44 49 34 36 37 38 39 40 75 76 77 78 79 80 115 116 117 118 119 120 153 155 156 157 158 159 196 197 198 199 -1
44 50 37 38 39 40 41 42 76 77 78 79 80 81 116 117 118 119 120 121 156 157 158 159 160 161 196 197 198 199 200 -1
44 51 38 39 40 41 42 43 78 79 80 81 82 117 118 119 120 121 122 157 158 159 160 161 162 197 198 199 200 201 -1
44 52 39 40 41 42 43 44 79 80 81 82 83 84 118 119 120 121 122 123 158 159 160 161 162 163 198 199 200 201 202 203 -1
44 53 41 42 43 44 45 46 81 82 83 84 85 120 121 122 123 124 125 159 160 161 162 163 164 199 200 201 202 203 204 -1
44 54 42 43 44 45 46 47 48 82 83 84 85 86 87 122 123 124 125 126 161 162 163 164 165 166 201 202 203 204 205 245 -1
44 55 44 45 46 47 48 83 84 85 86 87 88 123 124 125 126 127 162 163 164 165 166 167 202 203 204 205 206 207 245 246 -1
44 56 45 46 47 48 84 85 86 87 88 89 90 124 125 126 127 128 129 164 165 166 167 168 169 203 204 205 206 207 208 245 246 247 248 -1
44 57 46 47 48 86 87 88 89 90 91 125 126 127 128 129 130 131 165 166 167 168 169 170 204 205 206 207 208 209 210 245 246 247 248 249 -1
44 58 48 88 89 90 91 92 127 128 129 130 131 132 167 168 169 170 171 206 207 208 209 210 211 245 246 247 248 249 250 251 -1
44 59 89 90 91 92 93 94 128 129 130 131 132 133 168 169 170 171 172 173 208 209 210 211 212 247 248 249 250 251 252 -1
44 60 90 91 92 93 94 95 130 131 132 133 134 169 170 171 172 173 174 209 210 211 212 213 214 248 249 250 251 252 253 -1
44 61 91 92 93 94 95 96 97 131 132 133 134 135 136 171 172 173 174 175 210 211 212 213 214 215 250 251 252 253 254 294 -1
44 62 93 94 95 96 97 132 133 134 135 136 137 138 172 173 174 175 176 177 211 212 213 214 215 216 217 251 252 253 254 255 256 294 295 296 -1
44 63 94 95 96 97 134 135 136 137 138 139 173 174 175 176 177 178 213 214 215 216 217 218 252 253 254 255 256 257 258 294 295 296 297 -1
44 64 96 97 135 136 137 138 139 140 175 176 177 178 179 180 215 216 217 218 219 254 255 256 257 258 259 294 295 296 297 298 -1
44 65 97 137 138 139 140 141 176 177 178 179 180 181 216 217 218 219 220 255 256 257 258 259 260 294 295 296 297 298 299 300 -1
44 66 138 139 140 141 142 143 178 179 180 181 182 183 217 218 219 220 221 222 257 258 259 260 261 296 297 298 299 300 301 -1
44 67 139 140 141 142 143 144 179 180 181 182 183 184 219 220 221 222 223 224 258 259 260 261 262 263 298 299 300 301 302 303 -1
44 68 141 142 143 144 145 180 181 182 183 184 185 220 221 222 223 224 225 260 261 262 263 264 299 300 301 302 303 304 -1
44 69 142 143 144 145 146 181 182 183 184 185 186 221 222 223 224 225 226 261 262 263 264 265 266 300 301 302 303 304 305 -1
44 70 143 144 145 146 183 184 185 186 187 189 222 223 224 225 226 227 262 263 264 265 266 267 302 303 304 305 306 308 -1
44 71 144 145 146 185 186 187 188 189 190 223 225 226 227 228 263 264 265 266 267 268 304 305 306 307 308 309 -1
44 72 145 146 186 187 188 189 190 191 226 227 228 229 231 264 265 266 267 268 269 305 306 307 308 309 -1
44 73 146 187 188 189 190 191 227 228 229 230 231 232 265 267 268 269 270 273 305 306 307 308 309 310 -1
44 74 187 188 190 191 192 228 229 230 231 232 233 265 268 269 270 271 273 306 307 308 309 310 311 -1
44 75 188 191 192 193 229 230 231 232 233 269 270 271 272 273 274 307 310 311 312 315 -1
44 76 188 191 192 193 194 229 230 232 233 234 270 271 272 273 274 275 307 310 311 312 313 315 316 -1
44 77 192 193 194 230 233 234 235 238 270 271 272 273 274 275 276 311 312 313 315 316 -1
44 78 193 194 195 230 234 235 238 239 271 272 274 275 276 280 312 313 314 315 316 317 -1
44 79 194 195 234 235 236 238 239 271 272 275 276 277 280 312 313 314 316 317 -1
44 80 194 195 235 236 238 239 240 272 276 277 280 281 313 314 317 318 322 -1
44 81 194 195 235 236 237 239 240 241 272 276 277 278 280 281 282 313 314 317 318 322 -1
44 82 195 236 237 240 241 272 277 278 281 282 314 318 319 322 323 -1
44 83 195 236 237 240 241 277 278 281 282 287 314 318 319 322 323 -1
44 84 195 237 241 242 278 279 282 283 287 314 319 320 323 324 -1
44 85 237 241 242 278 279 282 283 287 288 314 319 320 323 324 329 -1
44 86 237 242 243 278 279 283 284 287 288 314 319 320 324 325 329 -1
44 87 237 242 243 278 279 283 284 288 289 320 324 325 329 330 -1
44 88 243 279 284 288 289 320 321 325 329 330 -1
44 89 243 279 284 289 320 321 325 326 330 336 -1
44 90 243 244 279 284 285 289 290 320 321 325 326 330 331 336 -1
44 91 243 244 279 284 285 290 320 321 326 331 336 -1
44 92 244 279 285 290 321 326 331 336 337 -1
44 93 244 285 290 321 326 331 332 337 -1
44 94 244 285 290 291 321 326 327 332 337 -1
44 95 244 285 286 291 321 327 332 337 -1
44 96 244 286 291 321 327 332 338 -1
44 97 286 291 321 327 332 338 -1
44 98 286 291 327 333 338 -1
44 99 286 292 327 333 338 -1
44 100 286 292 327 333 338 -1
44 101 292 328 333 339 -1
44 102 292 328 333 339 -1
45 18 9 50 -1
45 19 4 9 15 50 56 -1
45 20 4 9 15 51 56 -1
45 21 4 10 15 21 51 56 -1
45 22 4 10 15 21 51 56 98 -1
45 23 5 10 15 21 51 57 98 -1
45 24 5 10 16 21 51 57 98 -1
45 25 5 10 16 21 52 57 98 -1
45 26 5 11 16 21 52 57 63 98 -1
45 27 6 11 16 21 22 52 57 63 98 99 -1
45 28 6 11 16 17 21 22 52 57 58 63 99 -1
45 29 6 11 12 17 22 53 58 63 99 -1
45 30 6 12 17 22 53 58 63 99 105 -1
45 31 12 13 17 22 28 53 54 58 59 63 64 99 100 105 -1
45 32 12 13 17 18 22 23 28 53 54 58 59 63 64 100 105 -1
45 33 13 18 22 23 28 54 55 59 63 64 100 105 -1
45 34 13 18 19 23 28 54 55 59 60 64 100 101 105 147 -1
45 35 18 19 23 24 28 55 59 60 64 65 100 101 105 106 147 -1
45 36 19 20 23 24 28 29 55 60 61 64 65 70 101 102 105 106 147 -1
45 37 19 20 23 24 28 29 60 61 64 65 70 101 102 105 106 147 -1
45 38 20 24 25 28 29 61 62 65 66 70 102 103 106 107 147 148 -1
45 39 20 24 25 28 29 30 61 62 65 66 70 71 102 103 106 107 112 147 148 -1
45 40 25 26 28 29 30 62 66 67 70 71 103 104 107 108 112 147 148 149 -1
45 41 25 26 27 29 30 35 62 66 67 68 70 71 103 104 107 108 112 148 149 -1
45 42 26 27 29 30 31 35 67 68 70 71 72 104 108 109 112 113 148 149 150 154 -1
45 43 26 27 30 31 32 35 67 68 69 71 72 104 108 109 110 112 113 149 150 151 154 -1
45 44 27 31 32 35 36 68 69 71 72 73 77 109 110 111 112 113 114 149 150 151 154 155 -1
45 45 31 32 33 35 36 69 72 73 74 77 109 110 111 112 113 114 150 151 152 154 155 196 -1
45 46 32 33 34 35 36 37 69 72 73 74 75 77 78 110 111 113 114 115 151 152 153 154 155 156 196 197 -1
45 47 33 34 35 36 37 38 73 74 75 76 77 78 111 114 115 116 119 152 153 154 155 156 157 196 197 -1
45 48 33 34 36 37 38 74 75 76 77 78 79 114 115 116 117 119 120 152 153 155 156 157 196 197 198 -1
45 49 34 37 38 39 42 75 76 77 78 79 80 115 116 117 118 119 120 153 156 157 158 161 196 197 198 199 -1
45 50 38 39 40 41 42 43 76 78 79 80 81 116 117 118 119 120 121 157 158 159 161 162 197 198 199 200 -1
45 51 38 39 40 41 42 43 76 79 80 81 82 84 117 118 119 120 121 122 157 158 159 160 161 162 198 199 200 201 203 -1
45 52 39 40 41 42 43 44 80 81 82 83 84 85 118 120 121 122 123 158 159 160 161 162 163 199 200 201 202 203 204 -1
45 53 40 41 42 43 44 45 81 82 83 84 85 121 122 123 124 126 159 160 161 162 163 164 200 201 202 203 204 245 -1
45 54 41 43 44 45 46 47 82 83 84 85 86 122 123 124 125 126 127 160 162 163 164 165 201 202 203 204 205 245 246 -1
45 55 44 45 46 47 48 83 84 85 86 87 88 123 124 125 126 127 128 163 164 165 166 167 168 202 203 204 205 206 207 245 246 247 -1
45 56 45 46 47 48 85 86 87 88 89 124 125 126 127 128 129 164 165 166 167 168 169 204 205 206 207 208 245 246 247 248 -1
45 57 46 47 48 86 87 88 89 90 91 125 126 127 128 129 130 165 166 167 168 169 170 205 206 207 208 209 210 245 246 247 248 249 -1
45 58 47 48 87 88 89 90 91 92 127 128 129 130 131 133 166 167 168 169 170 171 206 207 208 209 210 211 246 247 248 249 250 252 -1
45 59 48 89 90 91 92 93 129 130 131 132 133 167 168 169 170 171 172 207 208 209 210 211 212 247 248 249 250 251 252 -1
45 60 90 91 92 93 94 95 130 131 132 133 134 135 170 171 172 173 174 175 209 210 211 212 213 249 250 251 252 253 294 -1
45 61 90 92 93 94 95 96 131 132 133 134 135 136 171 172 173 174 175 176 209 211 212 213 214 215 250 251 252 253 254 255 294 295 -1
45 62 93 94 95 96 97 132 133 134 135 136 137 172 173 174 175 176 177 212 213 214 215 216 217 251 252 253 254 255 256 294 295 296 -1
45 63 94 95 96 97 134 135 136 137 138 173 174 175 176 177 178 213 214 215 216 217 218 253 254 255 256 257 294 295 296 297 -1
45 64 95 96 97 135 136 137 138 139 140 174 175 176 177 178 179 214 215 216 217 218 219 254 255 256 257 258 259 294 295 296 297 298 -1
45 65 96 97 137 138 139 140 141 177 178 179 180 182 215 216 217 218 219 220 256 257 258 259 260 295 296 297 298 299 301 -1
45 66 97 138 139 140 141 142 178 179 180 181 182 183 216 218 219 220 221 257 258 259 260 261 297 298 299 300 301 302 -1
45 67 138 139 140 141 142 143 179 180 181 182 183 184 219 220 221 222 224 257 258 259 260 261 262 298 299 300 301 302 303 -1
45 68 139 141 142 143 144 180 181 182 183 184 185 220 221 222 223 224 225 258 260 261 262 263 266 299 300 301 302 303 304 -1
45 69 142 143 144 145 180 181 183 184 185 221 222 223 224 225 226 261 262 263 264 266 299 300 301 302 303 304 -1
45 70 143 144 145 146 181 184 185 186 189 222 223 224 225 226 227 262 263 264 265 266 267 300 303 304 305 308 -1
45 71 144 145 146 185 186 187 189 190 222 223 225 226 227 228 263 264 265 266 267 268 304 305 306 308 309 -1
45 72 145 146 185 186 187 188 189 190 223 226 227 228 231 264 265 266 267 268 269 304 305 306 307 308 309 -1
45 73 145 146 186 187 188 189 190 191 227 228 229 231 232 264 265 267 268 269 270 273 305 306 307 308 309 310 -1
45 74 146 187 188 190 191 192 228 229 230 231 232 233 265 268 269 270 273 306 307 309 310 311 -1
45 75 187 188 191 192 193 228 229 230 231 232 233 265 269 270 271 273 274 306 307 310 311 315 -1
45 76 188 191 192 193 229 230 232 233 234 238 270 271 273 274 275 307 310 311 312 315 316 -1
45 77 188 192 193 194 229 230 233 234 238 270 271 272 274 275 307 311 312 313 315 316 -1
45 78 193 194 230 234 235 238 239 271 272 274 275 276 280 307 312 313 315 316 317 -1
45 79 193 194 195 230 234 235 238 239 271 272 275 276 280 312 313 314 316 317 -1
45 80 194 195 230 235 236 239 240 271 272 276 277 280 281 312 313 314 317 318 322 -1
45 81 194 195 235 236 239 240 272 276 277 280 281 313 314 317 318 322 -1
45 82 195 236 237 240 241 272 277 278 281 282 313 314 318 319 322 323 -1
45 83 195 236 237 240 241 272 277 278 281 282 287 313 314 318 319 322 323 -1
45 84 195 236 237 241 242 277 278 282 283 287 314 318 319 323 324 -1
45 85 195 237 241 242 278 282 283 287 288 314 319 323 324 329 -1
45 86 237 242 278 279 283 287 288 314 319 320 324 329 -1
45 87 237 242 278 279 283 284 288 289 314 319 320 324 325 329 330 -1
45 88 237 242 243 278 279 283 284 288 289 314 320 325 329 330 -1
45 89 237 243 279 284 289 320 325 330 336 -1
45 90 243 279 284 289 320 325 330 331 336 -1
45 91 243 279 284 285 290 320 321 325 326 331 336 -1
45 92 243 244 279 285 290 320 321 326 331 336 -1
45 93 244 279 285 290 321 326 331 337 -1
45 94 244 285 290 321 326 332 337 -1
45 95 244 285 291 321 326 332 337 -1
45 96 244 285 291 321 327 332 337 -1
45 97 244 286 291 321 327 332 338 -1
45 98 286 291 321 327 332 338 -1
45 99 286 291 327 333 338 -1
45 100 286 292 327 333 338 -1
45 101 292 333 -1
46 19 4 15 56 -1
46 20 4 15 51 56 -1
46 21 4 10 15 21 51 56 98 -1
46 22 4 10 15 21 51 57 98 -1
46 23 5 10 16 21 51 57 98 -1
46 24 5 10 16 21 52 57 98 -1
46 25 5 11 16 21 52 57 63 98 -1
46 26 5 6 11 16 21 22 52 57 63 98 99 -1
46 27 6 11 16 22 52 57 58 63 99 -1
46 28 6 11 17 22 52 53 58 63 99 -1
46 29 6 11 12 17 22 28 53 58 63 99 105 -1
46 30 12 17 22 28 53 58 63 64 99 100 105 -1
46 31 12 17 18 22 23 28 53 54 58 59 63 64 100 105 -1
46 32 12 13 17 18 22 23 28 54 59 64 100 105 -1
46 33 13 18 23 28 54 59 64 100 105 147 -1
46 34 13 18 19 23 28 54 55 59 60 64 65 70 100 101 105 106 147 -1
46 35 13 18 19 23 24 28 29 55 60 64 65 70 101 105 106 147 -1
46 36 19 20 24 28 29 55 60 61 65 70 101 102 106 147 -1
46 37 19 20 24 25 28 29 55 60 61 65 66 70 101 102 106 107 147 148 -1
46 38 20 24 25 28 29 30 61 62 65 66 70 71 102 103 106 107 112 147 148 -1
46 39 20 25 29 30 35 61 62 66 70 71 102 103 107 112 148 -1
46 40 25 26 29 30 35 62 66 67 70 71 103 104 107 108 112 148 149 -1
46 41 25 26 27 29 30 31 35 62 66 67 68 70 71 72 103 104 107 108 112 113 148 149 154 -1
46 42 26 27 30 31 35 67 68 71 72 104 108 109 112 113 149 150 154 -1
46 43 26 27 30 31 32 35 36 67 68 69 71 72 73 77 104 108 109 110 112 113 114 149 150 151 154 -1
46 44 27 31 32 35 36 68 69 72 73 77 109 110 112 113 114 150 151 154 155 196 -1
46 45 31 32 33 35 36 37 69 72 73 74 77 78 109 110 111 113 114 115 150 151 152 154 155 196 -1
46 46 32 33 34 35 36 37 69 73 74 75 77 78 110 111 114 115 119 151 152 153 154 155 156 196 197 -1
46 47 33 34 36 37 38 73 74 75 77 78 79 111 114 115 116 119 152 153 155 156 157 196 197 -1
46 48 33 34 36 37 38 42 74 75 76 77 78 79 111 115 116 117 119 120 152 153 155 156 157 161 196 197 198 -1
46 49 34 37 38 39 42 75 76 78 79 80 116 117 118 119 120 121 153 156 157 158 161 197 198 199 -1
46 50 38 39 40 42 43 75 76 78 79 80 81 84 116 117 118 119 120 121 157 158 159 161 162 197 198 199 200 203 -1
46 51 39 40 41 42 43 44 76 79 80 81 82 84 117 118 120 121 122 158 159 160 161 162 163 198 199 200 203 -1
46 52 39 40 41 42 43 44 80 81 82 83 84 85 118 120 121 122 123 126 158 159 160 161 162 163 199 200 201 203 204 245 -1
46 53 40 41 43 44 45 81 82 83 84 85 86 118 121 122 123 124 126 159 160 162 163 164 200 201 202 203 204 205 245 -1
46 54 41 44 45 46 82 83 84 85 86 87 122 123 124 125 126 127 160 162 163 164 165 168 201 202 203 204 205 206 245 246 -1
46 55 44 45 46 47 82 83 85 86 87 123 124 125 126 127 128 163 164 165 166 168 201 202 204 205 206 245 246 247 -1
46 56 45 46 47 48 83 86 87 88 91 124 125 126 127 128 129 164 165 166 167 168 169 202 205 206 207 210 245 246 247 248 -1
46 57 46 47 48 87 88 89 90 91 92 125 127 128 129 130 165 166 167 168 169 170 206 207 208 210 211 246 247 248 249 -1
46 58 47 48 88 89 90 91 92 125 128 129 130 131 133 166 167 168 169 170 171 207 208 209 210 211 247 248 249 250 252 -1
46 59 48 88 89 90 91 92 93 129 130 131 132 133 134 167 169 170 171 172 207 208 209 210 211 212 248 249 250 251 252 253 -1
46 60 89 90 91 92 93 94 130 131 132 133 134 135 170 171 172 173 175 208 209 210 211 212 213 249 250 251 252 253 254 294 -1
46 61 90 92 93 94 95 131 132 133 134 135 171 172 173 174 175 176 209 211 212 213 214 217 250 251 252 253 254 294 295 -1
46 62 93 94 95 96 131 132 134 135 136 172 173 174 175 176 177 212 213 214 215 217 250 251 252 253 254 255 294 295 296 -1
46 63 94 95 96 97 132 135 136 137 140 173 174 175 176 177 178 213 214 215 216 217 218 251 254 255 256 259 294 295 296 297 -1
46 64 95 96 97 136 137 138 140 141 174 176 177 178 179 214 215 216 217 218 219 255 256 257 259 260 295 296 297 298 -1
46 65 96 97 136 137 138 139 140 141 174 177 178 179 180 182 215 216 217 218 219 220 255 256 257 258 259 260 296 297 298 301 -1
46 66 97 137 138 139 140 141 142 178 179 180 182 183 216 218 219 220 221 224 256 257 258 259 260 261 297 298 299 301 302 -1
46 67 97 138 139 141 142 143 179 180 181 182 183 184 216 219 220 221 222 224 257 258 259 260 261 262 298 299 300 301 302 303 -1
46 68 139 142 143 144 179 180 181 182 183 184 220 221 222 224 225 258 260 261 262 263 266 298 299 300 301 302 303 -1
46 69 139 142 143 144 145 180 181 183 184 185 221 222 223 224 225 226 258 261 262 263 264 266 267 299 300 302 303 304 -1
46 70 143 144 145 181 184 185 186 189 221 222 223 224 225 226 262 263 264 266 267 300 303 304 305 308 -1
46 71 144 145 146 181 185 186 187 189 190 222 223 225 226 227 231 263 264 265 266 267 268 300 304 305 306 308 309 -1
46 72 145 146 185 186 187 189 190 223 226 227 228 231 263 264 265 267 268 269 304 305 306 308 309 -1
46 73 145 146 186 187 188 189 190 191 223 227 228 231 232 264 265 267 268 269 273 305 306 307 308 309 310 -1
46 74 146 187 188 190 191 192 227 228 229 231 232 233 264 265 268 269 270 273 305 306 307 309 310 311 -1
46 75 146 187 188 191 192 228 229 230 232 233 265 269 270 273 274 306 307 310 311 315 -1
46 76 188 191 192 193 228 229 230 232 233 234 238 265 269 270 271 273 274 275 306 307 310 311 312 315 316 -1
46 77 188 192 193 229 230 233 234 238 270 271 274 275 307 311 312 315 316 -1
46 78 188 193 194 229 230 234 235 238 239 270 271 272 274 275 276 280 307 311 312 313 315 316 317 -1
46 79 193 194 230 234 235 238 239 271 272 275 276 280 307 312 313 316 317 -1
46 80 194 230 235 239 240 271 272 276 280 281 307 312 313 317 322 -1
46 81 194 195 230 235 236 239 240 271 272 276 277 280 281 312 313 314 317 318 322 -1
46 82 194 195 235 236 240 241 272 276 277 281 282 287 313 314 317 318 322 323 -1
46 83 195 236 240 241 272 277 281 282 287 313 314 318 322 323 -1
46 84 195 236 237 241 272 277 278 282 287 313 314 318 319 323 324 329 -1
46 85 195 236 237 241 242 272 277 278 282 283 287 288 314 319 323 324 329 -1
46 86 195 237 242 278 283 288 314 319 324 329 -1
46 87 237 242 278 283 288 314 319 320 324 325 329 330 -1
46 88 237 242 278 279 283 284 288 289 314 319 320 324 325 330 -1
46 89 237 242 243 278 279 284 289 314 320 325 330 -1
46 90 237 243 279 284 289 314 320 325 330 331 336 -1
46 91 243 279 284 289 290 320 325 331 336 -1
46 92 243 279 284 285 290 320 326 331 336 -1
46 93 243 244 279 285 290 320 321 326 331 336 337 -1
46 94 244 279 285 290 321 326 331 337 -1
46 95 244 285 290 321 326 332 337 -1
46 96 244 285 291 321 326 332 337 -1
46 97 244 285 291 321 327 332 338 -1
46 98 244 286 291 321 327 332 338 -1
46 99 286 291 327 338 -1
46 100 286 327 338 -1
47 20 15 51 -1
47 21 10 15 21 51 98 -1
47 22 5 10 16 21 51 57 98 -1
47 23 5 10 16 21 51 57 98 -1
47 24 5 10 11 16 21 52 57 63 98 -1
47 25 5 11 16 22 52 57 63 98 99 -1
47 26 5 6 11 16 22 52 58 63 99 -1
47 27 6 11 17 22 52 58 63 99 -1
47 28 6 11 12 17 22 28 53 58 63 99 105 -1
47 29 6 12 17 22 28 53 58 63 64 99 105 -1
47 30 12 17 22 23 28 53 58 59 64 99 100 105 -1
47 31 12 17 18 23 28 53 54 59 64 100 105 -1
47 32 12 13 18 23 28 54 59 64 70 100 105 147 -1
47 33 13 18 23 28 29 54 59 64 65 70 100 101 105 106 147 -1
47 34 13 18 19 23 24 28 29 54 55 59 60 64 65 70 101 105 106 147 -1
47 35 13 19 24 28 29 55 60 65 70 101 106 147 -1
47 36 19 24 29 55 60 61 65 70 101 102 106 107 112 147 148 -1
47 37 19 20 24 25 29 30 55 60 61 65 66 70 71 101 102 106 107 112 147 148 -1
47 38 20 24 25 29 30 35 61 62 66 70 71 102 103 107 112 148 -1
47 39 20 25 29 30 35 61 62 66 67 70 71 102 103 107 108 112 148 149 -1
47 40 20 25 26 30 35 62 66 67 71 72 103 104 107 108 112 113 148 149 154 -1
47 41 26 27 30 31 35 62 67 68 71 72 77 103 104 108 109 112 113 149 150 154 -1
47 42 26 27 30 31 35 36 67 68 71 72 77 104 108 109 112 113 149 150 154 -1
47 43 26 27 31 32 35 36 68 69 72 73 77 104 109 110 113 114 150 151 154 155 196 -1
47 44 27 31 32 35 36 68 69 72 73 77 78 109 110 113 114 119 150 151 154 155 196 -1
47 45 27 32 33 35 36 37 69 73 74 77 78 110 111 113 114 115 119 150 151 152 154 155 156 196 197 -1
47 46 32 33 34 36 37 42 69 73 74 77 78 110 111 114 115 119 151 152 153 155 156 196 197 -1
47 47 33 34 36 37 38 42 74 75 77 78 79 111 115 116 119 120 152 153 155 156 157 161 196 197 198 -1
47 48 33 34 37 38 42 74 75 76 78 79 111 115 116 117 119 120 152 153 156 157 161 197 198 -1
47 49 34 38 39 42 43 75 76 78 79 80 84 116 117 119 120 121 153 156 157 158 161 162 197 198 199 203 -1
47 50 38 39 40 42 43 75 76 79 80 81 84 116 117 118 120 121 153 157 158 159 161 162 198 199 200 203 -1
47 51 39 40 41 42 43 44 76 80 81 84 85 117 118 120 121 122 126 158 159 160 161 162 163 198 199 200 203 204 245 -1
47 52 39 40 41 43 44 45 80 81 82 84 85 118 121 122 123 126 158 159 160 161 162 163 199 200 201 203 204 245 -1
47 53 40 41 43 44 45 81 82 83 84 85 86 118 122 123 124 126 127 159 160 162 163 164 168 200 201 202 203 204 205 245 246 -1
47 54 41 44 45 46 82 83 84 85 86 87 122 123 124 126 127 160 163 164 165 168 200 201 202 203 204 205 206 245 246 -1
47 55 41 45 46 47 82 83 85 86 87 91 123 124 125 126 127 128 160 164 165 166 168 169 201 202 204 205 206 210 245 246 247 -1
47 56 45 46 47 48 83 86 87 88 91 124 125 127 128 129 164 165 166 167 168 169 202 205 206 207 210 246 247 248 -1
47 57 46 47 48 87 88 89 91 92 124 125 127 128 129 133 165 166 167 168 169 170 202 206 207 208 210 211 246 247 248 252 -1
47 58 47 48 88 89 90 91 92 93 125 128 129 130 133 166 167 169 170 171 207 208 209 210 211 212 247 248 249 252 -1
47 59 48 88 89 90 91 92 93 129 130 131 133 134 167 170 171 172 175 207 208 209 210 211 212 248 249 250 252 253 294 -1
47 60 48 89 90 92 93 94 130 131 132 133 134 135 167 170 171 172 175 208 209 211 212 213 249 250 251 252 253 254 294 -1
47 61 90 93 94 95 130 131 132 133 134 135 171 172 173 175 176 209 212 213 214 217 249 250 251 252 253 254 294 295 -1
47 62 90 94 95 96 131 132 134 135 136 140 172 173 174 175 176 177 209 213 214 215 217 218 250 251 253 254 255 294 295 296 -1
47 63 94 95 96 132 135 136 137 140 173 174 175 176 177 178 213 214 215 217 218 251 254 255 256 259 294 295 296 297 -1
47 64 95 96 97 132 136 137 138 140 141 173 174 176 177 178 182 214 215 216 217 218 219 251 255 256 257 259 260 295 296 297 301 -1
47 65 96 97 136 137 138 139 140 141 142 174 177 178 179 182 215 216 218 219 220 255 256 257 258 259 260 296 297 298 301 -1
47 66 96 97 137 138 139 140 141 142 174 178 179 180 182 183 215 216 218 219 220 224 256 257 258 259 260 261 297 298 299 301 302 -1
47 67 97 138 139 141 142 143 179 180 181 182 183 184 216 219 220 221 224 257 258 260 261 262 297 298 299 301 302 303 -1
47 68 97 138 139 142 143 144 179 180 181 182 183 184 216 220 221 222 224 225 257 258 261 262 266 298 299 300 301 302 303 -1
47 69 139 142 143 144 180 181 183 184 185 189 221 222 224 225 226 258 261 262 263 266 267 299 300 302 303 304 -1
47 70 139 143 144 145 180 181 184 185 186 189 221 222 223 225 226 258 262 263 264 266 267 299 300 303 304 308 -1
47 71 144 145 181 185 186 189 190 222 223 225 226 227 231 263 264 266 267 268 300 304 305 308 309 -1
47 72 144 145 146 181 185 186 187 189 190 222 223 226 227 231 263 264 265 267 268 300 304 305 306 308 309 -1
47 73 145 146 186 187 189 190 191 223 227 228 231 232 264 265 268 269 273 300 305 306 308 309 310 -1
47 74 145 146 186 187 188 190 191 192 223 227 228 229 231 232 264 265 268 269 273 305 306 307 309 310 315 -1
47 75 146 187 188 191 192 223 228 229 232 233 264 265 269 270 273 274 306 307 310 311 315 -1
47 76 146 187 188 191 192 228 229 232 233 238 265 269 270 273 274 306 307 310 311 315 316 -1
47 77 188 192 193 229 230 233 234 238 265 270 271 274 275 306 307 311 312 315 316 -1
47 78 188 192 193 229 230 233 234 238 239 265 270 271 274 275 280 307 311 312 315 316 -1
47 79 188 193 194 229 230 234 235 238 239 270 271 275 276 280 307 312 316 317 322 -1
47 80 193 194 230 234 235 239 240 271 272 275 276 280 281 307 312 313 317 322 -1
47 81 194 230 235 239 240 271 272 276 280 281 307 312 313 317 318 322 -1
47 82 194 195 230 235 236 240 241 271 272 276 277 281 282 287 312 313 317 318 322 323 -1
47 83 194 195 230 235 236 240 241 272 277 281 282 287 313 318 323 -1
47 84 195 236 241 272 277 282 287 313 314 318 323 329 -1
47 85 195 236 237 241 272 277 278 282 283 287 288 313 314 318 319 323 324 329 -1
47 86 195 236 237 241 242 272 277 278 283 288 313 314 319 324 329 -1
47 87 195 237 242 272 278 283 288 314 319 324 329 330 -1
47 88 237 242 278 283 288 289 314 319 324 325 330 -1
47 89 237 242 243 278 283 284 289 314 319 320 325 330 -1
47 90 237 243 278 279 284 289 314 320 325 330 336 -1
47 91 237 243 279 284 289 314 320 325 330 331 336 -1
47 92 243 279 284 290 320 325 331 336 -1
47 93 243 279 284 290 320 326 331 336 337 -1
47 94 243 244 279 285 290 320 326 331 337 -1
47 95 244 279 285 290 321 326 331 332 337 -1
47 96 244 285 291 321 326 332 337 -1
47 97 244 285 291 321 326 332 337 -1
47 98 244 291 321 327 332 -1
47 99 291 327 -1
48 21 10 21 98 -1
48 22 5 10 16 21 57 98 -1
48 23 5 10 16 21 52 57 63 98 -1
48 24 5 11 16 22 52 57 63 98 -1
48 25 5 11 16 22 52 57 63 99 -1
48 26 6 11 17 22 52 58 63 99 -1
48 27 6 11 17 22 28 52 53 58 63 99 105 -1
48 28 6 12 17 22 28 53 58 63 64 99 105 -1
48 29 6 12 17 22 23 28 53 58 64 99 100 105 -1
48 30 12 17 23 28 53 59 64 100 105 -1
48 31 12 18 23 28 53 54 59 64 70 100 105 147 -1
48 32 13 18 23 28 29 54 59 64 70 100 105 106 147 -1
48 33 13 18 23 24 28 29 54 59 64 65 70 100 101 106 147 -1
48 34 13 18 19 24 29 54 55 60 65 70 101 106 147 -1
48 35 13 19 24 29 55 60 65 70 101 106 112 147 148 -1
48 36 19 24 29 35 55 60 61 65 66 70 71 101 102 106 107 112 147 148 -1
48 37 19 20 24 25 29 30 35 55 60 61 65 66 70 71 102 107 112 148 -1
48 38 20 25 29 30 35 61 66 71 102 103 107 112 148 -1
48 39 20 25 26 30 35 61 62 66 67 71 102 103 107 108 112 113 148 149 154 -1
48 40 20 25 26 30 31 35 36 62 66 67 71 72 77 103 104 107 108 112 113 149 154 -1
48 41 26 30 31 35 36 62 67 71 72 77 103 104 108 109 112 113 149 150 154 -1
48 42 26 27 31 35 36 62 67 68 72 77 104 108 109 113 114 149 150 154 155 196 -1
48 43 27 31 32 35 36 68 69 72 73 77 78 104 109 110 113 114 119 150 151 154 155 196 -1
48 44 27 31 32 36 37 68 69 72 73 77 78 104 109 110 113 114 119 150 151 154 155 196 -1
48 45 27 32 33 36 37 42 68 69 73 74 77 78 110 111 114 115 119 151 152 155 156 196 197 -1
48 46 32 33 36 37 38 42 69 73 74 77 78 79 110 111 114 115 119 120 151 152 155 156 161 196 197 -1
48 47 33 34 37 38 42 69 74 75 78 79 110 111 115 116 119 120 152 153 156 157 161 197 198 -1
48 48 33 34 37 38 39 42 43 74 75 76 78 79 84 111 115 116 119 120 152 153 156 157 161 197 198 -1
48 49 34 38 39 42 43 75 76 79 80 84 116 117 120 121 153 157 158 161 162 198 199 203 -1
48 50 34 38 39 40 42 43 44 75 76 79 80 81 84 85 116 117 118 120 121 126 153 157 158 159 161 162 198 199 203 -1
48 51 39 40 43 44 76 80 81 84 85 117 118 121 122 126 158 159 161 162 163 199 200 203 204 245 -1
48 52 40 41 43 44 45 76 80 81 82 84 85 86 117 118 121 122 123 126 127 158 159 160 162 163 168 199 200 201 203 204 245 -1
48 53 40 41 44 45 81 82 83 84 85 86 118 122 123 126 127 159 160 163 164 168 200 201 203 204 205 245 246 -1
48 54 41 44 45 46 82 83 85 86 87 91 122 123 124 126 127 128 159 160 163 164 165 168 200 201 202 204 205 206 245 246 -1
48 55 41 45 46 47 82 83 86 87 91 123 124 125 126 127 128 160 164 165 168 169 201 202 205 206 210 245 246 247 -1
48 56 46 47 83 86 87 88 91 92 124 125 127 128 129 133 164 165 166 168 169 170 202 205 206 207 210 246 247 248 -1
48 57 46 47 48 83 87 88 89 91 92 124 125 128 129 133 165 166 167 168 169 170 202 206 207 208 210 211 247 248 252 -1
48 58 47 48 88 89 91 92 93 125 128 129 130 133 134 166 167 169 170 171 175 207 208 210 211 212 247 248 249 252 253 -1
48 59 47 48 88 89 90 92 93 125 129 130 131 133 134 166 167 170 171 175 207 208 209 211 212 248 249 250 252 253 294 -1
48 60 48 89 90 92 93 94 130 131 133 134 135 167 171 172 175 176 208 209 211 212 213 217 249 250 252 253 254 294 295 -1
48 61 89 90 93 94 95 130 131 132 134 135 167 171 172 173 175 176 208 209 212 213 214 217 249 250 251 253 254 294 295 -1
48 62 90 94 95 131 132 134 135 136 140 172 173 174 175 176 177 209 213 214 217 218 250 251 253 254 255 259 294 295 296 -1
48 63 94 95 96 132 135 136 137 140 172 173 174 176 177 178 209 213 214 215 217 218 250 251 254 255 256 259 295 296 -1
48 64 95 96 97 132 136 137 140 141 173 174 177 178 182 214 215 216 217 218 219 251 255 256 259 260 295 296 297 301 -1
48 65 96 97 136 137 138 140 141 142 174 177 178 179 182 183 214 215 216 218 219 220 251 255 256 257 259 260 296 297 298 301 -1
48 66 96 97 137 138 139 141 142 174 178 179 182 183 215 216 219 220 224 256 257 258 259 260 261 297 298 301 302 -1
48 67 97 138 139 141 142 143 174 179 180 182 183 184 215 216 219 220 221 224 225 256 257 258 260 261 262 266 297 298 299 301 302 -1
48 68 97 138 139 142 143 179 180 181 183 184 216 220 221 224 225 257 258 261 262 266 298 299 302 303 -1
48 69 139 143 144 180 181 183 184 185 189 216 221 222 224 225 226 257 258 261 262 263 266 267 298 299 300 302 303 304 308 -1
48 70 139 143 144 180 181 184 185 189 221 222 225 226 258 262 263 266 267 299 300 303 304 308 -1
48 71 144 145 181 185 186 189 190 222 223 226 227 231 258 263 264 266 267 268 299 300 303 304 305 308 309 -1
48 72 144 145 181 185 186 189 190 222 223 226 227 231 232 263 264 267 268 273 300 304 305 308 309 -1
48 73 145 146 181 186 187 190 191 222 223 227 228 231 232 263 264 265 268 269 273 300 304 305 306 309 310 -1
48 74 145 146 186 187 190 191 223 227 228 231 232 264 265 268 269 273 274 300 305 306 309 310 315 -1
48 75 146 187 188 191 192 223 228 229 232 233 238 264 265 269 270 273 274 305 306 310 311 315 -1
48 76 146 187 188 191 192 223 228 229 232 233 238 264 265 269 270 273 274 306 307 310 311 315 -1
48 77 146 187 188 192 193 228 229 233 234 238 265 270 274 275 280 306 307 311 315 316 -1
48 78 188 192 193 229 230 233 234 238 239 265 270 271 275 280 306 307 311 312 316 -1
48 79 188 193 229 230 234 235 238 239 265 270 271 275 276 280 306 307 311 312 316 317 322 -1
48 80 188 193 194 229 230 234 235 239 240 271 275 276 280 281 307 312 316 317 322 -1
48 81 194 230 235 239 240 271 276 281 307 312 313 317 322 -1
48 82 194 230 235 240 271 272 276 277 281 282 287 307 312 313 317 318 322 323 -1
48 83 194 195 230 235 236 240 241 271 272 276 277 281 282 287 307 313 318 323 -1
48 84 194 195 230 236 241 272 277 282 287 313 318 323 329 -1
48 85 195 236 241 272 277 282 287 288 313 318 323 324 329 -1
48 86 195 236 241 242 272 277 278 283 288 313 314 318 319 324 329 -1
48 87 195 236 237 242 272 278 283 288 313 314 319 324 329 -1
48 88 195 237 242 272 278 283 288 289 314 319 324 330 -1
48 89 237 242 278 283 289 314 319 325 330 -1
48 90 237 242 243 278 284 289 314 319 320 325 330 336 -1
48 91 237 243 278 279 284 289 314 320 325 330 336 -1
48 92 237 243 279 284 289 290 314 320 325 331 336 -1
48 93 243 279 284 290 320 325 331 336 -1
48 94 243 279 285 290 320 326 331 337 -1
48 95 244 279 285 290 320 326 331 337 -1
48 96 244 279 285 290 321 326 332 337 -1
48 97 244 285 321 326 332 337 -1
48 98 244 321 332 -1
49 23 5 16 52 57 63 -1
49 24 5 11 16 22 52 57 63 99 -1
49 25 6 11 16 22 52 58 63 99 -1
49 26 6 11 17 22 28 52 58 63 99 -1
49 27 6 11 17 22 28 53 58 63 64 99 105 -1
49 28 6 12 17 23 28 53 58 64 99 105 -1
49 29 6 12 17 23 28 53 58 59 64 100 105 -1
49 30 12 18 23 28 53 59 64 70 100 105 -1
49 31 12 13 18 23 28 29 54 59 64 70 100 105 106 147 -1
49 32 13 18 23 29 54 59 64 65 70 100 106 147 -1
49 33 13 18 24 29 54 59 60 65 70 101 106 147 -1
49 34 13 18 19 24 29 35 54 55 60 65 70 101 106 112 147 -1
49 35 19 24 29 35 55 60 65 70 71 101 106 107 112 147 148 -1
49 36 19 24 25 29 30 35 55 60 61 65 66 70 71 101 102 107 112 148 -1
49 37 19 20 25 30 35 55 61 66 71 102 107 112 148 -1
49 38 20 25 30 35 61 66 71 77 102 107 112 113 148 149 154 -1
49 39 20 25 26 30 31 35 36 61 62 66 67 71 72 77 102 103 107 108 112 113 148 149 154 -1
49 40 20 25 26 30 31 35 36 62 67 71 72 77 103 108 113 149 154 -1
49 41 26 31 35 36 62 67 72 77 103 104 108 109 113 149 150 154 155 196 -1
49 42 26 27 31 32 36 62 67 68 72 73 77 78 103 104 108 109 113 114 119 149 150 154 155 196 -1
49 43 27 31 32 36 37 42 68 72 73 77 78 104 109 113 114 119 150 154 155 196 -1
49 44 27 32 36 37 42 68 69 73 77 78 104 109 110 114 119 150 151 155 156 196 197 -1
49 45 27 32 33 37 42 68 69 73 74 78 110 114 115 119 120 151 155 156 161 196 197 -1
49 46 32 33 37 38 42 69 74 78 79 84 110 111 115 119 120 151 152 156 161 197 -1
49 47 33 34 37 38 42 43 69 74 75 78 79 84 110 111 115 116 119 120 151 152 153 156 157 161 197 198 -1
49 48 33 34 38 39 42 43 74 75 79 80 84 111 115 116 120 121 152 153 156 157 161 162 197 198 203 -1
49 49 34 38 39 42 43 44 75 76 79 80 84 85 111 116 117 120 121 126 152 153 157 158 161 162 198 199 203 -1
49 50 34 39 40 43 44 75 76 80 81 84 85 116 117 121 122 126 153 157 158 161 162 163 198 199 203 204 245 -1
49 51 39 40 43 44 76 80 81 84 85 117 118 121 122 126 153 158 159 162 163 199 200 203 204 245 -1
49 52 40 41 44 45 76 81 82 84 85 86 117 118 122 123 126 127 158 159 160 162 163 164 168 199 200 203 204 205 245 246 -1
49 53 40 41 44 45 81 82 85 86 91 118 122 123 126 127 159 160 163 164 168 200 201 204 205 245 246 -1
49 54 41 45 46 82 83 86 87 91 118 123 124 126 127 128 159 160 163 164 165 168 169 200 201 202 204 205 206 210 245 246 -1
49 55 41 45 46 82 83 86 87 91 92 123 124 127 128 133 160 164 165 168 169 201 202 205 206 210 246 247 -1
49 56 46 47 83 87 88 91 92 124 125 127 128 129 133 160 165 166 168 169 170 201 202 205 206 207 210 211 246 247 248 252 -1
49 57 46 47 48 83 87 88 91 92 124 125 128 129 133 165 166 169 170 202 206 207 210 211 247 248 252 -1
49 58 47 48 88 89 91 92 93 125 129 130 133 134 166 167 170 171 175 202 207 208 210 211 212 247 248 249 252 253 294 -1
49 59 47 48 88 89 90 92 93 125 129 130 133 134 166 167 170 171 175 207 208 209 211 212 248 249 252 253 294 -1
49 60 48 89 90 93 94 130 131 133 134 135 167 171 172 175 176 208 209 212 213 217 249 250 252 253 254 294 295 -1
49 61 48 89 90 93 94 95 130 131 132 134 135 140 167 171 172 175 176 208 209 212 213 217 249 250 251 253 254 294 295 -1
49 62 90 94 95 131 132 135 136 140 172 173 176 177 209 213 214 217 218 250 251 254 255 259 294 295 296 -1
49 63 90 94 95 96 131 132 135 136 137 140 141 172 173 174 176 177 182 209 213 214 215 217 218 250 251 254 255 259 295 296 -1
49 64 95 96 132 136 137 140 141 173 174 177 178 182 209 214 215 218 219 250 251 255 256 259 260 296 297 301 -1
49 65 96 97 132 136 137 138 140 141 142 173 174 177 178 179 182 183 214 215 216 218 219 224 251 255 256 259 260 296 297 301 -1
49 66 96 97 137 138 141 142 174 178 179 182 183 215 216 219 220 224 251 256 257 260 261 297 298 301 302 -1
49 67 96 97 137 138 139 142 143 174 178 179 180 182 183 184 215 216 219 220 224 225 256 257 258 260 261 266 297 298 301 302 -1
49 68 97 138 139 142 143 179 180 183 184 189 216 220 221 224 225 257 258 261 262 266 298 299 302 303 -1
49 69 97 138 139 143 144 179 180 181 184 185 189 216 220 221 225 226 257 258 261 262 266 267 298 299 302 303 308 -1
49 70 139 143 144 180 181 184 185 189 190 216 221 222 225 226 231 257 258 262 263 266 267 298 299 300 303 304 308 -1
49 71 139 144 145 180 181 185 186 189 190 221 222 226 227 231 258 262 263 267 268 299 300 303 304 308 309 -1
49 72 144 145 181 185 186 189 190 191 222 223 226 227 231 232 258 263 264 267 268 273 299 300 304 305 308 309 -1
49 73 145 181 186 190 191 222 223 227 231 232 258 263 264 268 273 300 304 305 309 310 -1
49 74 145 146 181 186 187 191 222 223 227 228 232 264 268 269 273 274 300 305 309 310 315 -1
49 75 145 146 186 187 191 192 223 228 232 233 238 264 265 269 273 274 300 305 306 310 315 -1
49 76 146 187 188 192 223 228 229 233 238 264 265 269 270 274 300 305 306 310 311 315 -1
49 77 146 187 188 192 193 223 228 229 233 234 238 239 264 265 269 270 274 275 280 306 310 311 315 316 -1
49 78 146 187 188 192 193 229 233 234 238 239 265 270 275 280 306 307 311 316 -1
49 79 188 193 229 234 239 265 270 271 275 280 306 307 311 312 316 317 322 -1
49 80 188 193 194 229 230 234 235 239 240 265 270 271 275 276 280 281 306 307 311 312 316 317 322 -1
49 81 188 193 194 229 230 235 240 265 271 276 281 307 312 317 322 -1
49 82 194 230 235 240 271 276 281 287 307 312 317 322 323 -1
49 83 194 230 235 240 241 271 272 276 277 281 282 287 307 312 313 317 318 323 -1
49 84 194 195 230 235 236 241 271 272 277 282 287 307 313 318 323 -1
49 85 195 230 236 241 272 277 282 287 288 307 313 318 323 324 329 -1
49 86 195 236 241 272 277 282 283 288 313 318 324 329 -1
49 87 195 236 242 272 277 278 283 288 313 319 324 329 -1
49 88 195 236 237 242 272 278 283 288 313 314 319 324 329 330 -1
49 89 237 242 272 278 283 289 314 319 324 330 -1
49 90 237 242 278 283 284 289 314 319 325 330 336 -1
49 91 237 243 278 284 289 314 319 325 330 336 -1
49 92 237 243 278 279 284 289 314 320 325 331 336 -1
49 93 243 279 284 290 314 320 325 331 336 -1
49 94 243 279 284 290 320 326 331 336 -1
49 95 243 279 285 290 320 326 331 337 -1
49 96 279 285 290 326 337 -1
50 24 11 22 52 63 -1
50 25 6 11 17 22 52 58 63 99 -1
50 26 6 11 17 22 28 53 58 63 99 105 -1
50 27 6 12 17 22 28 53 58 64 99 105 -1
50 28 6 12 17 23 28 53 58 64 100 105 -1
50 29 12 17 23 28 53 59 64 70 100 105 -1
50 30 12 18 23 29 53 59 64 70 100 105 147 -1
50 31 12 13 18 23 29 54 59 64 65 70 100 106 147 -1
50 32 13 18 23 24 29 54 59 65 70 100 101 106 147 -1
50 33 13 18 24 29 35 54 60 65 70 101 106 112 147 -1
50 34 13 19 24 29 35 54 55 60 65 70 71 101 106 112 147 148 -1
50 35 19 24 29 30 35 55 60 65 66 71 101 106 107 112 148 -1
50 36 19 24 25 30 35 55 60 61 66 71 101 102 107 112 148 -1
50 37 19 20 25 30 35 55 61 66 71 77 102 107 112 148 154 -1
50 38 20 25 30 35 36 61 66 71 72 77 102 107 108 112 113 148 149 154 -1
50 39 20 25 26 30 31 35 36 61 62 66 67 71 72 77 102 103 108 113 149 154 -1
50 40 20 26 31 36 62 67 72 77 103 108 113 149 154 196 -1
50 41 26 31 36 42 62 67 72 77 78 103 104 108 109 113 114 119 149 150 154 155 196 -1
50 42 26 27 31 32 36 37 42 62 67 68 72 73 77 78 103 104 108 109 113 114 119 150 155 196 -1
50 43 27 32 36 37 42 68 73 77 78 104 109 114 119 150 155 196 -1
50 44 27 32 37 42 68 69 73 78 104 109 110 114 115 119 150 151 155 156 161 196 197 -1
50 45 27 32 33 37 38 42 43 68 69 73 74 78 79 84 110 114 115 119 120 151 155 156 161 197 -1
50 46 33 37 38 42 43 69 74 78 79 84 110 111 115 119 120 151 152 156 161 197 -1
50 47 33 34 38 42 43 69 74 75 79 84 110 111 115 116 120 151 152 156 157 161 162 197 198 203 -1
50 48 33 34 38 39 42 43 74 75 79 80 84 85 111 116 120 121 126 152 153 157 161 162 198 203 -1
50 49 34 38 39 43 44 75 76 79 80 84 85 111 116 117 120 121 126 152 153 157 158 161 162 198 199 203 -1
50 50 34 39 40 43 44 75 76 80 81 84 85 116 117 121 122 126 153 157 158 162 163 198 199 203 204 245 -1
50 51 39 40 44 45 76 80 81 85 86 117 118 121 122 126 127 153 158 159 162 163 168 199 200 203 204 245 -1
50 52 40 41 44 45 76 81 82 85 86 91 117 118 122 123 126 127 158 159 163 164 168 199 200 204 205 245 246 -1
50 53 40 41 44 45 81 82 85 86 91 118 122 123 126 127 159 160 163 164 168 169 200 201 204 205 210 245 246 -1
50 54 41 45 46 82 83 86 87 91 118 123 124 127 128 133 159 160 164 165 168 169 200 201 205 206 210 246 247 -1
50 55 41 45 46 82 83 86 87 91 92 123 124 127 128 133 160 164 165 168 169 201 202 205 206 210 246 247 -1
50 56 41 46 47 82 83 87 88 91 92 124 125 128 129 133 160 165 166 169 170 201 202 206 207 210 211 247 252 -1
50 57 46 47 83 87 88 91 92 93 124 125 128 129 133 134 160 165 166 169 170 175 202 206 207 210 211 247 248 252 -1
50 58 47 48 83 88 89 92 93 124 125 129 130 133 134 165 166 167 170 171 175 202 207 208 211 212 248 249 252 253 294 -1
50 59 47 48 88 89 92 93 94 125 129 130 133 134 135 166 167 170 171 175 176 202 207 208 211 212 217 248 249 252 253 294 -1
50 60 48 89 90 93 94 125 130 131 134 135 140 166 167 171 172 175 176 207 208 209 212 213 217 248 249 250 253 254 294 295 -1
50 61 48 89 90 93 94 130 131 134 135 140 167 171 172 175 176 177 208 209 212 213 217 218 249 250 253 254 259 294 295 -1
50 62 90 94 95 131 132 135 136 140 167 172 173 176 177 182 208 209 213 214 217 218 249 250 251 254 255 259 295 296 -1
50 63 90 95 131 132 135 136 140 141 172 173 176 177 182 209 213 214 217 218 250 251 254 255 259 260 295 296 301 -1
50 64 95 96 132 136 137 140 141 173 174 177 178 182 209 214 215 218 219 250 251 255 256 259 260 296 297 301 -1
50 65 95 96 132 136 137 141 142 173 174 177 178 182 183 209 214 215 218 219 224 251 255 256 259 260 296 297 301 -1
50 66 96 97 132 137 138 141 142 173 174 178 179 182 183 215 216 219 220 224 251 256 257 260 261 297 298 301 302 -1
50 67 96 97 137 138 142 143 174 178 179 183 184 215 216 219 220 224 225 251 256 257 260 261 266 297 298 301 302 -1
50 68 97 138 139 142 143 174 179 180 183 184 189 215 216 220 221 224 225 256 257 261 262 266 297 298 302 303 -1
50 69 97 138 139 143 144 179 180 184 185 189 216 220 221 225 226 257 258 261 262 266 267 298 299 302 303 308 -1
50 70 139 143 144 180 181 184 185 189 190 216 221 222 225 226 231 257 258 262 263 266 267 298 299 303 304 308 -1
50 71 139 144 180 181 185 189 190 216 221 222 226 231 257 258 262 263 267 268 299 300 303 304 308 309 -1
50 72 139 144 145 180 181 185 186 190 191 222 226 227 231 232 258 263 267 268 273 299 300 304 308 309 -1
50 73 145 181 186 190 191 222 223 227 231 232 258 263 264 268 273 299 300 304 305 309 -1
50 74 145 181 186 187 191 222 223 227 228 232 258 263 264 268 269 273 274 299 300 304 305 309 310 315 -1
50 75 145 146 181 186 187 191 192 223 227 228 232 233 238 264 269 273 274 300 305 310 315 -1
50 76 146 187 192 223 228 233 238 264 265 269 274 300 305 306 310 315 -1
50 77 146 187 192 223 228 229 233 234 238 239 264 265 269 270 274 275 280 300 305 306 310 311 315 316 -1
50 78 146 187 188 192 193 223 228 229 233 234 238 239 264 265 270 275 280 300 306 311 316 -1
50 79 146 188 193 229 234 239 265 270 275 280 306 311 316 322 -1
50 80 188 193 229 234 239 240 265 270 271 275 276 280 281 306 307 311 312 316 317 322 -1
50 81 188 193 194 229 230 234 235 240 265 270 271 276 281 306 307 312 317 322 -1
50 82 188 194 230 235 240 265 271 276 281 287 307 312 317 322 323 -1
50 83 194 230 235 240 241 271 276 281 282 287 307 312 317 318 323 -1
50 84 194 230 235 236 241 271 276 277 282 287 307 312 313 318 323 -1
50 85 194 195 230 236 241 271 272 277 282 287 288 307 313 318 323 329 -1
50 86 195 230 236 241 272 277 282 288 307 313 318 324 329 -1
50 87 195 236 241 242 272 277 283 288 313 318 319 324 329 -1
50 88 195 236 242 272 277 278 283 288 313 319 324 329 330 -1
50 89 195 237 242 272 278 283 289 313 319 324 330 -1
50 90 237 242 272 278 283 289 314 319 325 330 -1
50 91 237 242 278 284 289 314 319 325 330 336 -1
50 92 237 243 278 284 289 314 320 325 330 336 -1
50 93 237 243 279 284 289 314 320 325 331 336 -1
50 94 243 279 284 290 320 325 331 336 -1
50 95 279 290 320 331 -1
51 26 6 17 28 53 58 99 105 -1
51 27 6 12 17 23 28 53 58 64 105 -1
51 28 6 12 17 23 28 53 59 64 100 105 -1
51 29 12 18 23 29 53 59 64 70 100 105 147 -1
51 30 12 18 23 29 54 59 64 70 100 106 147 -1
51 31 13 18 23 29 54 59 65 70 100 106 147 -1
51 32 13 18 24 29 35 54 59 65 70 101 106 147 -1
51 33 13 18 19 24 29 35 54 60 65 70 71 101 106 112 147 -1
51 34 13 19 24 29 30 35 54 55 60 65 71 101 106 107 112 148 -1
51 35 19 24 30 35 55 60 66 71 101 107 112 148 -1
51 36 19 25 30 35 55 60 61 66 71 77 102 107 112 148 154 -1
51 37 20 25 30 35 36 55 61 66 71 77 102 107 112 113 148 154 -1
51 38 20 25 30 31 35 36 61 66 71 72 77 102 107 108 113 149 154 -1
51 39 20 25 26 31 36 61 62 67 72 77 102 103 108 113 149 154 -1
51 40 20 26 31 36 42 62 67 72 77 103 108 113 119 149 154 155 196 -1
51 41 26 31 36 37 42 62 67 72 73 77 78 103 104 108 109 113 114 119 149 150 155 196 -1
51 42 26 27 31 32 36 37 42 62 67 68 73 78 103 104 109 114 119 150 155 196 -1
51 43 27 32 37 42 68 73 78 104 109 114 119 150 155 161 196 197 -1
51 44 27 32 37 42 43 68 69 73 78 79 84 104 109 110 114 115 119 120 150 151 155 156 161 196 197 -1
51 45 27 32 33 37 38 42 43 68 69 73 74 78 79 84 104 110 115 119 120 151 156 161 197 -1
51 46 33 38 42 43 69 74 79 84 110 111 115 120 151 152 156 161 197 198 203 -1
51 47 33 34 38 43 69 74 75 79 84 85 110 111 115 116 120 121 126 151 152 156 157 161 162 197 198 203 -1
51 48 33 34 38 39 43 44 74 75 79 80 84 85 111 116 120 121 126 152 153 157 161 162 198 203 -1
51 49 34 39 43 44 75 76 80 84 85 111 116 117 121 126 152 153 157 158 162 198 199 203 204 245 -1
51 50 34 39 40 44 75 76 80 81 85 111 116 117 121 122 126 127 153 157 158 162 163 168 199 203 204 245 -1
51 51 39 40 44 45 76 80 81 85 86 91 117 121 122 126 127 153 158 159 163 168 199 200 204 245 -1
51 52 40 44 45 76 81 85 86 91 117 118 122 126 127 153 158 159 163 164 168 199 200 204 205 245 246 -1
51 53 40 41 45 76 81 82 86 87 91 118 122 123 127 128 159 163 164 168 169 200 201 204 205 210 245 246 -1
51 54 41 45 46 82 86 87 91 92 118 123 127 128 133 159 160 164 168 169 200 201 205 210 246 247 -1
51 55 41 46 82 83 87 91 92 118 123 124 128 133 159 160 164 165 169 201 202 205 206 210 211 246 247 252 -1
51 56 41 46 47 82 83 87 88 91 92 123 124 128 129 133 134 160 165 169 170 175 201 202 206 210 211 247 252 -1
51 57 46 47 83 87 88 92 93 124 125 128 129 133 134 160 165 166 170 175 201 202 206 207 211 247 248 252 294 -1
51 58 47 48 83 88 89 92 93 124 125 129 130 133 134 165 166 170 171 175 202 206 207 211 212 217 248 252 253 294 -1
51 59 47 48 88 89 93 94 125 129 130 134 135 140 166 167 170 171 175 176 202 207 208 211 212 217 248 249 252 253 294 -1
51 60 48 89 90 93 94 125 130 131 134 135 140 166 167 171 172 175 176 202 207 208 212 213 217 248 249 253 254 294 295 -1
51 61 48 89 90 94 125 130 131 135 136 140 167 171 172 176 177 208 209 212 213 217 218 249 250 253 254 259 294 295 -1
51 62 48 90 94 95 131 135 136 140 141 167 172 176 177 182 208 209 213 214 217 218 249 250 254 255 259 295 296 -1
51 63 90 95 131 132 136 140 141 167 172 173 177 182 208 209 213 214 218 219 250 251 254 255 259 260 295 296 301 -1
51 64 90 95 96 131 132 136 137 140 141 173 177 178 182 183 209 214 218 219 224 250 251 255 259 260 296 301 -1
51 65 95 96 132 137 141 142 173 174 178 182 183 209 214 215 219 224 250 251 255 256 260 296 297 301 -1
51 66 96 97 132 137 138 141 142 173 174 178 179 183 214 215 219 220 224 251 255 256 260 261 266 297 301 302 -1
51 67 96 97 137 138 142 143 174 178 179 183 184 189 215 216 220 224 225 251 256 257 261 266 297 298 302 -1
51 68 97 138 142 143 174 179 183 184 189 215 216 220 221 225 251 256 257 261 262 266 297 298 302 303 -1
51 69 97 138 139 143 174 179 180 184 185 189 215 216 220 221 225 226 231 257 261 262 266 267 298 302 303 308 -1
51 70 97 138 139 143 144 180 184 185 189 190 216 221 225 226 231 257 258 262 266 267 298 299 303 308 -1
51 71 139 144 180 181 185 189 190 216 221 222 226 231 257 258 262 263 267 268 298 299 303 304 308 309 -1
51 72 139 144 145 180 181 185 186 190 191 216 221 222 226 227 231 232 257 258 263 267 268 273 299 304 308 309 -1
51 73 139 144 145 181 186 190 191 222 227 231 232 258 263 268 273 299 300 304 309 -1
51 74 145 181 186 191 222 223 227 232 238 258 263 264 268 269 273 274 299 300 304 305 309 310 315 -1
51 75 145 146 181 186 187 191 192 222 223 227 228 232 233 238 258 263 264 269 273 274 299 300 305 310 315 -1
51 76 145 146 181 187 192 223 228 233 238 264 269 274 300 305 310 315 -1
51 77 146 187 192 223 228 233 238 239 264 269 274 275 280 300 305 306 310 311 315 316 -1
51 78 146 187 192 193 223 228 229 233 234 238 239 264 265 269 270 275 280 300 305 306 311 316 -1
51 79 146 187 188 193 223 229 234 239 265 270 275 280 300 306 311 316 322 -1
51 80 188 193 229 234 239 240 265 270 275 280 281 306 311 316 317 322 -1
51 81 188 193 229 234 235 240 265 270 271 276 281 306 307 311 312 317 322 -1
51 82 188 194 229 230 235 240 265 271 276 281 287 306 307 312 317 322 -1
51 83 188 194 230 235 240 265 271 276 281 282 287 307 312 317 323 -1
51 84 194 230 235 241 271 276 282 287 307 312 318 323 -1
51 85 194 230 235 236 241 271 277 282 287 288 307 312 313 318 323 329 -1
51 86 195 230 236 241 271 272 277 282 288 307 313 318 323 324 329 -1
51 87 195 236 241 272 277 283 288 307 313 318 324 329 -1
51 88 195 236 242 272 277 283 288 313 319 324 329 -1
51 89 195 236 242 272 278 283 288 313 319 324 330 -1
51 90 195 237 242 272 278 283 289 313 319 324 330 -1
51 91 237 242 278 283 289 314 319 325 330 336 -1
51 92 237 278 284 289 314 319 325 330 336 -1
51 93 237 243 284 289 314 325 336 -1
52 27 12 28 53 64 105 -1
52 28 12 23 53 59 64 100 105 -1
52 29 12 18 23 29 53 59 64 70 100 147 -1
52 30 12 18 23 29 54 59 65 70 100 106 147 -1
52 31 13 18 24 29 35 54 59 65 70 100 106 147 -1
52 32 13 18 24 29 35 54 60 65 70 101 106 112 147 -1
52 33 13 19 24 29 30 35 54 60 65 71 101 106 112 148 -1
52 34 13 19 24 30 35 55 60 65 71 101 107 112 148 -1
52 35 19 24 25 30 35 55 60 66 71 77 101 107 112 148 -1
52 36 19 25 30 35 36 55 60 61 66 71 77 102 107 112 113 148 154 -1
52 37 20 25 30 36 55 61 66 71 72 77 102 107 113 148 149 154 -1
52 38 20 25 31 36 61 66 67 72 77 102 108 113 149 154 -1
52 39 20 25 26 31 36 42 61 62 67 72 77 102 103 108 113 119 149 154 196 -1
52 40 20 26 31 36 37 42 62 67 72 77 78 103 108 113 114 119 149 154 155 196 -1
52 41 26 31 36 37 42 62 67 72 73 78 103 108 109 114 119 150 155 196 -1
52 42 26 27 32 37 42 62 67 68 73 78 103 104 109 114 119 150 155 196 -1
52 43 27 32 37 42 43 68 73 78 84 104 109 114 119 120 150 155 156 161 196 197 -1
52 44 27 32 37 38 42 43 68 73 74 78 79 84 104 109 110 114 115 119 120 150 151 156 161 197 -1
52 45 27 32 33 37 38 42 43 68 69 74 79 84 104 110 115 120 151 156 161 197 -1
52 46 33 38 43 69 74 79 84 110 115 120 126 151 156 161 162 197 198 203 -1
52 47 33 38 43 44 69 74 75 79 80 84 85 110 111 115 116 120 121 126 151 152 156 157 161 162 198 203 -1
52 48 33 34 38 39 43 44 69 75 80 84 85 111 116 121 126 152 157 162 198 203 -1
52 49 34 39 44 75 80 85 111 116 121 126 152 153 157 158 162 163 168 198 199 203 204 245 -1
52 50 34 39 40 44 75 76 80 81 85 86 91 111 116 117 121 122 126 127 152 153 157 158 162 163 168 199 204 245 -1
52 51 34 39 40 44 45 76 81 85 86 91 117 122 126 127 153 158 163 168 199 204 245 -1
52 52 40 45 76 81 86 91 117 118 122 127 153 158 159 163 164 168 169 199 200 204 205 210 245 246 -1
52 53 40 41 45 46 76 81 82 86 87 91 92 117 118 122 123 127 128 133 159 163 164 168 169 200 205 210 246 -1
52 54 41 45 46 82 86 87 91 92 118 123 127 128 133 159 160 164 169 200 201 205 210 246 247 -1
52 55 41 46 82 83 87 91 92 118 123 124 128 133 159 160 164 165 169 170 175 200 201 205 206 210 211 246 247 252 -1
52 56 41 46 47 82 83 87 88 92 93 123 124 128 129 133 134 160 165 169 170 175 201 202 206 210 211 247 252 -1
52 57 46 47 83 88 92 93 124 125 129 133 134 160 165 166 170 175 201 202 206 207 211 247 248 252 253 294 -1
52 58 47 83 88 89 93 124 125 129 130 134 160 165 166 170 171 175 176 201 202 206 207 211 212 217 248 252 253 294 -1
52 59 47 48 83 88 89 93 94 125 129 130 134 135 140 166 171 175 176 202 207 212 217 248 249 253 294 -1
52 60 48 89 93 94 125 130 135 140 166 167 171 176 202 207 208 212 213 217 248 249 253 254 259 294 295 -1
52 61 48 89 90 94 125 130 131 135 136 140 141 166 167 171 172 176 177 182 208 212 213 217 218 249 253 254 259 295 -1
52 62 48 89 90 94 95 131 135 136 140 141 167 172 176 177 182 208 209 213 217 218 249 250 254 259 295 296 -1
52 63 90 95 131 132 136 140 141 167 172 173 177 182 208 209 213 214 218 219 249 250 254 255 259 260 295 296 301 -1
52 64 90 95 96 131 132 136 137 141 142 167 172 173 177 178 182 183 209 214 218 219 224 250 251 255 259 260 296 301 -1
52 65 95 96 132 137 141 142 173 178 182 183 209 214 215 219 224 250 251 255 256 260 296 297 301 -1
52 66 96 132 137 142 173 174 178 179 183 209 214 215 219 220 224 225 250 251 255 256 260 261 266 296 297 301 302 -1
52 67 96 97 132 137 138 142 143 173 174 178 179 183 184 189 215 220 224 225 251 256 261 266 297 302 -1
52 68 97 138 143 174 179 184 189 215 216 220 225 251 256 257 261 266 297 298 302 303 308 -1
52 69 97 138 143 174 179 180 184 185 189 190 215 216 220 221 225 226 231 251 256 257 261 262 266 267 298 302 303 308 -1
52 70 97 138 139 143 144 174 179 180 184 185 189 190 216 221 226 231 257 262 267 298 303 308 -1
52 71 139 144 180 185 190 216 221 226 231 257 258 262 267 273 298 299 303 304 308 309 -1
52 72 139 144 180 181 185 186 190 191 216 221 222 226 227 231 232 257 258 262 263 267 268 273 298 299 304 309 -1
52 73 139 144 145 180 181 186 191 216 222 227 232 258 263 268 273 299 304 309 -1
52 74 145 181 186 191 222 227 232 238 258 263 268 273 274 299 300 304 305 309 310 315 -1
52 75 145 181 186 191 192 222 223 227 228 232 233 238 258 263 264 268 269 274 299 300 304 305 310 315 -1
52 76 145 146 181 186 187 192 222 223 228 233 238 258 264 269 274 299 300 305 310 315 -1
52 77 146 187 192 223 228 233 238 239 264 269 274 275 280 300 305 310 315 316 -1
52 78 146 187 192 223 228 233 234 239 264 269 270 275 280 300 305 306 311 316 -1
52 79 146 187 188 193 223 228 229 234 239 264 265 270 275 280 300 305 306 311 316 322 -1
52 80 146 188 193 223 229 234 239 240 265 270 275 280 281 300 306 311 316 317 322 -1
52 81 188 193 229 234 240 265 270 275 276 281 306 311 317 322 -1
52 82 188 193 194 229 235 240 265 270 271 276 281 287 306 312 317 322 -1
52 83 188 194 229 230 235 240 265 271 276 281 282 287 306 307 312 317 323 -1
52 84 194 230 235 241 265 271 276 282 287 307 312 317 318 323 -1
52 85 194 230 235 241 271 277 282 287 307 312 318 323 329 -1
52 86 194 230 236 241 271 277 282 288 307 312 313 318 323 329 -1
52 87 195 230 236 241 272 277 282 288 307 313 318 324 329 -1
52 88 195 236 242 272 277 283 288 307 313 318 324 329 -1
52 89 195 236 242 272 277 283 288 313 319 324 330 -1
52 90 195 242 272 278 283 289 313 319 324 330 -1
52 91 237 242 278 283 289 319 330 -1
52 92 237 278 289 314 330 -1
53 29 18 23 29 59 70 100 147 -1
53 30 13 18 29 54 59 65 70 100 106 147 -1
53 31 13 18 24 29 35 54 59 65 70 101 106 112 147 -1
53 32 13 18 24 29 35 54 60 65 71 101 106 112 147 -1
53 33 13 19 24 30 35 54 60 65 71 101 107 112 148 -1
53 34 13 19 24 30 35 55 60 66 71 101 107 112 148 -1
53 35 19 25 30 35 36 55 60 66 71 77 102 107 112 148 154 -1
53 36 19 25 30 36 55 61 66 71 77 102 107 113 148 154 -1
53 37 20 25 30 31 36 55 61 66 72 77 102 107 113 149 154 -1
53 38 20 25 31 36 42 61 66 67 72 77 102 108 113 119 149 154 -1
53 39 20 26 31 36 42 61 67 72 77 78 103 108 113 119 149 154 155 196 -1
53 40 20 26 31 36 37 42 62 67 72 78 103 108 114 119 149 155 196 -1
53 41 26 31 32 37 42 62 67 73 78 103 108 109 114 119 150 155 196 -1
53 42 26 27 32 37 42 43 62 68 73 78 84 103 104 109 114 119 120 150 155 161 196 -1
53 43 27 32 37 42 43 62 68 73 78 79 84 104 109 114 119 120 150 155 156 161 197 -1
53 44 27 32 37 38 43 68 73 74 79 84 104 109 110 115 120 150 151 156 161 197 -1
53 45 27 33 38 43 68 69 74 79 84 104 110 115 120 126 151 156 161 197 203 -1
53 46 33 38 43 44 69 74 79 84 85 110 115 120 121 126 151 156 157 161 162 197 198 203 -1
53 47 33 38 39 43 44 69 74 75 79 80 84 85 110 111 115 116 121 126 151 152 157 162 198 203 -1
53 48 33 34 39 44 69 75 80 85 111 116 121 126 152 157 162 168 198 203 245 -1
53 49 34 39 44 75 80 85 91 111 116 121 126 127 152 153 157 158 162 163 168 198 199 203 204 245 -1
53 50 34 39 40 44 45 75 76 80 81 85 86 91 111 116 117 121 122 126 127 152 153 158 163 168 199 204 245 -1
53 51 34 40 45 76 81 86 91 117 122 127 153 158 163 168 199 204 210 245 246 -1
53 52 40 45 76 81 86 91 92 117 118 122 127 128 133 153 158 159 163 164 168 169 199 200 204 205 210 245 246 -1
53 53 40 41 45 46 76 81 82 86 87 91 92 117 118 122 123 127 128 133 153 158 159 164 169 200 205 210 246 -1
53 54 41 46 82 87 91 92 118 123 128 133 159 164 169 200 205 210 246 247 252 -1
53 55 41 46 82 87 92 118 123 124 128 129 133 134 159 160 164 165 169 170 175 200 201 205 206 210 211 246 247 252 -1
53 56 41 46 47 82 83 87 88 92 93 118 123 124 128 129 133 134 160 165 170 175 201 206 211 247 252 -1
53 57 47 83 88 93 124 129 134 160 165 170 175 201 202 206 207 211 217 247 248 252 253 294 -1
53 58 47 83 88 93 124 125 129 130 134 135 140 160 165 166 170 171 175 176 201 202 206 207 211 212 217 248 252 253 294 -1
53 59 47 48 83 88 89 93 94 124 125 129 130 134 135 140 166 171 175 176 202 207 212 217 248 253 294 -1
53 60 48 89 94 125 130 135 140 166 167 171 176 202 207 208 212 213 217 218 248 249 253 254 259 294 295 -1
53 61 48 89 90 94 125 130 131 135 136 140 141 166 167 171 172 176 177 182 202 207 208 212 213 217 218 249 254 259 295 -1
53 62 48 89 90 94 95 125 131 135 136 140 141 167 172 177 182 208 213 218 249 254 259 295 -1
53 63 90 95 131 136 141 167 172 177 182 208 209 213 214 218 219 224 249 250 254 255 259 260 295 296 301 -1
53 64 90 95 96 131 132 136 137 141 142 167 172 173 177 178 182 183 208 209 213 214 218 219 224 250 255 260 296 301 -1
53 65 90 95 96 132 137 142 173 178 183 209 214 219 224 250 251 255 260 296 301 -1
53 66 96 132 137 142 173 178 183 184 189 209 214 215 219 220 224 225 250 251 255 256 260 261 266 296 297 301 302 -1
53 67 96 97 132 137 138 142 143 173 174 178 179 183 184 189 209 214 215 220 224 225 250 251 256 261 266 297 302 -1
53 68 96 97 132 138 143 174 179 184 189 215 220 225 251 256 261 266 297 302 308 -1
53 69 97 138 143 174 179 184 189 190 215 216 220 221 225 226 231 251 256 257 261 262 266 267 297 298 302 303 308 -1
53 70 97 138 139 143 144 174 179 180 184 185 189 190 215 216 221 226 231 251 257 262 267 298 303 308 -1
53 71 97 139 144 174 180 185 190 216 221 226 231 257 262 267 273 298 303 308 309 -1
53 72 139 144 180 185 190 191 216 221 226 227 231 232 257 258 262 263 267 268 273 298 299 303 304 309 -1
53 73 139 144 145 180 181 185 186 191 216 221 222 227 232 257 258 263 268 273 298 299 304 309 -1
53 74 139 145 181 186 191 216 222 227 232 238 258 263 268 273 274 299 304 309 315 -1
53 75 145 181 186 191 192 222 227 232 233 238 258 263 268 269 274 299 304 305 310 315 -1
53 76 145 181 186 187 192 222 223 228 233 238 258 263 264 269 274 280 299 300 305 310 315 -1
53 77 146 181 187 192 222 223 228 233 238 239 258 264 269 274 280 299 300 305 310 315 316 -1
53 78 146 187 192 223 228 233 234 239 264 269 275 280 300 305 310 311 316 -1
53 79 146 187 193 223 228 234 239 264 270 275 280 300 305 306 311 316 322 -1
53 80 146 187 188 193 223 229 234 239 264 265 270 275 281 300 306 311 316 322 -1
53 81 188 193 223 229 234 240 265 270 275 276 281 300 306 311 317 322 -1
53 82 188 193 229 235 240 265 270 276 281 287 306 311 312 317 322 -1
53 83 188 194 229 235 240 265 271 276 281 287 306 312 317 323 -1
53 84 188 194 230 235 240 265 271 276 282 287 306 307 312 317 323 -1
53 85 194 230 235 241 271 276 282 287 307 312 318 323 329 -1
53 86 194 230 235 241 271 277 282 288 307 312 318 323 329 -1
53 87 195 230 236 241 271 277 282 288 307 313 318 324 329 -1
53 88 195 230 236 241 272 277 283 288 307 313 318 324 329 -1
53 89 195 236 242 272 277 283 288 313 324 329 -1
53 90 195 242 272 283 313 319 324 -1
54 30 106 -1
54 31 13 24 29 35 54 65 101 106 -1
54 32 13 19 24 35 54 60 65 71 101 106 112 -1
54 33 13 19 24 30 35 55 60 65 71 101 107 112 148 -1
54 34 19 25 30 35 55 60 66 71 77 101 107 112 148 -1
54 35 19 25 30 36 55 60 66 71 77 102 107 113 148 154 -1
54 36 20 25 30 36 55 61 66 72 77 102 107 113 148 154 -1
54 37 20 25 31 36 42 55 61 66 72 77 102 108 113 149 154 -1
54 38 20 25 31 36 42 61 67 72 77 78 102 108 113 119 149 154 196 -1
54 39 20 26 31 36 37 42 61 67 72 78 103 108 113 119 149 155 196 -1
54 40 20 26 31 37 42 62 67 72 73 78 103 108 114 119 149 155 196 -1
54 41 26 32 37 42 62 67 73 78 84 103 109 114 119 150 155 161 196 -1
54 42 26 27 32 37 42 43 62 68 73 78 84 103 104 109 114 119 120 150 155 161 196 197 -1
54 43 27 32 37 38 43 62 68 73 79 84 104 109 114 115 120 150 156 161 197 -1
54 44 27 32 38 43 68 73 74 79 84 104 109 115 120 126 150 151 156 161 197 -1
54 45 27 33 38 43 68 69 74 79 84 85 104 110 115 120 126 151 156 161 162 197 203 -1
54 46 33 38 43 44 69 74 79 80 85 110 115 120 121 126 151 156 157 162 198 203 -1
54 47 33 38 39 44 69 74 75 80 85 110 115 116 121 126 151 152 157 162 198 203 -1
54 48 33 34 39 44 69 75 80 85 91 110 111 116 121 126 127 152 157 162 168 198 203 204 245 -1
54 49 34 39 44 75 80 85 86 91 111 116 121 122 126 127 152 157 162 163 168 198 199 204 245 -1
54 50 34 39 40 44 45 75 76 80 81 86 91 111 116 117 122 127 152 153 158 163 168 199 204 245 -1
54 51 34 40 45 76 81 86 91 111 117 122 127 133 153 158 163 168 169 199 204 210 245 246 -1
54 52 40 45 76 81 86 91 92 117 122 127 128 133 153 158 163 164 168 169 199 200 204 205 210 246 -1
54 53 40 45 46 76 81 82 86 87 92 117 118 122 123 128 133 153 158 159 164 169 200 205 210 246 -1
54 54 41 46 76 82 87 92 118 123 128 133 159 164 169 175 200 205 210 211 246 247 252 -1
54 55 41 46 82 87 92 93 118 123 128 129 133 134 159 160 164 165 169 170 175 200 201 205 206 211 247 252 -1
54 56 41 46 47 82 83 87 88 92 93 118 123 124 129 134 159 160 165 170 175 201 206 211 247 252 -1
54 57 41 47 83 88 93 124 129 134 140 160 165 170 175 176 201 206 211 217 247 248 252 253 294 -1
54 58 47 83 88 93 94 124 129 130 134 135 140 160 165 166 170 171 175 176 201 202 206 207 211 212 217 248 253 294 -1
54 59 47 48 83 88 89 93 94 124 125 130 135 140 160 166 171 176 201 202 207 212 217 248 253 294 -1
54 60 48 89 94 125 130 135 140 141 166 171 176 182 202 207 212 217 218 248 249 253 254 259 294 295 -1
54 61 48 89 94 125 130 131 135 136 140 141 166 167 171 172 176 177 182 202 207 208 212 213 218 248 249 254 259 295 -1
54 62 48 89 90 94 95 125 131 136 141 166 167 172 177 182 202 208 213 218 249 254 259 295 301 -1
54 63 90 95 131 136 141 167 172 177 182 183 208 213 218 219 224 249 250 254 255 259 260 295 296 301 -1
54 64 90 95 131 136 137 141 142 167 172 173 177 178 182 183 208 209 213 214 219 224 249 250 255 260 296 301 -1
54 65 90 95 96 131 132 137 142 167 173 178 183 209 214 219 224 250 255 260 266 296 301 -1
54 66 96 132 137 142 173 178 183 184 189 209 214 219 220 224 225 250 255 256 260 261 266 296 297 302 -1
54 67 96 132 137 138 142 143 173 174 178 179 184 189 209 214 215 220 225 250 251 256 261 266 297 302 -1
54 68 96 97 132 138 143 173 174 179 184 189 209 215 220 225 231 251 256 261 266 297 302 308 -1
54 69 97 138 143 174 179 184 189 190 215 220 225 226 231 251 256 261 262 266 267 297 298 302 303 308 -1
54 70 97 138 143 144 174 179 180 185 190 215 216 220 221 226 231 251 256 257 262 267 298 303 308 -1
54 71 97 138 139 144 174 180 185 190 215 216 221 226 231 232 251 257 262 267 273 298 303 308 309 -1
54 72 139 144 180 185 190 191 216 221 226 227 232 257 262 267 268 273 298 303 304 309 -1
54 73 139 144 180 185 186 191 216 221 222 227 232 257 262 263 268 273 298 299 304 309 -1
54 74 139 145 180 181 186 191 216 222 227 232 238 257 258 263 268 273 274 299 304 309 315 -1
54 75 145 181 186 191 192 216 222 227 233 238 258 263 268 269 274 299 304 310 315 -1
54 76 145 181 186 192 222 227 228 233 238 258 263 269 274 280 299 304 305 310 315 -1
54 77 145 146 181 187 192 222 223 228 233 238 239 258 264 269 274 280 299 300 305 310 315 316 -1
54 78 146 181 187 192 223 228 233 239 258 264 269 275 280 300 305 310 316 -1
54 79 146 187 193 223 228 234 239 264 269 270 275 280 300 305 311 316 322 -1
54 80 146 187 193 223 229 234 239 264 270 275 281 300 305 306 311 316 322 -1
54 81 146 188 193 223 229 234 240 264 265 270 275 281 300 306 311 317 322 -1
54 82 188 193 229 234 240 265 270 276 281 287 300 306 311 317 322 -1
54 83 188 194 229 235 240 265 270 276 281 287 306 312 317 322 -1
54 84 188 194 229 235 240 265 271 276 282 287 306 312 317 323 -1
54 85 194 230 235 241 265 271 276 282 287 307 312 317 323 -1
54 86 194 230 235 241 271 277 282 287 307 312 318 323 329 -1
54 87 230 236 241 271 277 282 288 307 318 323 329 -1
54 88 236 241 277 288 307 313 318 329 -1
54 89 236 -1
55 32 35 101 112 -1
55 33 19 30 35 60 71 101 107 112 148 -1
55 34 19 25 30 55 60 66 71 77 107 112 148 154 -1
55 35 19 25 30 36 55 61 66 71 77 102 107 113 148 154 -1
55 36 20 25 31 36 55 61 66 72 77 102 107 113 149 154 -1
55 37 20 25 31 36 42 61 66 72 77 102 108 113 119 149 154 -1
55 38 20 26 31 36 42 61 67 72 78 102 108 113 119 149 154 155 196 -1
55 39 20 26 31 37 42 61 62 67 72 78 103 108 114 119 149 155 196 -1
55 40 26 31 37 42 62 67 73 78 84 103 108 114 119 150 155 196 -1
55 41 26 32 37 43 62 67 73 78 84 103 109 114 119 120 150 155 161 196 -1
55 42 27 32 37 43 62 68 73 79 84 103 104 109 114 120 150 155 161 197 -1
55 43 27 32 38 43 68 73 79 84 104 109 115 120 150 156 161 197 -1
55 44 27 32 33 38 43 68 74 79 84 104 109 115 120 126 151 156 161 197 203 -1
55 45 27 33 38 43 44 68 69 74 79 85 104 110 115 120 126 151 156 162 197 203 -1
55 46 33 38 44 69 74 79 80 85 110 115 121 126 151 156 157 162 198 203 -1
55 47 33 39 44 69 74 75 80 85 91 110 116 121 126 151 152 157 162 168 198 203 245 -1
55 48 33 34 39 44 69 75 80 85 91 110 111 116 121 126 127 152 157 162 168 198 203 204 245 -1
55 49 34 39 44 45 75 80 86 91 111 116 121 122 127 152 157 163 168 198 199 204 245 -1
55 50 34 39 40 45 75 81 86 91 111 116 117 122 127 133 152 158 163 168 199 204 210 245 -1
55 51 34 40 45 76 81 86 91 92 111 117 122 127 133 152 153 158 163 168 169 199 204 210 245 246 -1
55 52 40 45 76 81 86 87 92 117 122 128 133 153 158 163 164 169 199 200 205 210 246 -1
55 53 40 45 46 76 81 82 87 92 117 118 123 128 133 153 158 159 164 169 175 200 205 210 246 252 -1
55 54 41 46 76 82 87 92 118 123 128 133 134 153 159 164 169 175 200 205 210 211 246 247 252 -1
55 55 41 46 82 87 92 93 118 123 128 129 134 159 164 165 170 175 200 205 206 211 247 252 -1
55 56 41 46 47 82 83 88 93 118 123 124 129 134 159 160 165 170 175 200 201 206 211 247 252 294 -1
55 57 41 47 83 88 93 118 124 129 134 140 160 165 170 175 176 201 206 211 212 217 247 252 253 294 -1
55 58 47 83 88 93 94 124 129 134 135 140 160 165 170 171 176 201 206 207 212 217 248 253 294 -1
55 59 47 83 88 89 94 124 125 130 135 140 160 165 166 171 176 182 201 202 207 212 217 248 253 259 294 -1
55 60 48 83 89 94 125 130 135 140 141 160 166 171 176 177 182 202 207 212 217 218 248 253 254 259 295 -1
55 61 48 89 94 125 130 135 136 141 166 171 172 177 182 202 207 208 213 218 248 249 254 259 295 -1
55 62 48 89 90 95 125 130 131 136 141 166 167 172 177 182 202 208 213 218 224 249 254 259 295 301 -1
55 63 48 90 95 131 136 141 142 167 172 177 182 183 208 213 218 219 224 249 254 259 260 295 296 301 -1
55 64 90 95 131 136 137 142 167 172 177 178 183 208 213 214 219 224 249 250 255 260 296 301 -1
55 65 90 95 96 131 132 137 142 167 173 178 183 189 208 209 214 219 224 250 255 260 266 296 301 -1
55 66 90 96 132 137 142 167 173 178 183 184 189 209 214 219 224 225 250 255 260 261 266 296 297 302 -1
55 67 96 132 137 142 143 173 178 179 184 189 209 214 220 225 250 255 256 261 266 297 302 -1
55 68 96 97 132 138 143 173 174 179 184 189 190 209 215 220 225 231 250 251 256 261 266 297 302 308 -1
55 69 97 132 138 143 174 179 184 190 209 215 220 225 226 231 251 256 261 267 297 302 303 308 -1
55 70 97 138 143 144 174 179 185 190 215 220 221 226 231 251 256 262 267 297 298 303 308 -1
55 71 97 138 139 144 174 180 185 190 215 216 221 226 231 232 251 257 262 267 273 298 303 308 309 -1
55 72 97 139 144 174 180 185 190 191 216 221 226 232 251 257 262 267 268 273 298 303 309 -1
55 73 139 144 180 185 186 191 216 221 227 232 257 262 263 268 273 298 304 309 -1
55 74 139 145 180 186 191 216 222 227 232 238 257 263 268 273 274 298 299 304 309 315 -1
55 75 139 145 181 186 191 216 222 227 233 238 258 263 268 274 299 304 309 310 315 -1
55 76 145 181 186 192 222 227 233 238 258 263 269 274 299 304 310 315 -1
55 77 145 181 187 192 222 228 233 238 239 258 263 269 274 280 299 305 310 315 -1
55 78 146 181 187 192 222 223 228 233 239 258 264 269 275 280 299 305 310 316 -1
55 79 146 187 192 223 228 234 239 258 264 269 275 280 300 305 311 316 -1
55 80 146 187 193 223 228 234 239 264 270 275 280 281 300 305 311 316 322 -1
55 81 146 187 188 193 223 229 234 240 264 270 275 281 300 306 311 316 322 -1
55 82 188 193 223 229 234 240 265 270 276 281 300 306 311 317 322 -1
55 83 188 193 229 235 240 265 270 276 281 287 306 311 317 322 -1
55 84 188 194 229 235 240 265 271 276 281 287 306 312 317 323 -1
55 85 188 194 230 235 265 271 276 282 287 312 317 323 -1
55 86 194 230 235 241 271 282 307 312 323 -1
55 87 230 241 307 -1
56 34 55 -1
56 35 25 36 55 66 77 102 107 113 154 -1
56 36 20 25 31 36 61 66 72 77 102 113 149 154 -1
56 37 20 25 31 36 42 61 67 72 102 108 113 119 149 154 -1
56 38 20 26 31 37 42 61 67 72 78 108 113 119 149 155 196 -1
56 39 20 26 31 37 42 62 67 72 78 103 108 114 119 149 155 196 -1
56 40 26 32 37 42 62 67 73 78 84 103 108 114 119 150 155 161 196 -1
56 41 26 32 37 43 62 67 68 73 78 84 103 109 114 120 150 155 161 196 -1
56 42 27 32 37 38 43 62 68 73 79 84 103 109 114 120 150 156 161 197 -1
56 43 27 32 38 43 68 73 79 84 104 109 115 120 126 150 156 161 197 -1
56 44 27 33 38 43 68 74 79 85 104 109 115 120 126 151 156 161 162 197 203 -1
56 45 27 33 38 44 68 69 74 79 85 104 110 115 121 126 151 156 162 197 203 -1
56 46 33 38 44 69 74 80 85 91 104 110 115 121 126 151 157 162 198 203 -1
56 47 33 39 44 69 74 75 80 85 91 110 116 121 126 127 151 157 162 168 198 203 245 -1
56 48 34 39 44 69 75 80 85 86 91 110 111 116 121 127 152 157 162 163 168 198 204 245 -1
56 49 34 39 45 75 80 86 91 111 116 122 127 152 157 163 168 198 199 204 245 -1
56 50 34 39 40 45 75 81 86 91 92 111 116 117 122 127 133 152 158 163 168 199 204 210 245 -1
56 51 34 40 45 76 81 86 92 111 117 122 127 128 133 152 153 158 163 169 199 204 210 246 -1
56 52 40 45 76 81 87 92 117 122 128 133 153 158 163 164 169 199 205 210 246 -1
56 53 40 46 76 81 82 87 92 117 123 128 133 153 158 159 164 169 175 200 205 210 246 252 -1
56 54 41 46 76 82 87 92 93 118 123 128 133 134 153 159 164 169 170 175 200 205 211 246 247 252 -1
56 55 41 46 82 87 93 118 123 128 129 134 159 164 170 175 200 205 206 211 247 252 -1
56 56 41 46 47 82 88 93 118 123 124 129 134 140 159 165 170 175 200 201 206 211 217 247 252 294 -1
56 57 41 47 83 88 93 118 124 129 134 135 140 160 165 170 175 176 201 206 211 212 217 247 253 294 -1
56 58 47 83 88 93 94 124 129 135 140 160 165 170 171 176 201 206 212 217 248 253 294 -1
56 59 47 83 88 89 94 124 130 135 140 160 165 166 171 176 182 201 202 207 212 217 248 253 259 294 -1
56 60 48 83 89 94 125 130 135 140 141 160 166 171 176 177 182 202 207 212 218 248 253 254 259 295 -1
56 61 48 89 94 125 130 136 141 166 171 172 177 182 202 207 213 218 248 249 254 259 295 -1
56 62 48 89 95 125 130 131 136 141 166 167 172 177 182 202 207 208 213 218 224 249 254 259 295 301 -1
56 63 48 90 95 125 131 136 141 142 167 172 177 183 202 208 213 218 219 224 249 254 260 295 296 301 -1
56 64 90 95 131 136 137 142 167 172 178 183 208 213 214 219 224 249 255 260 296 301 -1
56 65 90 95 96 131 137 142 167 172 173 178 183 189 208 209 214 219 224 249 250 255 260 266 296 301 -1
56 66 90 96 132 137 142 167 173 178 183 184 189 209 214 219 225 250 255 260 261 266 296 302 -1
56 67 96 132 137 143 173 178 179 184 189 209 214 220 225 250 255 261 266 297 302 -1
56 68 96 132 138 143 173 179 184 189 190 209 214 215 220 225 231 250 256 261 266 297 302 308 -1
56 69 97 132 138 143 174 179 184 190 209 215 220 225 226 231 250 251 256 261 267 297 302 303 308 -1
56 70 97 138 143 144 174 179 185 190 215 220 226 231 251 256 262 267 297 303 308 -1
56 71 97 138 144 174 179 180 185 190 215 221 226 231 232 251 256 257 262 267 273 298 303 308 -1
56 72 97 139 144 174 180 185 191 215 216 221 226 232 251 257 262 267 268 273 298 303 309 -1
56 73 139 144 180 185 191 216 221 227 232 238 251 257 262 268 273 298 304 309 -1
56 74 139 145 180 186 191 216 221 227 232 238 257 263 268 273 274 298 304 309 315 -1
56 75 139 145 180 181 186 191 216 222 227 233 238 257 263 268 274 299 304 309 315 -1
56 76 145 181 186 192 216 222 227 233 238 258 263 269 274 299 304 310 315 -1
56 77 145 181 186 192 222 228 233 239 258 263 269 274 280 299 304 305 310 315 -1
56 78 146 181 187 192 222 228 233 239 258 264 269 274 275 280 299 305 310 316 -1
56 79 146 181 187 192 223 228 234 239 258 264 269 275 280 300 305 310 316 -1
56 80 146 187 193 223 228 234 239 264 270 275 280 300 305 311 316 322 -1
56 81 146 187 193 223 229 234 264 270 275 281 300 305 311 316 322 -1
56 82 188 193 223 229 234 240 270 275 281 300 306 311 317 322 -1
56 83 188 193 229 240 265 270 276 281 306 311 317 322 -1
56 84 188 229 235 240 265 276 287 306 317 -1
56 85 287 -1
57 37 20 31 42 61 72 108 149 -1
57 38 20 26 31 42 67 72 78 108 119 149 155 196 -1
57 39 26 31 37 42 62 67 78 103 108 114 119 155 196 -1
57 40 26 32 37 43 62 67 73 78 84 103 114 119 150 155 161 196 -1
57 41 26 32 37 43 62 68 73 84 103 109 114 120 150 155 161 197 -1
57 42 27 32 38 43 62 68 73 79 84 104 109 114 120 150 156 161 197 -1
57 43 27 32 38 43 68 74 79 84 104 109 115 120 126 150 156 161 197 203 -1
57 44 27 33 38 44 68 74 79 85 104 109 115 120 126 151 156 162 197 203 -1
57 45 27 33 38 44 69 74 79 85 104 110 115 121 126 151 156 162 198 203 -1
57 46 33 39 44 69 74 80 85 91 110 115 121 126 151 157 162 168 198 203 -1
57 47 33 39 44 69 74 75 80 85 91 110 116 121 127 151 157 162 168 198 203 245 -1
57 48 34 39 44 45 69 75 80 86 91 110 111 116 121 127 152 157 163 168 198 204 245 -1
57 49 34 39 45 75 80 86 91 111 116 122 127 133 152 157 163 168 199 204 245 -1
57 50 34 40 45 75 81 86 92 111 116 122 127 133 152 158 163 168 169 199 204 210 245 -1
57 51 34 40 45 76 81 86 92 111 117 122 128 133 152 153 158 163 169 199 204 205 210 246 -1
57 52 40 45 46 76 81 87 92 117 122 128 133 153 158 164 169 199 205 210 246 -1
57 53 40 46 76 81 82 87 92 117 123 128 133 134 153 158 164 169 175 200 205 210 246 252 -1
57 54 41 46 76 82 87 93 117 118 123 128 134 153 159 164 169 170 175 200 205 211 246 252 -1
57 55 41 46 82 87 93 118 123 129 134 159 164 170 175 200 206 211 247 252 -1
57 56 41 47 82 88 93 118 123 124 129 134 140 159 165 170 175 176 200 201 206 211 217 247 252 294 -1
57 57 41 47 83 88 93 118 124 129 134 135 140 159 160 165 170 176 201 206 211 212 217 247 253 294 -1
57 58 47 83 88 94 124 129 135 140 160 165 171 176 201 206 212 217 247 248 253 294 -1
57 59 47 83 88 89 94 124 130 135 140 141 160 165 166 171 176 182 201 207 212 217 248 253 259 294 -1
57 60 48 83 89 94 125 130 135 141 160 166 171 176 177 182 201 202 207 212 218 248 253 254 259 295 -1
57 61 48 89 94 95 125 130 136 141 166 171 177 182 202 207 213 218 248 254 259 295 -1
57 62 48 89 95 125 130 131 136 141 166 172 177 182 183 202 207 208 213 218 224 249 254 259 295 301 -1
57 63 48 90 95 125 131 136 141 142 166 167 172 177 183 202 208 213 218 219 224 249 254 260 295 301 -1
57 64 90 95 131 136 142 167 172 178 183 208 213 219 224 249 255 260 296 301 -1
57 65 90 96 131 137 142 167 172 173 178 183 189 208 214 219 224 225 249 255 260 266 296 301 -1
57 66 90 96 132 137 142 167 173 178 184 189 208 209 214 219 225 250 255 260 261 266 296 302 -1
57 67 96 132 137 143 173 178 184 189 209 214 220 225 250 255 261 266 296 297 302 -1
57 68 96 132 137 138 143 173 179 184 189 190 209 214 220 225 231 250 256 261 266 297 302 308 -1
57 69 97 132 138 143 173 174 179 184 190 209 215 220 226 231 250 256 261 267 297 302 308 -1
57 70 97 138 143 174 179 185 190 209 215 220 226 231 251 256 262 267 297 303 308 -1
57 71 97 138 144 174 179 185 190 215 221 226 231 232 251 256 262 267 273 297 298 303 308 -1
57 72 97 139 144 174 180 185 191 215 221 226 232 251 257 262 267 268 273 298 303 309 -1
57 73 139 144 174 180 185 191 216 221 227 232 251 257 262 268 273 298 303 309 -1
57 74 139 144 180 186 191 216 221 227 232 238 257 263 268 273 298 304 309 315 -1
57 75 139 145 180 186 191 216 222 227 233 238 257 263 268 274 298 304 309 315 -1
57 76 139 145 181 186 192 216 222 227 233 238 258 263 268 274 299 304 310 315 -1
57 77 145 181 186 192 222 228 233 238 258 263 269 274 280 299 304 310 315 -1
57 78 145 181 187 192 222 228 233 239 258 269 274 280 299 305 310 316 -1
57 79 146 181 187 192 223 228 239 258 264 269 275 280 299 305 310 316 -1
57 80 146 187 223 228 234 239 264 275 280 300 305 311 316 -1
57 81 146 187 193 223 234 264 270 275 300 311 316 322 -1
57 82 193 234 270 281 300 311 322 -1
58 39 26 155 -1
58 40 26 37 62 73 84 103 114 150 155 -1
58 41 32 43 62 68 73 84 109 114 120 150 161 -1
58 42 27 32 38 43 68 73 79 84 104 109 120 150 156 161 197 -1
58 43 27 32 38 43 68 74 79 104 109 115 120 126 156 161 197 203 -1
58 44 27 33 38 44 68 74 79 85 104 110 115 120 126 151 156 162 197 203 -1
58 45 27 33 38 44 69 74 80 85 104 110 115 121 126 151 156 162 198 203 -1
58 46 33 39 44 69 74 80 85 91 110 115 121 126 151 157 162 168 198 203 -1
58 47 33 39 44 69 75 80 85 91 110 116 121 127 151 157 162 168 198 204 245 -1
58 48 34 39 45 69 75 80 86 91 111 116 121 127 152 157 163 168 198 204 245 -1
58 49 34 39 45 75 81 86 91 111 116 122 127 133 152 157 163 168 199 204 245 -1
58 50 34 40 45 75 81 86 92 111 116 122 127 133 152 158 163 169 199 204 210 245 -1
58 51 34 40 45 76 81 86 92 111 117 122 128 133 152 158 163 169 199 205 210 246 -1
58 52 40 46 76 81 87 92 117 122 128 133 153 158 164 169 175 199 205 210 246 -1
58 53 40 46 76 82 87 92 117 123 128 134 153 158 164 169 175 200 205 210 211 246 252 -1
58 54 41 46 76 82 87 93 117 118 123 128 134 153 159 164 170 175 200 205 211 246 252 -1
58 55 41 46 82 87 88 93 118 123 129 134 140 153 159 164 170 175 200 206 211 247 252 -1
58 56 41 47 82 88 93 118 123 124 129 134 140 159 165 170 175 176 200 206 211 217 247 252 294 -1
58 57 41 47 83 88 93 118 124 129 135 140 159 160 165 170 176 201 206 211 212 217 247 253 294 -1
58 58 47 83 88 94 124 129 135 140 160 165 171 176 182 201 206 212 217 247 248 253 294 -1
58 59 47 83 89 94 124 130 135 141 160 165 171 176 182 201 207 212 217 218 248 253 259 294 -1
58 60 48 83 89 94 124 125 130 135 141 160 166 171 177 182 201 207 212 218 248 253 259 295 -1
58 61 48 89 94 95 125 130 136 141 160 166 171 177 182 202 207 213 218 248 254 259 295 -1
58 62 48 89 95 125 130 131 136 141 166 172 177 182 183 202 207 213 218 224 249 254 259 295 301 -1
58 63 48 90 95 125 131 136 142 166 167 172 177 183 202 208 213 218 219 224 249 254 260 295 301 -1
58 64 90 95 131 136 142 167 172 178 183 189 202 208 213 219 224 249 254 255 260 296 301 -1
58 65 90 96 131 137 142 167 172 178 183 189 208 214 219 224 225 249 255 260 266 296 301 -1
58 66 90 96 131 132 137 142 167 173 178 184 189 208 214 219 225 250 255 260 266 296 302 -1
58 67 96 132 137 143 167 173 178 184 189 209 214 220 225 250 255 261 266 296 302 -1
58 68 96 132 137 143 173 179 184 190 209 214 220 225 231 250 256 261 266 297 302 308 -1
58 69 97 132 138 143 173 179 184 190 209 215 220 226 231 250 256 261 267 297 302 308 -1
58 70 97 138 143 174 179 185 190 209 215 220 226 231 251 256 261 267 297 303 308 -1
58 71 97 138 144 174 179 185 190 215 221 226 231 251 256 262 267 273 297 303 308 -1
58 72 97 138 144 174 180 185 191 215 221 226 232 251 257 262 267 273 298 303 309 -1
58 73 139 144 174 180 185 191 216 221 227 232 251 257 262 268 273 298 303 309 -1
58 74 139 144 180 186 191 216 221 227 232 238 257 262 268 273 298 304 309 315 -1
58 75 139 145 180 186 191 216 222 227 232 238 257 263 268 274 298 304 309 315 -1
58 76 139 145 181 186 216 222 227 233 238 263 268 274 299 304 310 315 -1
58 77 145 181 186 192 222 233 238 258 263 269 274 299 304 310 315 -1
58 78 181 192 222 228 233 258 269 274 280 299 310 -1
58 79 187 192 228 239 258 269 280 305 316 -1
58 80 187 316 -1
59 43 27 38 68 79 104 115 156 197 -1
59 44 27 33 38 74 85 104 115 126 151 156 162 203 -1
59 45 33 44 69 74 85 104 110 115 121 126 151 162 198 203 -1
59 46 33 39 44 69 74 80 85 91 110 121 151 157 162 168 198 203 -1
59 47 33 39 44 69 75 80 91 110 116 121 127 157 162 168 198 204 245 -1
59 48 34 39 45 69 75 80 86 91 111 116 127 152 157 163 168 198 204 245 -1
59 49 34 39 45 75 81 86 91 111 116 122 127 133 152 157 163 168 199 204 210 245 -1
59 50 34 40 45 75 81 86 92 111 117 122 127 133 152 158 163 169 199 204 210 245 -1
59 51 34 40 45 76 81 87 92 111 117 122 128 133 152 158 163 169 199 205 210 246 -1
59 52 40 46 76 81 87 92 117 122 128 133 153 158 164 169 175 199 205 210 246 -1
59 53 40 46 76 82 87 92 117 123 128 134 153 158 164 169 175 200 205 211 246 252 -1
59 54 41 46 76 82 87 93 118 123 128 134 153 159 164 170 175 200 205 211 246 252 -1
59 55 41 46 82 88 93 118 123 129 134 140 153 159 164 170 175 200 206 211 247 252 -1
59 56 41 47 82 88 93 118 123 129 134 140 159 165 170 176 200 206 211 217 247 252 294 -1
59 57 41 47 83 88 93 118 124 129 135 140 159 165 170 176 201 206 212 217 247 253 294 -1
59 58 47 83 88 94 124 129 135 140 160 165 171 176 182 201 206 212 217 247 248 253 294 -1
59 59 47 83 89 94 124 130 135 141 160 165 171 176 182 201 207 212 217 218 248 253 259 294 -1
59 60 48 83 89 94 124 125 130 135 141 160 166 171 177 182 201 207 212 218 248 253 259 295 -1
59 61 48 89 94 95 125 130 136 141 160 166 171 177 182 202 207 213 218 248 254 259 295 -1
59 62 48 89 95 125 130 136 141 166 172 177 183 202 207 213 218 224 249 254 259 295 301 -1
59 63 48 90 95 125 131 136 142 166 172 177 183 202 208 213 219 224 249 254 260 295 301 -1
59 64 90 95 131 136 142 167 172 178 183 189 202 208 213 219 224 249 254 260 296 301 -1
59 65 90 96 131 137 142 167 172 178 183 189 208 214 219 224 249 255 260 266 296 301 -1
59 66 90 96 131 137 142 167 173 178 184 189 208 214 219 225 250 255 260 266 296 302 -1
59 67 96 132 137 143 167 173 178 184 189 209 214 220 225 250 255 261 266 296 302 -1
59 68 96 132 137 143 173 179 184 190 209 214 220 225 231 250 255 261 266 297 302 308 -1
59 69 97 132 138 143 173 179 184 190 209 215 220 225 231 250 256 261 267 297 302 308 -1
59 70 97 132 138 143 174 179 185 190 209 215 220 226 231 251 256 261 267 297 303 308 -1
59 71 97 138 144 174 179 185 190 215 226 231 251 256 262 267 273 297 303 308 -1
59 72 97 138 144 174 180 185 215 221 226 232 251 262 267 273 298 303 309 -1
59 73 139 144 174 180 185 191 221 232 251 257 262 268 273 298 303 309 -1
59 74 139 144 180 191 216 221 227 232 238 257 268 273 298 309 -1
59 75 139 180 186 191 216 227 238 257 268 304 309 315 -1
59 76 145 186 227 238 263 274 304 315 -1
60 46 69 -1
60 47 39 69 80 91 116 157 168 198 245 -1
60 48 34 39 75 86 91 116 127 152 157 163 168 204 245 -1
60 49 34 45 75 86 111 116 122 127 133 152 163 199 204 245 -1
60 50 34 40 45 75 81 86 92 111 122 133 152 158 163 169 199 204 210 -1
60 51 40 45 76 81 92 111 117 122 128 133 158 169 199 205 210 246 -1
60 52 40 46 76 81 87 92 117 128 133 153 158 164 169 175 199 205 210 246 -1
60 53 40 46 76 82 87 117 123 128 134 153 164 169 175 200 205 211 246 252 -1
60 54 41 46 76 82 87 93 118 123 128 134 153 159 164 170 175 200 205 211 252 -1
60 55 41 46 82 88 93 118 123 129 134 140 159 164 170 175 200 206 211 247 252 -1
60 56 41 47 82 88 93 118 129 134 140 159 165 170 176 200 206 211 217 247 252 294 -1
60 57 41 47 83 88 118 124 129 135 140 159 165 170 176 201 206 212 217 247 253 294 -1
60 58 47 83 88 94 124 129 135 140 160 165 171 176 182 201 206 212 217 253 294 -1
60 59 47 83 89 94 124 130 135 141 160 165 171 176 182 201 207 212 248 253 259 294 -1
60 60 48 83 89 94 130 135 141 160 166 171 177 182 201 207 212 218 248 253 259 295 -1
60 61 48 89 125 130 136 141 160 166 171 177 182 202 207 213 218 248 254 259 295 -1
60 62 48 89 95 125 130 136 141 166 172 177 183 202 207 213 218 224 254 259 295 301 -1
60 63 48 90 95 125 131 136 142 166 172 177 183 202 208 213 224 249 254 260 295 301 -1
60 64 90 95 131 136 142 167 172 178 183 202 208 213 219 224 249 254 260 296 301 -1
60 65 90 131 137 142 167 172 178 183 189 208 214 219 224 249 255 260 266 296 301 -1
60 66 90 96 131 137 142 167 173 178 189 208 214 219 225 255 260 266 296 302 -1
60 67 96 132 137 143 167 173 178 184 189 209 214 225 250 255 261 266 296 302 -1
60 68 96 132 137 143 173 184 209 214 220 225 231 250 261 266 297 302 -1
60 69 132 138 143 173 179 184 190 209 220 231 250 256 261 267 297 302 308 -1
60 70 97 138 143 179 190 209 215 220 226 231 256 267 297 308 -1
60 71 97 138 174 179 185 190 215 226 251 256 267 303 308 -1
60 72 97 144 174 185 226 251 262 273 303 -1
60 73 273 -1
61 52 76 117 128 246 -1
61 53 46 76 87 153 164 175 205 -1
61 54 46 82 93 123 134 164 175 200 211 252 -1
61 55 41 82 93 118 123 129 134 159 170 200 211 247 252 -1
61 56 41 88 93 118 129 140 159 170 206 217 247 -1
61 57 47 88 118 124 129 140 165 176 206 217 247 253 294 -1
61 58 47 83 88 94 124 135 160 165 176 201 212 217 253 294 -1
61 59 83 94 124 130 135 160 171 182 201 212 248 253 259 -1
61 60 83 89 94 130 141 160 171 182 207 212 218 248 259 -1
61 61 48 89 125 130 141 166 177 182 207 218 248 254 259 295 -1
61 62 48 89 95 125 136 166 177 202 213 218 224 254 295 -1
61 63 95 125 136 172 183 202 213 224 249 254 301 -1
61 64 90 95 131 142 172 183 208 213 219 224 249 260 301 -1
61 65 90 131 142 167 178 208 219 249 260 296 -1
61 66 137 167 178 189 255 266 296 -1
61 67 96 214 225 266 -1
